new_path,old_name,importance,confidence,year,org,module,summary,scored
docs/library/04_市场与研究/中文行业报告集/202L 数据中心新/2019.7 中国移动南方基地二期工程二阶段项目/造价类资料（全程免费，得来不易需要完成一些小任务）1/1工程量清单-中国移动南方基地二期工程二阶段项目施工总承包(0)/白蚁防治工程/白蚁防治工程/4A_2019_南方基地二期二阶段造价白蚁防治工程_中国移动广东公司.xlsx,白蚁防治工程.xlsx,4,A,2019,中国移动广东公司,M10/M14,【敏感待判·业主商业信息】**南方基地二期二阶段**项目造价文件（工程量清单侧），工程名称「白蚁防治工程」。**本件是发给投标人填报的空白招标工程量清单：综合单价与合价列全部为空，因此不含任何金额**；但**工程量列是真实的**，逐条载明清单项编码、项目名称、项目特征描述、计量单位与工程量。**工程量最大的若干清单项（原文）**：白蚁防治工程（清单编码 01B001）1.00 项。这些工程量本身即材料强度数据，可与同项目建筑面积配合，推出每平米的混凝土方量、砌体方量、钢结构吨位等物耗指标（M10）。归属项目：2019.7 中国移动南方基地二期工程二阶段项目。口径提醒：**招标阶段文件，非中标价与结算价；工程量为招标人给定的暂定量，结算按实际计量调整**。同项目控制价侧文件含相同工程量且附带金额，引用金额一律以控制价侧为准（见 batch_28/29）。,2026-08-16
docs/library/04_市场与研究/中文行业报告集/202L 数据中心新/2019.7 中国移动南方基地二期工程二阶段项目/造价类资料（全程免费，得来不易需要完成一些小任务）1/1工程量清单-中国移动南方基地二期工程二阶段项目施工总承包(0)/园林工程暂估价/园林工程暂估价/3A_2019_南方基地二期二阶段造价园林工程暂估价_中国移动广东公司.xlsx,园林工程暂估价.xlsx,3,A,2019,中国移动广东公司,M10/M14,【敏感待判·业主商业信息】**南方基地二期二阶段**项目造价文件（工程量清单侧），工程名称「园林工程暂估价」。**本件是发给投标人填报的空白招标工程量清单：综合单价与合价列全部为空，因此不含任何金额**；但**工程量列是真实的**，逐条载明清单项编码、项目名称、项目特征描述、计量单位与工程量。本件未解析出分部分项清单条目（可能为封面、说明、汇总或非清单类文件），不含可落库的工程量。归属项目：2019.7 中国移动南方基地二期工程二阶段项目。口径提醒：**招标阶段文件，非中标价与结算价；工程量为招标人给定的暂定量，结算按实际计量调整**。同项目控制价侧文件含相同工程量且附带金额，引用金额一律以控制价侧为准（见 batch_28/29）。,2026-08-16
docs/library/04_市场与研究/中文行业报告集/202L 数据中心新/2019.7 中国移动南方基地二期工程二阶段项目/造价类资料（全程免费，得来不易需要完成一些小任务）1/1工程量清单-中国移动南方基地二期工程二阶段项目施工总承包(0)/电梯工程/[20.4栋]电梯工程/4A_2019_南方基地二期二阶段造价204栋电梯工程_中国移动广东公司.xlsx,[20.4栋]电梯工程.xlsx,4,A,2019,中国移动广东公司,M10/M14,【敏感待判·业主商业信息】**南方基地二期二阶段**项目造价文件（工程量清单侧），工程名称「[20.4栋]电梯工程」。**本件是发给投标人填报的空白招标工程量清单：综合单价与合价列全部为空，因此不含任何金额**；但**工程量列是真实的**，逐条载明清单项编码、项目名称、项目特征描述、计量单位与工程量。**工程量最大的若干清单项（原文）**：高层施工增加（清单编码 031302007001）1.00 项；脚手架搭拆费（清单编码 031301017001）1.00 项。这些工程量本身即材料强度数据，可与同项目建筑面积配合，推出每平米的混凝土方量、砌体方量、钢结构吨位等物耗指标（M10）。归属项目：2019.7 中国移动南方基地二期工程二阶段项目。口径提醒：**招标阶段文件，非中标价与结算价；工程量为招标人给定的暂定量，结算按实际计量调整**。同项目控制价侧文件含相同工程量且附带金额，引用金额一律以控制价侧为准（见 batch_28/29）。,2026-08-16
docs/library/04_市场与研究/中文行业报告集/202L 数据中心新/2019.7 中国移动南方基地二期工程二阶段项目/造价类资料（全程免费，得来不易需要完成一些小任务）1/1工程量清单-中国移动南方基地二期工程二阶段项目施工总承包(0)/电梯工程/[20.2栋]电梯工程/4A_2019_南方基地二期二阶段造价202栋电梯工程_中国移动广东公司.xlsx,[20.2栋]电梯工程.xlsx,4,A,2019,中国移动广东公司,M10/M14,【敏感待判·业主商业信息】**南方基地二期二阶段**项目造价文件（工程量清单侧），工程名称「[20.2栋]电梯工程」。**本件是发给投标人填报的空白招标工程量清单：综合单价与合价列全部为空，因此不含任何金额**；但**工程量列是真实的**，逐条载明清单项编码、项目名称、项目特征描述、计量单位与工程量。**工程量最大的若干清单项（原文）**：高层施工增加（清单编码 031302007001）1.00 项；脚手架搭拆费（清单编码 031301017001）1.00 项。这些工程量本身即材料强度数据，可与同项目建筑面积配合，推出每平米的混凝土方量、砌体方量、钢结构吨位等物耗指标（M10）。归属项目：2019.7 中国移动南方基地二期工程二阶段项目。口径提醒：**招标阶段文件，非中标价与结算价；工程量为招标人给定的暂定量，结算按实际计量调整**。同项目控制价侧文件含相同工程量且附带金额，引用金额一律以控制价侧为准（见 batch_28/29）。,2026-08-16
docs/library/04_市场与研究/中文行业报告集/202L 数据中心新/2019.7 中国移动南方基地二期工程二阶段项目/造价类资料（全程免费，得来不易需要完成一些小任务）1/1工程量清单-中国移动南方基地二期工程二阶段项目施工总承包(0)/电梯工程/[20.1栋]电梯工程/4A_2019_南方基地二期二阶段造价201栋电梯工程_中国移动广东公司.xlsx,[20.1栋]电梯工程.xlsx,4,A,2019,中国移动广东公司,M10/M14,【敏感待判·业主商业信息】**南方基地二期二阶段**项目造价文件（工程量清单侧），工程名称「[20.1栋]电梯工程」。**本件是发给投标人填报的空白招标工程量清单：综合单价与合价列全部为空，因此不含任何金额**；但**工程量列是真实的**，逐条载明清单项编码、项目名称、项目特征描述、计量单位与工程量。**工程量最大的若干清单项（原文）**：高层施工增加（清单编码 031302007001）1.00 项；脚手架搭拆费（清单编码 031301017001）1.00 项。这些工程量本身即材料强度数据，可与同项目建筑面积配合，推出每平米的混凝土方量、砌体方量、钢结构吨位等物耗指标（M10）。归属项目：2019.7 中国移动南方基地二期工程二阶段项目。口径提醒：**招标阶段文件，非中标价与结算价；工程量为招标人给定的暂定量，结算按实际计量调整**。同项目控制价侧文件含相同工程量且附带金额，引用金额一律以控制价侧为准（见 batch_28/29）。,2026-08-16
docs/library/04_市场与研究/中文行业报告集/202L 数据中心新/2019.7 中国移动南方基地二期工程二阶段项目/造价类资料（全程免费，得来不易需要完成一些小任务）1/1工程量清单-中国移动南方基地二期工程二阶段项目施工总承包(0)/通风空调工程/[20.4栋]通风空调工程/4A_2019_南方基地二期二阶段造价204栋通风空调工程_中国移动广东公司.xlsx,[20.4栋]通风空调工程.xlsx,4,A,2019,中国移动广东公司,M10/M14,【敏感待判·业主商业信息】**南方基地二期二阶段**项目造价文件（工程量清单侧），工程名称「[20.4栋]通风空调工程」。**本件是发给投标人填报的空白招标工程量清单：综合单价与合价列全部为空，因此不含任何金额**；但**工程量列是真实的**，逐条载明清单项编码、项目名称、项目特征描述、计量单位与工程量。**工程量最大的若干清单项（原文）**：高层施工增加（清单编码 031302007001）1.00 项；脚手架搭拆费（清单编码 031301017001）1.00 项。这些工程量本身即材料强度数据，可与同项目建筑面积配合，推出每平米的混凝土方量、砌体方量、钢结构吨位等物耗指标（M10）。归属项目：2019.7 中国移动南方基地二期工程二阶段项目。口径提醒：**招标阶段文件，非中标价与结算价；工程量为招标人给定的暂定量，结算按实际计量调整**。同项目控制价侧文件含相同工程量且附带金额，引用金额一律以控制价侧为准（见 batch_28/29）。,2026-08-16
docs/library/04_市场与研究/中文行业报告集/202L 数据中心新/2019.7 中国移动南方基地二期工程二阶段项目/造价类资料（全程免费，得来不易需要完成一些小任务）1/1工程量清单-中国移动南方基地二期工程二阶段项目施工总承包(0)/通风空调工程/[20.2栋]通风空调工程/4A_2019_南方基地二期二阶段造价202栋通风空调工程_中国移动广东公司.xlsx,[20.2栋]通风空调工程.xlsx,4,A,2019,中国移动广东公司,M10/M14,【敏感待判·业主商业信息】**南方基地二期二阶段**项目造价文件（工程量清单侧），工程名称「[20.2栋]通风空调工程」。**本件是发给投标人填报的空白招标工程量清单：综合单价与合价列全部为空，因此不含任何金额**；但**工程量列是真实的**，逐条载明清单项编码、项目名称、项目特征描述、计量单位与工程量。**工程量最大的若干清单项（原文）**：高层施工增加（清单编码 031302007001）1.00 项；脚手架搭拆费（清单编码 031301017001）1.00 项。这些工程量本身即材料强度数据，可与同项目建筑面积配合，推出每平米的混凝土方量、砌体方量、钢结构吨位等物耗指标（M10）。归属项目：2019.7 中国移动南方基地二期工程二阶段项目。口径提醒：**招标阶段文件，非中标价与结算价；工程量为招标人给定的暂定量，结算按实际计量调整**。同项目控制价侧文件含相同工程量且附带金额，引用金额一律以控制价侧为准（见 batch_28/29）。,2026-08-16
docs/library/04_市场与研究/中文行业报告集/202L 数据中心新/2019.7 中国移动南方基地二期工程二阶段项目/造价类资料（全程免费，得来不易需要完成一些小任务）1/1工程量清单-中国移动南方基地二期工程二阶段项目施工总承包(0)/通风空调工程/[20.1栋]通风空调工程/4A_2019_南方基地二期二阶段造价201栋通风空调工程_中国移动广东公司.xlsx,[20.1栋]通风空调工程.xlsx,4,A,2019,中国移动广东公司,M10/M14,【敏感待判·业主商业信息】**南方基地二期二阶段**项目造价文件（工程量清单侧），工程名称「[20.1栋]通风空调工程」。**本件是发给投标人填报的空白招标工程量清单：综合单价与合价列全部为空，因此不含任何金额**；但**工程量列是真实的**，逐条载明清单项编码、项目名称、项目特征描述、计量单位与工程量。**工程量最大的若干清单项（原文）**：高层施工增加（清单编码 031302007001）1.00 项；脚手架搭拆费（清单编码 031301017001）1.00 项。这些工程量本身即材料强度数据，可与同项目建筑面积配合，推出每平米的混凝土方量、砌体方量、钢结构吨位等物耗指标（M10）。归属项目：2019.7 中国移动南方基地二期工程二阶段项目。口径提醒：**招标阶段文件，非中标价与结算价；工程量为招标人给定的暂定量，结算按实际计量调整**。同项目控制价侧文件含相同工程量且附带金额，引用金额一律以控制价侧为准（见 batch_28/29）。,2026-08-16
docs/library/04_市场与研究/中文行业报告集/202L 数据中心新/2019.7 中国移动南方基地二期工程二阶段项目/造价类资料（全程免费，得来不易需要完成一些小任务）1/1工程量清单-中国移动南方基地二期工程二阶段项目施工总承包(0)/通风空调工程/[地下室]通风空调工程/4A_2019_南方基地二期二阶段造价地下室通风空调工程_中国移动广东公司.xlsx,[地下室]通风空调工程.xlsx,4,A,2019,中国移动广东公司,M10/M14,【敏感待判·业主商业信息】**南方基地二期二阶段**项目造价文件（工程量清单侧），工程名称「[地下室]通风空调工程」。**本件是发给投标人填报的空白招标工程量清单：综合单价与合价列全部为空，因此不含任何金额**；但**工程量列是真实的**，逐条载明清单项编码、项目名称、项目特征描述、计量单位与工程量。**工程量最大的若干清单项（原文）**：高层施工增加（清单编码 031302007001）1.00 项；脚手架搭拆费（清单编码 031301017001）1.00 项。这些工程量本身即材料强度数据，可与同项目建筑面积配合，推出每平米的混凝土方量、砌体方量、钢结构吨位等物耗指标（M10）。归属项目：2019.7 中国移动南方基地二期工程二阶段项目。口径提醒：**招标阶段文件，非中标价与结算价；工程量为招标人给定的暂定量，结算按实际计量调整**。同项目控制价侧文件含相同工程量且附带金额，引用金额一律以控制价侧为准（见 batch_28/29）。,2026-08-16
docs/library/04_市场与研究/中文行业报告集/202L 数据中心新/2019.7 中国移动南方基地二期工程二阶段项目/造价类资料（全程免费，得来不易需要完成一些小任务）1/1工程量清单-中国移动南方基地二期工程二阶段项目施工总承包(0)/智能化工程暂估价/智能化工程暂估价/3A_2019_南方基地二期二阶段造价智能化工程暂估价_中国移动广东公司.xlsx,智能化工程暂估价.xlsx,3,A,2019,中国移动广东公司,M10/M14,【敏感待判·业主商业信息】**南方基地二期二阶段**项目造价文件（工程量清单侧），工程名称「智能化工程暂估价」。**本件是发给投标人填报的空白招标工程量清单：综合单价与合价列全部为空，因此不含任何金额**；但**工程量列是真实的**，逐条载明清单项编码、项目名称、项目特征描述、计量单位与工程量。本件未解析出分部分项清单条目（可能为封面、说明、汇总或非清单类文件），不含可落库的工程量。归属项目：2019.7 中国移动南方基地二期工程二阶段项目。口径提醒：**招标阶段文件，非中标价与结算价；工程量为招标人给定的暂定量，结算按实际计量调整**。同项目控制价侧文件含相同工程量且附带金额，引用金额一律以控制价侧为准（见 batch_28/29）。,2026-08-16
docs/library/04_市场与研究/中文行业报告集/202L 数据中心新/2019.7 中国移动南方基地二期工程二阶段项目/造价类资料（全程免费，得来不易需要完成一些小任务）1/1工程量清单-中国移动南方基地二期工程二阶段项目施工总承包(0)/凌塘村排水工程及相关拆除补偿/靠凌塘村侧排水管埋设涉及到的现状拆除及补偿项目/4A_2019_南方基地二期二阶段造价靠凌塘村侧排水管埋设涉及到的_中国移动广东公司.xlsx,靠凌塘村侧排水管埋设涉及到的现状拆除及补偿项目.xlsx,4,A,2019,中国移动广东公司,M10/M14,【敏感待判·业主商业信息】**南方基地二期二阶段**项目造价文件（工程量清单侧），工程名称「靠凌塘村侧排水管埋设涉及到的现状拆除及补偿项目」。**本件是发给投标人填报的空白招标工程量清单：综合单价与合价列全部为空，因此不含任何金额**；但**工程量列是真实的**，逐条载明清单项编码、项目名称、项目特征描述、计量单位与工程量。**工程量最大的若干清单项（原文）**：砍挖芦苇（清单编码 050101005001）600.00 m2；恢复路面（清单编码 040203007001）400.00 m2；配管恢复（清单编码 030411001001）200.00 m；电力电缆恢复（清单编码 030408001001）200.00 m；现状大块石破碎（清单编码 010102001001）100.00 m3；迁移现状路灯（清单编码 030412007001）20.00 套。这些工程量本身即材料强度数据，可与同项目建筑面积配合，推出每平米的混凝土方量、砌体方量、钢结构吨位等物耗指标（M10）。归属项目：2019.7 中国移动南方基地二期工程二阶段项目。口径提醒：**招标阶段文件，非中标价与结算价；工程量为招标人给定的暂定量，结算按实际计量调整**。同项目控制价侧文件含相同工程量且附带金额，引用金额一律以控制价侧为准（见 batch_28/29）。,2026-08-16
docs/library/04_市场与研究/中文行业报告集/202L 数据中心新/2019.7 中国移动南方基地二期工程二阶段项目/造价类资料（全程免费，得来不易需要完成一些小任务）1/1工程量清单-中国移动南方基地二期工程二阶段项目施工总承包(0)/凌塘村排水工程及相关拆除补偿/凌塘村排水工程/4A_2019_南方基地二期二阶段造价凌塘村排水工程_中国移动广东公司.xlsx,凌塘村排水工程.xlsx,4,A,2019,中国移动广东公司,M10/M14,【敏感待判·业主商业信息】**南方基地二期二阶段**项目造价文件（工程量清单侧），工程名称「凌塘村排水工程」。**本件是发给投标人填报的空白招标工程量清单：综合单价与合价列全部为空，因此不含任何金额**；但**工程量列是真实的**，逐条载明清单项编码、项目名称、项目特征描述、计量单位与工程量。**工程量最大的若干清单项（原文）**：高层施工增加（清单编码 031302007001）1.00 项；脚手架搭拆费（清单编码 031301017001）1.00 项。这些工程量本身即材料强度数据，可与同项目建筑面积配合，推出每平米的混凝土方量、砌体方量、钢结构吨位等物耗指标（M10）。归属项目：2019.7 中国移动南方基地二期工程二阶段项目。口径提醒：**招标阶段文件，非中标价与结算价；工程量为招标人给定的暂定量，结算按实际计量调整**。同项目控制价侧文件含相同工程量且附带金额，引用金额一律以控制价侧为准（见 batch_28/29）。,2026-08-16
docs/library/04_市场与研究/中文行业报告集/202L 数据中心新/2019.7 中国移动南方基地二期工程二阶段项目/造价类资料（全程免费，得来不易需要完成一些小任务）1/1工程量清单-中国移动南方基地二期工程二阶段项目施工总承包(0)/电气工程/[地下室]电气工程/4A_2019_南方基地二期二阶段造价地下室电气工程_中国移动广东公司.xlsx,[地下室]电气工程.xlsx,4,A,2019,中国移动广东公司,M10/M14,【敏感待判·业主商业信息】**南方基地二期二阶段**项目造价文件（工程量清单侧），工程名称「[地下室]电气工程」。**本件是发给投标人填报的空白招标工程量清单：综合单价与合价列全部为空，因此不含任何金额**；但**工程量列是真实的**，逐条载明清单项编码、项目名称、项目特征描述、计量单位与工程量。**工程量最大的若干清单项（原文）**：高层施工增加（清单编码 031302007001）1.00 项；脚手架搭拆费（清单编码 031301017001）1.00 项。这些工程量本身即材料强度数据，可与同项目建筑面积配合，推出每平米的混凝土方量、砌体方量、钢结构吨位等物耗指标（M10）。归属项目：2019.7 中国移动南方基地二期工程二阶段项目。口径提醒：**招标阶段文件，非中标价与结算价；工程量为招标人给定的暂定量，结算按实际计量调整**。同项目控制价侧文件含相同工程量且附带金额，引用金额一律以控制价侧为准（见 batch_28/29）。,2026-08-16
docs/library/04_市场与研究/中文行业报告集/202L 数据中心新/2019.7 中国移动南方基地二期工程二阶段项目/造价类资料（全程免费，得来不易需要完成一些小任务）1/1工程量清单-中国移动南方基地二期工程二阶段项目施工总承包(0)/电气工程/[20.1栋]电气工程/4A_2019_南方基地二期二阶段造价201栋电气工程_中国移动广东公司.xlsx,[20.1栋]电气工程.xlsx,4,A,2019,中国移动广东公司,M10/M14,【敏感待判·业主商业信息】**南方基地二期二阶段**项目造价文件（工程量清单侧），工程名称「[20.1栋]电气工程」。**本件是发给投标人填报的空白招标工程量清单：综合单价与合价列全部为空，因此不含任何金额**；但**工程量列是真实的**，逐条载明清单项编码、项目名称、项目特征描述、计量单位与工程量。**工程量最大的若干清单项（原文）**：高层施工增加（清单编码 031302007001）1.00 项；脚手架搭拆费（清单编码 031301017001）1.00 项。这些工程量本身即材料强度数据，可与同项目建筑面积配合，推出每平米的混凝土方量、砌体方量、钢结构吨位等物耗指标（M10）。归属项目：2019.7 中国移动南方基地二期工程二阶段项目。口径提醒：**招标阶段文件，非中标价与结算价；工程量为招标人给定的暂定量，结算按实际计量调整**。同项目控制价侧文件含相同工程量且附带金额，引用金额一律以控制价侧为准（见 batch_28/29）。,2026-08-16
docs/library/04_市场与研究/中文行业报告集/202L 数据中心新/2019.7 中国移动南方基地二期工程二阶段项目/造价类资料（全程免费，得来不易需要完成一些小任务）1/1工程量清单-中国移动南方基地二期工程二阶段项目施工总承包(0)/电气工程/室外电气工程/4A_2019_南方基地二期二阶段造价室外电气工程_中国移动广东公司.xlsx,室外电气工程.xlsx,4,A,2019,中国移动广东公司,M10/M14,【敏感待判·业主商业信息】**南方基地二期二阶段**项目造价文件（工程量清单侧），工程名称「室外电气工程」。**本件是发给投标人填报的空白招标工程量清单：综合单价与合价列全部为空，因此不含任何金额**；但**工程量列是真实的**，逐条载明清单项编码、项目名称、项目特征描述、计量单位与工程量。**工程量最大的若干清单项（原文）**：高层施工增加（清单编码 031302007001）1.00 项；脚手架搭拆费（清单编码 031301017001）1.00 项。这些工程量本身即材料强度数据，可与同项目建筑面积配合，推出每平米的混凝土方量、砌体方量、钢结构吨位等物耗指标（M10）。归属项目：2019.7 中国移动南方基地二期工程二阶段项目。口径提醒：**招标阶段文件，非中标价与结算价；工程量为招标人给定的暂定量，结算按实际计量调整**。同项目控制价侧文件含相同工程量且附带金额，引用金额一律以控制价侧为准（见 batch_28/29）。,2026-08-16
docs/library/04_市场与研究/中文行业报告集/202L 数据中心新/2019.7 中国移动南方基地二期工程二阶段项目/造价类资料（全程免费，得来不易需要完成一些小任务）1/1工程量清单-中国移动南方基地二期工程二阶段项目施工总承包(0)/电气工程/[20.2栋]电气工程/4A_2019_南方基地二期二阶段造价202栋电气工程_中国移动广东公司.xlsx,[20.2栋]电气工程.xlsx,4,A,2019,中国移动广东公司,M10/M14,【敏感待判·业主商业信息】**南方基地二期二阶段**项目造价文件（工程量清单侧），工程名称「[20.2栋]电气工程」。**本件是发给投标人填报的空白招标工程量清单：综合单价与合价列全部为空，因此不含任何金额**；但**工程量列是真实的**，逐条载明清单项编码、项目名称、项目特征描述、计量单位与工程量。**工程量最大的若干清单项（原文）**：高层施工增加（清单编码 031302007001）1.00 项；脚手架搭拆费（清单编码 031301017001）1.00 项。这些工程量本身即材料强度数据，可与同项目建筑面积配合，推出每平米的混凝土方量、砌体方量、钢结构吨位等物耗指标（M10）。归属项目：2019.7 中国移动南方基地二期工程二阶段项目。口径提醒：**招标阶段文件，非中标价与结算价；工程量为招标人给定的暂定量，结算按实际计量调整**。同项目控制价侧文件含相同工程量且附带金额，引用金额一律以控制价侧为准（见 batch_28/29）。,2026-08-16
docs/library/04_市场与研究/中文行业报告集/202L 数据中心新/2019.7 中国移动南方基地二期工程二阶段项目/造价类资料（全程免费，得来不易需要完成一些小任务）1/1工程量清单-中国移动南方基地二期工程二阶段项目施工总承包(0)/电气工程/[20.4栋]电气工程/4A_2019_南方基地二期二阶段造价204栋电气工程_中国移动广东公司.xlsx,[20.4栋]电气工程.xlsx,4,A,2019,中国移动广东公司,M10/M14,【敏感待判·业主商业信息】**南方基地二期二阶段**项目造价文件（工程量清单侧），工程名称「[20.4栋]电气工程」。**本件是发给投标人填报的空白招标工程量清单：综合单价与合价列全部为空，因此不含任何金额**；但**工程量列是真实的**，逐条载明清单项编码、项目名称、项目特征描述、计量单位与工程量。**工程量最大的若干清单项（原文）**：高层施工增加（清单编码 031302007001）1.00 项；脚手架搭拆费（清单编码 031301017001）1.00 项。这些工程量本身即材料强度数据，可与同项目建筑面积配合，推出每平米的混凝土方量、砌体方量、钢结构吨位等物耗指标（M10）。归属项目：2019.7 中国移动南方基地二期工程二阶段项目。口径提醒：**招标阶段文件，非中标价与结算价；工程量为招标人给定的暂定量，结算按实际计量调整**。同项目控制价侧文件含相同工程量且附带金额，引用金额一律以控制价侧为准（见 batch_28/29）。,2026-08-16
docs/library/04_市场与研究/中文行业报告集/202L 数据中心新/2019.7 中国移动南方基地二期工程二阶段项目/造价类资料（全程免费，得来不易需要完成一些小任务）1/1工程量清单-中国移动南方基地二期工程二阶段项目施工总承包(0)/电气工程/[地下室]集中控制型消防应急照明和疏散指示系统/4A_2019_南方基地二期二阶段造价地下室集中控制型消防应急照明_中国移动广东公司.xlsx,[地下室]集中控制型消防应急照明和疏散指示系统.xlsx,4,A,2019,中国移动广东公司,M10/M14,【敏感待判·业主商业信息】**南方基地二期二阶段**项目造价文件（工程量清单侧），工程名称「[地下室]集中控制型消防应急照明和疏散指示系统」。**本件是发给投标人填报的空白招标工程量清单：综合单价与合价列全部为空，因此不含任何金额**；但**工程量列是真实的**，逐条载明清单项编码、项目名称、项目特征描述、计量单位与工程量。**工程量最大的若干清单项（原文）**：高层施工增加（清单编码 031302007001）1.00 项；脚手架搭拆费（清单编码 031301017001）1.00 项。这些工程量本身即材料强度数据，可与同项目建筑面积配合，推出每平米的混凝土方量、砌体方量、钢结构吨位等物耗指标（M10）。归属项目：2019.7 中国移动南方基地二期工程二阶段项目。口径提醒：**招标阶段文件，非中标价与结算价；工程量为招标人给定的暂定量，结算按实际计量调整**。同项目控制价侧文件含相同工程量且附带金额，引用金额一律以控制价侧为准（见 batch_28/29）。,2026-08-16
docs/library/04_市场与研究/中文行业报告集/202L 数据中心新/2019.7 中国移动南方基地二期工程二阶段项目/造价类资料（全程免费，得来不易需要完成一些小任务）1/1工程量清单-中国移动南方基地二期工程二阶段项目施工总承包(0)/电气工程/[20.4栋]集中控制型消防应急照明和疏散指示系统/4A_2019_南方基地二期二阶段造价204栋集中控制型消防应急照_中国移动广东公司.xlsx,[20.4栋]集中控制型消防应急照明和疏散指示系统.xlsx,4,A,2019,中国移动广东公司,M10/M14,【敏感待判·业主商业信息】**南方基地二期二阶段**项目造价文件（工程量清单侧），工程名称「[20.4栋]集中控制型消防应急照明和疏散指示系统」。**本件是发给投标人填报的空白招标工程量清单：综合单价与合价列全部为空，因此不含任何金额**；但**工程量列是真实的**，逐条载明清单项编码、项目名称、项目特征描述、计量单位与工程量。**工程量最大的若干清单项（原文）**：高层施工增加（清单编码 031302007001）1.00 项；脚手架搭拆费（清单编码 031301017001）1.00 项。这些工程量本身即材料强度数据，可与同项目建筑面积配合，推出每平米的混凝土方量、砌体方量、钢结构吨位等物耗指标（M10）。归属项目：2019.7 中国移动南方基地二期工程二阶段项目。口径提醒：**招标阶段文件，非中标价与结算价；工程量为招标人给定的暂定量，结算按实际计量调整**。同项目控制价侧文件含相同工程量且附带金额，引用金额一律以控制价侧为准（见 batch_28/29）。,2026-08-16
docs/library/04_市场与研究/中文行业报告集/202L 数据中心新/2019.7 中国移动南方基地二期工程二阶段项目/造价类资料（全程免费，得来不易需要完成一些小任务）1/1工程量清单-中国移动南方基地二期工程二阶段项目施工总承包(0)/电气工程/[20.2栋]集中控制型消防应急照明和疏散指示系统/4A_2019_南方基地二期二阶段造价202栋集中控制型消防应急照_中国移动广东公司.xlsx,[20.2栋]集中控制型消防应急照明和疏散指示系统.xlsx,4,A,2019,中国移动广东公司,M10/M14,【敏感待判·业主商业信息】**南方基地二期二阶段**项目造价文件（工程量清单侧），工程名称「[20.2栋]集中控制型消防应急照明和疏散指示系统」。**本件是发给投标人填报的空白招标工程量清单：综合单价与合价列全部为空，因此不含任何金额**；但**工程量列是真实的**，逐条载明清单项编码、项目名称、项目特征描述、计量单位与工程量。**工程量最大的若干清单项（原文）**：高层施工增加（清单编码 031302007001）1.00 项；脚手架搭拆费（清单编码 031301017001）1.00 项。这些工程量本身即材料强度数据，可与同项目建筑面积配合，推出每平米的混凝土方量、砌体方量、钢结构吨位等物耗指标（M10）。归属项目：2019.7 中国移动南方基地二期工程二阶段项目。口径提醒：**招标阶段文件，非中标价与结算价；工程量为招标人给定的暂定量，结算按实际计量调整**。同项目控制价侧文件含相同工程量且附带金额，引用金额一律以控制价侧为准（见 batch_28/29）。,2026-08-16
docs/library/04_市场与研究/中文行业报告集/202L 数据中心新/2019.7 中国移动南方基地二期工程二阶段项目/造价类资料（全程免费，得来不易需要完成一些小任务）1/1工程量清单-中国移动南方基地二期工程二阶段项目施工总承包(0)/电气工程/[20.1栋]集中控制型消防应急照明和疏散指示系统/4A_2019_南方基地二期二阶段造价201栋集中控制型消防应急照_中国移动广东公司.xlsx,[20.1栋]集中控制型消防应急照明和疏散指示系统.xlsx,4,A,2019,中国移动广东公司,M10/M14,【敏感待判·业主商业信息】**南方基地二期二阶段**项目造价文件（工程量清单侧），工程名称「[20.1栋]集中控制型消防应急照明和疏散指示系统」。**本件是发给投标人填报的空白招标工程量清单：综合单价与合价列全部为空，因此不含任何金额**；但**工程量列是真实的**，逐条载明清单项编码、项目名称、项目特征描述、计量单位与工程量。**工程量最大的若干清单项（原文）**：高层施工增加（清单编码 031302007001）1.00 项；脚手架搭拆费（清单编码 031301017001）1.00 项。这些工程量本身即材料强度数据，可与同项目建筑面积配合，推出每平米的混凝土方量、砌体方量、钢结构吨位等物耗指标（M10）。归属项目：2019.7 中国移动南方基地二期工程二阶段项目。口径提醒：**招标阶段文件，非中标价与结算价；工程量为招标人给定的暂定量，结算按实际计量调整**。同项目控制价侧文件含相同工程量且附带金额，引用金额一律以控制价侧为准（见 batch_28/29）。,2026-08-16
docs/library/04_市场与研究/中文行业报告集/202L 数据中心新/2019.7 中国移动南方基地二期工程二阶段项目/造价类资料（全程免费，得来不易需要完成一些小任务）1/1工程量清单-中国移动南方基地二期工程二阶段项目施工总承包(0)/房屋鉴定/房屋鉴定/4A_2019_南方基地二期二阶段造价房屋鉴定_中国移动广东公司.xlsx,房屋鉴定.xlsx,4,A,2019,中国移动广东公司,M10/M14,"【敏感待判·业主商业信息】**南方基地二期二阶段**项目造价文件（工程量清单侧），工程名称「房屋鉴定」。**本件是发给投标人填报的空白招标工程量清单：综合单价与合价列全部为空，因此不含任何金额**；但**工程量列是真实的**，逐条载明清单项编码、项目名称、项目特征描述、计量单位与工程量。**工程量最大的若干清单项（原文）**：房屋鉴定（清单编码 01B001）25,000.00 m2。这些工程量本身即材料强度数据，可与同项目建筑面积配合，推出每平米的混凝土方量、砌体方量、钢结构吨位等物耗指标（M10）。归属项目：2019.7 中国移动南方基地二期工程二阶段项目。口径提醒：**招标阶段文件，非中标价与结算价；工程量为招标人给定的暂定量，结算按实际计量调整**。同项目控制价侧文件含相同工程量且附带金额，引用金额一律以控制价侧为准（见 batch_28/29）。",2026-08-16
docs/library/04_市场与研究/中文行业报告集/202L 数据中心新/2019.7 中国移动南方基地二期工程二阶段项目/造价类资料（全程免费，得来不易需要完成一些小任务）1/1工程量清单-中国移动南方基地二期工程二阶段项目施工总承包(0)/室外配套工程/门卫室安装工程/4A_2019_南方基地二期二阶段造价门卫室安装工程_中国移动广东公司.xlsx,门卫室安装工程.xlsx,4,A,2019,中国移动广东公司,M10/M14,【敏感待判·业主商业信息】**南方基地二期二阶段**项目造价文件（工程量清单侧），工程名称「门卫室安装工程」。**本件是发给投标人填报的空白招标工程量清单：综合单价与合价列全部为空，因此不含任何金额**；但**工程量列是真实的**，逐条载明清单项编码、项目名称、项目特征描述、计量单位与工程量。**工程量最大的若干清单项（原文）**：高层施工增加（清单编码 031302007001）1.00 项；脚手架搭拆费（清单编码 031301017001）1.00 项。这些工程量本身即材料强度数据，可与同项目建筑面积配合，推出每平米的混凝土方量、砌体方量、钢结构吨位等物耗指标（M10）。归属项目：2019.7 中国移动南方基地二期工程二阶段项目。口径提醒：**招标阶段文件，非中标价与结算价；工程量为招标人给定的暂定量，结算按实际计量调整**。同项目控制价侧文件含相同工程量且附带金额，引用金额一律以控制价侧为准（见 batch_28/29）。,2026-08-16
docs/library/04_市场与研究/中文行业报告集/202L 数据中心新/2019.7 中国移动南方基地二期工程二阶段项目/造价类资料（全程免费，得来不易需要完成一些小任务）1/1工程量清单-中国移动南方基地二期工程二阶段项目施工总承包(0)/室外配套工程/±0.00以上土建工程-室内装饰工程（门房A）/3A_2019_南方基地二期二阶段造价000以上土建工程室内装饰工_中国移动广东公司.xlsx,±0.00以上土建工程-室内装饰工程（门房A）.xlsx,3,A,2019,中国移动广东公司,M10/M14,【敏感待判·业主商业信息】**南方基地二期二阶段**项目造价文件（工程量清单侧），工程名称「±0.00以上土建工程-室内装饰工程（门房A）」。**本件是发给投标人填报的空白招标工程量清单：综合单价与合价列全部为空，因此不含任何金额**；但**工程量列是真实的**，逐条载明清单项编码、项目名称、项目特征描述、计量单位与工程量。本件未解析出分部分项清单条目（可能为封面、说明、汇总或非清单类文件），不含可落库的工程量。归属项目：2019.7 中国移动南方基地二期工程二阶段项目。口径提醒：**招标阶段文件，非中标价与结算价；工程量为招标人给定的暂定量，结算按实际计量调整**。同项目控制价侧文件含相同工程量且附带金额，引用金额一律以控制价侧为准（见 batch_28/29）。,2026-08-16
docs/library/04_市场与研究/中文行业报告集/202L 数据中心新/2019.7 中国移动南方基地二期工程二阶段项目/造价类资料（全程免费，得来不易需要完成一些小任务）1/1工程量清单-中国移动南方基地二期工程二阶段项目施工总承包(0)/室外配套工程/土方平衡/3A_2019_南方基地二期二阶段造价土方平衡_中国移动广东公司.xlsx,土方平衡.xlsx,3,A,2019,中国移动广东公司,M10/M14,【敏感待判·业主商业信息】**南方基地二期二阶段**项目造价文件（工程量清单侧），工程名称「土方平衡」。**本件是发给投标人填报的空白招标工程量清单：综合单价与合价列全部为空，因此不含任何金额**；但**工程量列是真实的**，逐条载明清单项编码、项目名称、项目特征描述、计量单位与工程量。本件未解析出分部分项清单条目（可能为封面、说明、汇总或非清单类文件），不含可落库的工程量。归属项目：2019.7 中国移动南方基地二期工程二阶段项目。口径提醒：**招标阶段文件，非中标价与结算价；工程量为招标人给定的暂定量，结算按实际计量调整**。同项目控制价侧文件含相同工程量且附带金额，引用金额一律以控制价侧为准（见 batch_28/29）。,2026-08-16
docs/library/04_市场与研究/中文行业报告集/202L 数据中心新/2019.7 中国移动南方基地二期工程二阶段项目/造价类资料（全程免费，得来不易需要完成一些小任务）1/1工程量清单-中国移动南方基地二期工程二阶段项目施工总承包(0)/室外配套工程/临时围蔽工程/4A_2019_南方基地二期二阶段造价临时围蔽工程_中国移动广东公司.xlsx,临时围蔽工程.xlsx,4,A,2019,中国移动广东公司,M10/M14,【敏感待判·业主商业信息】**南方基地二期二阶段**项目造价文件（工程量清单侧），工程名称「临时围蔽工程」。**本件是发给投标人填报的空白招标工程量清单：综合单价与合价列全部为空，因此不含任何金额**；但**工程量列是真实的**，逐条载明清单项编码、项目名称、项目特征描述、计量单位与工程量。**工程量最大的若干清单项（原文）**：施工现场围蔽（临路部分）（清单编码 011707001002）799.74 m。这些工程量本身即材料强度数据，可与同项目建筑面积配合，推出每平米的混凝土方量、砌体方量、钢结构吨位等物耗指标（M10）。归属项目：2019.7 中国移动南方基地二期工程二阶段项目。口径提醒：**招标阶段文件，非中标价与结算价；工程量为招标人给定的暂定量，结算按实际计量调整**。同项目控制价侧文件含相同工程量且附带金额，引用金额一律以控制价侧为准（见 batch_28/29）。,2026-08-16
docs/library/04_市场与研究/中文行业报告集/202L 数据中心新/2019.7 中国移动南方基地二期工程二阶段项目/造价类资料（全程免费，得来不易需要完成一些小任务）1/1工程量清单-中国移动南方基地二期工程二阶段项目施工总承包(0)/室外配套工程/燃气工程/4A_2019_南方基地二期二阶段造价燃气工程_中国移动广东公司.xlsx,燃气工程.xlsx,4,A,2019,中国移动广东公司,M10/M14,【敏感待判·业主商业信息】**南方基地二期二阶段**项目造价文件（工程量清单侧），工程名称「燃气工程」。**本件是发给投标人填报的空白招标工程量清单：综合单价与合价列全部为空，因此不含任何金额**；但**工程量列是真实的**，逐条载明清单项编码、项目名称、项目特征描述、计量单位与工程量。**工程量最大的若干清单项（原文）**：高层施工增加（清单编码 031302007001）1.00 项；脚手架搭拆费（清单编码 031301017001）1.00 项。这些工程量本身即材料强度数据，可与同项目建筑面积配合，推出每平米的混凝土方量、砌体方量、钢结构吨位等物耗指标（M10）。归属项目：2019.7 中国移动南方基地二期工程二阶段项目。口径提醒：**招标阶段文件，非中标价与结算价；工程量为招标人给定的暂定量，结算按实际计量调整**。同项目控制价侧文件含相同工程量且附带金额，引用金额一律以控制价侧为准（见 batch_28/29）。,2026-08-16
docs/library/04_市场与研究/中文行业报告集/202L 数据中心新/2019.7 中国移动南方基地二期工程二阶段项目/造价类资料（全程免费，得来不易需要完成一些小任务）1/1工程量清单-中国移动南方基地二期工程二阶段项目施工总承包(0)/室外配套工程/±0.00以上土建工程-建筑工程（门房A）/4A_2019_南方基地二期二阶段造价000以上土建工程建筑工程门_中国移动广东公司.xlsx,±0.00以上土建工程-建筑工程（门房A）.xlsx,4,A,2019,中国移动广东公司,M10/M14,【敏感待判·业主商业信息】**南方基地二期二阶段**项目造价文件（工程量清单侧），工程名称「±0.00以上土建工程-建筑工程（门房A）」。**本件是发给投标人填报的空白招标工程量清单：综合单价与合价列全部为空，因此不含任何金额**；但**工程量列是真实的**，逐条载明清单项编码、项目名称、项目特征描述、计量单位与工程量。**工程量最大的若干清单项（原文）**：有梁板（清单编码 011702014002）100.92 m2；栏板（清单编码 011702021001）58.10 m2；有梁板（清单编码 011702014001）51.93 m2；基础（清单编码 011702001001）34.40 m2；基础（清单编码 011702001002）25.09 m2；原土打夯（清单编码 010103001003）23.50 m3。这些工程量本身即材料强度数据，可与同项目建筑面积配合，推出每平米的混凝土方量、砌体方量、钢结构吨位等物耗指标（M10）。归属项目：2019.7 中国移动南方基地二期工程二阶段项目。口径提醒：**招标阶段文件，非中标价与结算价；工程量为招标人给定的暂定量，结算按实际计量调整**。同项目控制价侧文件含相同工程量且附带金额，引用金额一律以控制价侧为准（见 batch_28/29）。,2026-08-16
docs/library/04_市场与研究/中文行业报告集/202L 数据中心新/2019.7 中国移动南方基地二期工程二阶段项目/造价类资料（全程免费，得来不易需要完成一些小任务）1/1工程量清单-中国移动南方基地二期工程二阶段项目施工总承包(0)/冷源系统工程/冷源系统工程/4A_2019_南方基地二期二阶段造价冷源系统工程_中国移动广东公司.xlsx,冷源系统工程.xlsx,4,A,2019,中国移动广东公司,M10/M14,【敏感待判·业主商业信息】**南方基地二期二阶段**项目造价文件（工程量清单侧），工程名称「冷源系统工程」。**本件是发给投标人填报的空白招标工程量清单：综合单价与合价列全部为空，因此不含任何金额**；但**工程量列是真实的**，逐条载明清单项编码、项目名称、项目特征描述、计量单位与工程量。**工程量最大的若干清单项（原文）**：高层施工增加（清单编码 031302007001）1.00 项；脚手架搭拆费（清单编码 031301017001）1.00 项。这些工程量本身即材料强度数据，可与同项目建筑面积配合，推出每平米的混凝土方量、砌体方量、钢结构吨位等物耗指标（M10）。归属项目：2019.7 中国移动南方基地二期工程二阶段项目。口径提醒：**招标阶段文件，非中标价与结算价；工程量为招标人给定的暂定量，结算按实际计量调整**。同项目控制价侧文件含相同工程量且附带金额，引用金额一律以控制价侧为准（见 batch_28/29）。,2026-08-16
docs/library/04_市场与研究/中文行业报告集/202L 数据中心新/2019.7 中国移动南方基地二期工程二阶段项目/造价类资料（全程免费，得来不易需要完成一些小任务）1/1工程量清单-中国移动南方基地二期工程二阶段项目施工总承包(0)/高低压配电工程/发电机房配电工程/4A_2019_南方基地二期二阶段造价发电机房配电工程_中国移动广东公司.xlsx,发电机房配电工程.xlsx,4,A,2019,中国移动广东公司,M10/M14,【敏感待判·业主商业信息】**南方基地二期二阶段**项目造价文件（工程量清单侧），工程名称「发电机房配电工程」。**本件是发给投标人填报的空白招标工程量清单：综合单价与合价列全部为空，因此不含任何金额**；但**工程量列是真实的**，逐条载明清单项编码、项目名称、项目特征描述、计量单位与工程量。**工程量最大的若干清单项（原文）**：高层施工增加（清单编码 031302007001）1.00 项；脚手架搭拆费（清单编码 031301017001）1.00 项。这些工程量本身即材料强度数据，可与同项目建筑面积配合，推出每平米的混凝土方量、砌体方量、钢结构吨位等物耗指标（M10）。归属项目：2019.7 中国移动南方基地二期工程二阶段项目。口径提醒：**招标阶段文件，非中标价与结算价；工程量为招标人给定的暂定量，结算按实际计量调整**。同项目控制价侧文件含相同工程量且附带金额，引用金额一律以控制价侧为准（见 batch_28/29）。,2026-08-16
docs/library/04_市场与研究/中文行业报告集/202L 数据中心新/2019.7 中国移动南方基地二期工程二阶段项目/造价类资料（全程免费，得来不易需要完成一些小任务）1/1工程量清单-中国移动南方基地二期工程二阶段项目施工总承包(0)/高低压配电工程/高低压配电工程/4A_2019_南方基地二期二阶段造价高低压配电工程_中国移动广东公司.xlsx,高低压配电工程.xlsx,4,A,2019,中国移动广东公司,M10/M14,【敏感待判·业主商业信息】**南方基地二期二阶段**项目造价文件（工程量清单侧），工程名称「高低压配电工程」。**本件是发给投标人填报的空白招标工程量清单：综合单价与合价列全部为空，因此不含任何金额**；但**工程量列是真实的**，逐条载明清单项编码、项目名称、项目特征描述、计量单位与工程量。**工程量最大的若干清单项（原文）**：高层施工增加（清单编码 031302007001）1.00 项；脚手架搭拆费（清单编码 031301017001）1.00 项。这些工程量本身即材料强度数据，可与同项目建筑面积配合，推出每平米的混凝土方量、砌体方量、钢结构吨位等物耗指标（M10）。归属项目：2019.7 中国移动南方基地二期工程二阶段项目。口径提醒：**招标阶段文件，非中标价与结算价；工程量为招标人给定的暂定量，结算按实际计量调整**。同项目控制价侧文件含相同工程量且附带金额，引用金额一律以控制价侧为准（见 batch_28/29）。,2026-08-16
docs/library/04_市场与研究/中文行业报告集/202L 数据中心新/2019.7 中国移动南方基地二期工程二阶段项目/造价类资料（全程免费，得来不易需要完成一些小任务）1/1工程量清单-中国移动南方基地二期工程二阶段项目施工总承包(0)/高低压配电工程/高低压配电-土建部分/4A_2019_南方基地二期二阶段造价高低压配电土建部分_中国移动广东公司.xlsx,高低压配电-土建部分.xlsx,4,A,2019,中国移动广东公司,M10/M14,【敏感待判·业主商业信息】**南方基地二期二阶段**项目造价文件（工程量清单侧），工程名称「高低压配电-土建部分」。**本件是发给投标人填报的空白招标工程量清单：综合单价与合价列全部为空，因此不含任何金额**；但**工程量列是真实的**，逐条载明清单项编码、项目名称、项目特征描述、计量单位与工程量。**工程量最大的若干清单项（原文）**：细石混凝土楼地面（清单编码 011101003001）354.93 m2；回填方（清单编码 040103001001）184.26 m3；设备基础（清单编码 010501006001）18.72 m3；现浇构件钢筋（清单编码 010515001003）2.12 t；现浇构件钢筋（清单编码 010515001001）1.17 t；高层施工增加（清单编码 031302007001）1.00 项。这些工程量本身即材料强度数据，可与同项目建筑面积配合，推出每平米的混凝土方量、砌体方量、钢结构吨位等物耗指标（M10）。归属项目：2019.7 中国移动南方基地二期工程二阶段项目。口径提醒：**招标阶段文件，非中标价与结算价；工程量为招标人给定的暂定量，结算按实际计量调整**。同项目控制价侧文件含相同工程量且附带金额，引用金额一律以控制价侧为准（见 batch_28/29）。,2026-08-16
docs/library/04_市场与研究/中文行业报告集/202L 数据中心新/2019.7 中国移动南方基地二期工程二阶段项目/造价类资料（全程免费，得来不易需要完成一些小任务）1/1工程量清单-中国移动南方基地二期工程二阶段项目施工总承包(0)/土建工程/±0.00以上土建工程-建筑工程（20.4栋）/4A_2019_南方基地二期二阶段造价000以上土建工程建筑工程2_中国移动广东公司.xlsx,±0.00以上土建工程-建筑工程（20.4栋）.xlsx,4,A,2019,中国移动广东公司,M10/M14,【敏感待判·业主商业信息】**南方基地二期二阶段**项目造价文件（工程量清单侧），工程名称「±0.00以上土建工程-建筑工程（20.4栋）」。**本件是发给投标人填报的空白招标工程量清单：综合单价与合价列全部为空，因此不含任何金额**；但**工程量列是真实的**，逐条载明清单项编码、项目名称、项目特征描述、计量单位与工程量。**工程量最大的若干清单项（原文）**：钢柱脚二次灌浆模板（清单编码 011702001001）55.68 m2；预埋铁件（清单编码 010516002004）2.00 t。这些工程量本身即材料强度数据，可与同项目建筑面积配合，推出每平米的混凝土方量、砌体方量、钢结构吨位等物耗指标（M10）。归属项目：2019.7 中国移动南方基地二期工程二阶段项目。口径提醒：**招标阶段文件，非中标价与结算价；工程量为招标人给定的暂定量，结算按实际计量调整**。同项目控制价侧文件含相同工程量且附带金额，引用金额一律以控制价侧为准（见 batch_28/29）。,2026-08-16
docs/library/04_市场与研究/中文行业报告集/202L 数据中心新/2019.7 中国移动南方基地二期工程二阶段项目/造价类资料（全程免费，得来不易需要完成一些小任务）1/1工程量清单-中国移动南方基地二期工程二阶段项目施工总承包(0)/土建工程/±0.00以上土建工程-外立面工程（20.4栋）/3A_2019_南方基地二期二阶段造价000以上土建工程外立面工程_中国移动广东公司.xlsx,±0.00以上土建工程-外立面工程（20.4栋）.xlsx,3,A,2019,中国移动广东公司,M10/M14,【敏感待判·业主商业信息】**南方基地二期二阶段**项目造价文件（工程量清单侧），工程名称「±0.00以上土建工程-外立面工程（20.4栋）」。**本件是发给投标人填报的空白招标工程量清单：综合单价与合价列全部为空，因此不含任何金额**；但**工程量列是真实的**，逐条载明清单项编码、项目名称、项目特征描述、计量单位与工程量。本件未解析出分部分项清单条目（可能为封面、说明、汇总或非清单类文件），不含可落库的工程量。归属项目：2019.7 中国移动南方基地二期工程二阶段项目。口径提醒：**招标阶段文件，非中标价与结算价；工程量为招标人给定的暂定量，结算按实际计量调整**。同项目控制价侧文件含相同工程量且附带金额，引用金额一律以控制价侧为准（见 batch_28/29）。,2026-08-16
docs/library/04_市场与研究/中文行业报告集/202L 数据中心新/2019.7 中国移动南方基地二期工程二阶段项目/造价类资料（全程免费，得来不易需要完成一些小任务）1/1工程量清单-中国移动南方基地二期工程二阶段项目施工总承包(0)/土建工程/±0.00以下土建工程-建筑工程/4A_2019_南方基地二期二阶段造价000以下土建工程建筑工程_中国移动广东公司.xlsx,±0.00以下土建工程-建筑工程.xlsx,4,A,2019,中国移动广东公司,M10/M14,"【敏感待判·业主商业信息】**南方基地二期二阶段**项目造价文件（工程量清单侧），工程名称「±0.00以下土建工程-建筑工程」。**本件是发给投标人填报的空白招标工程量清单：综合单价与合价列全部为空，因此不含任何金额**；但**工程量列是真实的**，逐条载明清单项编码、项目名称、项目特征描述、计量单位与工程量。**工程量最大的若干清单项（原文）**：垂直运输（清单编码 011703001001）35,451.80 m2；机械连接（清单编码 010516003001）14,261.00 个；电渣压力焊（清单编码 010516003002）9,265.00 个；地下室侧壁外模板（清单编码 011702011006）4,409.17 m2；现浇构件钢筋（清单编码 010515001009）3,630.65 t；钢板止水带（清单编码 010903004001）2,872.03 m。这些工程量本身即材料强度数据，可与同项目建筑面积配合，推出每平米的混凝土方量、砌体方量、钢结构吨位等物耗指标（M10）。归属项目：2019.7 中国移动南方基地二期工程二阶段项目。口径提醒：**招标阶段文件，非中标价与结算价；工程量为招标人给定的暂定量，结算按实际计量调整**。同项目控制价侧文件含相同工程量且附带金额，引用金额一律以控制价侧为准（见 batch_28/29）。",2026-08-16
docs/library/04_市场与研究/中文行业报告集/202L 数据中心新/2019.7 中国移动南方基地二期工程二阶段项目/造价类资料（全程免费，得来不易需要完成一些小任务）1/1工程量清单-中国移动南方基地二期工程二阶段项目施工总承包(0)/土建工程/±0.00以下土建工程-人防门/4A_2019_南方基地二期二阶段造价000以下土建工程人防门_中国移动广东公司.xlsx,±0.00以下土建工程-人防门.xlsx,4,A,2019,中国移动广东公司,M10/M14,【敏感待判·业主商业信息】**南方基地二期二阶段**项目造价文件（工程量清单侧），工程名称「±0.00以下土建工程-人防门」。**本件是发给投标人填报的空白招标工程量清单：综合单价与合价列全部为空，因此不含任何金额**；但**工程量列是真实的**，逐条载明清单项编码、项目名称、项目特征描述、计量单位与工程量。**工程量最大的若干清单项（原文）**：密闭门（清单编码 010804007048）22.00 樘；防护密闭门（清单编码 010804007039）18.00 樘；防护密闭门（清单编码 010804007038）13.00 樘；密闭门（清单编码 010804007047）11.00 樘；密闭门（清单编码 010804007046）11.00 樘；悬板活门（清单编码 010804007051）10.00 樘。这些工程量本身即材料强度数据，可与同项目建筑面积配合，推出每平米的混凝土方量、砌体方量、钢结构吨位等物耗指标（M10）。归属项目：2019.7 中国移动南方基地二期工程二阶段项目。口径提醒：**招标阶段文件，非中标价与结算价；工程量为招标人给定的暂定量，结算按实际计量调整**。同项目控制价侧文件含相同工程量且附带金额，引用金额一律以控制价侧为准（见 batch_28/29）。,2026-08-16
docs/library/04_市场与研究/中文行业报告集/202L 数据中心新/2019.7 中国移动南方基地二期工程二阶段项目/造价类资料（全程免费，得来不易需要完成一些小任务）1/1工程量清单-中国移动南方基地二期工程二阶段项目施工总承包(0)/土建工程/桩基工程/4A_2019_南方基地二期二阶段造价桩基工程_中国移动广东公司.xlsx,桩基工程.xlsx,4,A,2019,中国移动广东公司,M10/M14,【敏感待判·业主商业信息】**南方基地二期二阶段**项目造价文件（工程量清单侧），工程名称「桩基工程」。**本件是发给投标人填报的空白招标工程量清单：综合单价与合价列全部为空，因此不含任何金额**；但**工程量列是真实的**，逐条载明清单项编码、项目名称、项目特征描述、计量单位与工程量。**工程量最大的若干清单项（原文）**：大型机械设备进出场及安拆（清单编码 011705001001）1.00 项。这些工程量本身即材料强度数据，可与同项目建筑面积配合，推出每平米的混凝土方量、砌体方量、钢结构吨位等物耗指标（M10）。归属项目：2019.7 中国移动南方基地二期工程二阶段项目。口径提醒：**招标阶段文件，非中标价与结算价；工程量为招标人给定的暂定量，结算按实际计量调整**。同项目控制价侧文件含相同工程量且附带金额，引用金额一律以控制价侧为准（见 batch_28/29）。,2026-08-16
docs/library/04_市场与研究/中文行业报告集/202L 数据中心新/2019.7 中国移动南方基地二期工程二阶段项目/造价类资料（全程免费，得来不易需要完成一些小任务）1/1工程量清单-中国移动南方基地二期工程二阶段项目施工总承包(0)/土建工程/±0.00以上土建工程-建筑工程（20.2栋）/4A_2019_南方基地二期二阶段造价000以上土建工程建筑工程2_中国移动广东公司.xlsx,±0.00以上土建工程-建筑工程（20.2栋）.xlsx,4,A,2019,中国移动广东公司,M10/M14,【敏感待判·业主商业信息】**南方基地二期二阶段**项目造价文件（工程量清单侧），工程名称「±0.00以上土建工程-建筑工程（20.2栋）」。**本件是发给投标人填报的空白招标工程量清单：综合单价与合价列全部为空，因此不含任何金额**；但**工程量列是真实的**，逐条载明清单项编码、项目名称、项目特征描述、计量单位与工程量。**工程量最大的若干清单项（原文）**：设备基础面层抹灰（清单编码 011201001001）235.75 m2；零星砌砖（清单编码 010401012001）74.00 个；基础（清单编码 011702001004）26.40 m2；预埋铁件（清单编码 010516002003）3.20 t；现浇构件钢筋（清单编码 010515001022）2.09 t；预埋铁件（清单编码 010516002002）2.00 t。这些工程量本身即材料强度数据，可与同项目建筑面积配合，推出每平米的混凝土方量、砌体方量、钢结构吨位等物耗指标（M10）。归属项目：2019.7 中国移动南方基地二期工程二阶段项目。口径提醒：**招标阶段文件，非中标价与结算价；工程量为招标人给定的暂定量，结算按实际计量调整**。同项目控制价侧文件含相同工程量且附带金额，引用金额一律以控制价侧为准（见 batch_28/29）。,2026-08-16
docs/library/04_市场与研究/中文行业报告集/202L 数据中心新/2019.7 中国移动南方基地二期工程二阶段项目/造价类资料（全程免费，得来不易需要完成一些小任务）1/1工程量清单-中国移动南方基地二期工程二阶段项目施工总承包(0)/土建工程/±0.00以上土建工程-外立面工程（20.1栋）/3A_2019_南方基地二期二阶段造价000以上土建工程外立面工程_中国移动广东公司.xlsx,±0.00以上土建工程-外立面工程（20.1栋）.xlsx,3,A,2019,中国移动广东公司,M10/M14,【敏感待判·业主商业信息】**南方基地二期二阶段**项目造价文件（工程量清单侧），工程名称「±0.00以上土建工程-外立面工程（20.1栋）」。**本件是发给投标人填报的空白招标工程量清单：综合单价与合价列全部为空，因此不含任何金额**；但**工程量列是真实的**，逐条载明清单项编码、项目名称、项目特征描述、计量单位与工程量。本件未解析出分部分项清单条目（可能为封面、说明、汇总或非清单类文件），不含可落库的工程量。归属项目：2019.7 中国移动南方基地二期工程二阶段项目。口径提醒：**招标阶段文件，非中标价与结算价；工程量为招标人给定的暂定量，结算按实际计量调整**。同项目控制价侧文件含相同工程量且附带金额，引用金额一律以控制价侧为准（见 batch_28/29）。,2026-08-16
docs/library/04_市场与研究/中文行业报告集/202L 数据中心新/2019.7 中国移动南方基地二期工程二阶段项目/造价类资料（全程免费，得来不易需要完成一些小任务）1/1工程量清单-中国移动南方基地二期工程二阶段项目施工总承包(0)/土建工程/±0.00以下土建工程-装饰工程/4A_2019_南方基地二期二阶段造价000以下土建工程装饰工程_中国移动广东公司.xlsx,±0.00以下土建工程-装饰工程.xlsx,4,A,2019,中国移动广东公司,M10/M14,"【敏感待判·业主商业信息】**南方基地二期二阶段**项目造价文件（工程量清单侧），工程名称「±0.00以下土建工程-装饰工程」。**本件是发给投标人填报的空白招标工程量清单：综合单价与合价列全部为空，因此不含任何金额**；但**工程量列是真实的**，逐条载明清单项编码、项目名称、项目特征描述、计量单位与工程量。**工程量最大的若干清单项（原文）**：N01b 无机内墙涂料（清单编码 011406001001）28,968.73 m2；N01a 无机内墙涂料（清单编码 011406001002）8,480.99 m2；N01b 独立柱面层（清单编码 011406001005）3,618.27 m2；N01c 内墙杀菌、防霉涂料（清单编码 011406001003）2,861.99 m2；钢板门（消防水池检修孔门）（清单编码 010804007026）4.00 樘。这些工程量本身即材料强度数据，可与同项目建筑面积配合，推出每平米的混凝土方量、砌体方量、钢结构吨位等物耗指标（M10）。归属项目：2019.7 中国移动南方基地二期工程二阶段项目。口径提醒：**招标阶段文件，非中标价与结算价；工程量为招标人给定的暂定量，结算按实际计量调整**。同项目控制价侧文件含相同工程量且附带金额，引用金额一律以控制价侧为准（见 batch_28/29）。",2026-08-16
docs/library/04_市场与研究/中文行业报告集/202L 数据中心新/2019.7 中国移动南方基地二期工程二阶段项目/造价类资料（全程免费，得来不易需要完成一些小任务）1/1工程量清单-中国移动南方基地二期工程二阶段项目施工总承包(0)/土建工程/基坑支护工程/4A_2019_南方基地二期二阶段造价基坑支护工程_中国移动广东公司.xlsx,基坑支护工程.xlsx,4,A,2019,中国移动广东公司,M10/M14,"【敏感待判·业主商业信息】**南方基地二期二阶段**项目造价文件（工程量清单侧），工程名称「基坑支护工程」。**本件是发给投标人填报的空白招标工程量清单：综合单价与合价列全部为空，因此不含任何金额**；但**工程量列是真实的**，逐条载明清单项编码、项目名称、项目特征描述、计量单位与工程量。**工程量最大的若干清单项（原文）**：挖淤泥、流砂（清单编码 010101006001）9,077.69 m3；腰梁、换撑梁（清单编码 011702006002）1,645.86 m2；电渣压力焊（清单编码 010516003001）1,531.00 个；支撑梁、连系梁、冠梁（清单编码 011702006003）1,251.25 m2；钢筋笼（清单编码 010515004001）536.54 t；600厚C30素砼（基坑底换撑）（清单编码 011702014001）403.45 m2。这些工程量本身即材料强度数据，可与同项目建筑面积配合，推出每平米的混凝土方量、砌体方量、钢结构吨位等物耗指标（M10）。归属项目：2019.7 中国移动南方基地二期工程二阶段项目。口径提醒：**招标阶段文件，非中标价与结算价；工程量为招标人给定的暂定量，结算按实际计量调整**。同项目控制价侧文件含相同工程量且附带金额，引用金额一律以控制价侧为准（见 batch_28/29）。",2026-08-16
docs/library/04_市场与研究/中文行业报告集/202L 数据中心新/2019.7 中国移动南方基地二期工程二阶段项目/造价类资料（全程免费，得来不易需要完成一些小任务）1/1工程量清单-中国移动南方基地二期工程二阶段项目施工总承包(0)/土建工程/±0.00以上土建工程-建筑工程（20.1栋）/4A_2019_南方基地二期二阶段造价000以上土建工程建筑工程2_中国移动广东公司.xlsx,±0.00以上土建工程-建筑工程（20.1栋）.xlsx,4,A,2019,中国移动广东公司,M10/M14,"【敏感待判·业主商业信息】**南方基地二期二阶段**项目造价文件（工程量清单侧），工程名称「±0.00以上土建工程-建筑工程（20.1栋）」。**本件是发给投标人填报的空白招标工程量清单：综合单价与合价列全部为空，因此不含任何金额**；但**工程量列是真实的**，逐条载明清单项编码、项目名称、项目特征描述、计量单位与工程量。**工程量最大的若干清单项（原文）**：垂直运输（清单编码 011703001001）26,765.46 m2；构造柱（清单编码 011702003001）4,458.27 m2；圈梁（清单编码 011702008001）952.10 m2；零星砌砖（清单编码 010401012001）740.00 个；栏板（清单编码 011702021001）563.02 m2；楼梯（清单编码 011702024001）533.89 m2。这些工程量本身即材料强度数据，可与同项目建筑面积配合，推出每平米的混凝土方量、砌体方量、钢结构吨位等物耗指标（M10）。归属项目：2019.7 中国移动南方基地二期工程二阶段项目。口径提醒：**招标阶段文件，非中标价与结算价；工程量为招标人给定的暂定量，结算按实际计量调整**。同项目控制价侧文件含相同工程量且附带金额，引用金额一律以控制价侧为准（见 batch_28/29）。",2026-08-16
docs/library/04_市场与研究/中文行业报告集/202L 数据中心新/2019.7 中国移动南方基地二期工程二阶段项目/造价类资料（全程免费，得来不易需要完成一些小任务）1/1工程量清单-中国移动南方基地二期工程二阶段项目施工总承包(0)/土建工程/±0.00以上土建工程-外立面工程（20.2栋）/3A_2019_南方基地二期二阶段造价000以上土建工程外立面工程_中国移动广东公司.xlsx,±0.00以上土建工程-外立面工程（20.2栋）.xlsx,3,A,2019,中国移动广东公司,M10/M14,【敏感待判·业主商业信息】**南方基地二期二阶段**项目造价文件（工程量清单侧），工程名称「±0.00以上土建工程-外立面工程（20.2栋）」。**本件是发给投标人填报的空白招标工程量清单：综合单价与合价列全部为空，因此不含任何金额**；但**工程量列是真实的**，逐条载明清单项编码、项目名称、项目特征描述、计量单位与工程量。本件未解析出分部分项清单条目（可能为封面、说明、汇总或非清单类文件），不含可落库的工程量。归属项目：2019.7 中国移动南方基地二期工程二阶段项目。口径提醒：**招标阶段文件，非中标价与结算价；工程量为招标人给定的暂定量，结算按实际计量调整**。同项目控制价侧文件含相同工程量且附带金额，引用金额一律以控制价侧为准（见 batch_28/29）。,2026-08-16
docs/library/04_市场与研究/中文行业报告集/202L 数据中心新/2019.7 中国移动南方基地二期工程二阶段项目/造价类资料（全程免费，得来不易需要完成一些小任务）1/1工程量清单-中国移动南方基地二期工程二阶段项目施工总承包(0)/给排水工程/[20.1栋]给排水工程/4A_2019_南方基地二期二阶段造价201栋给排水工程_中国移动广东公司.xlsx,[20.1栋]给排水工程.xlsx,4,A,2019,中国移动广东公司,M10/M14,【敏感待判·业主商业信息】**南方基地二期二阶段**项目造价文件（工程量清单侧），工程名称「[20.1栋]给排水工程」。**本件是发给投标人填报的空白招标工程量清单：综合单价与合价列全部为空，因此不含任何金额**；但**工程量列是真实的**，逐条载明清单项编码、项目名称、项目特征描述、计量单位与工程量。**工程量最大的若干清单项（原文）**：高层施工增加（清单编码 031302007001）1.00 项；脚手架搭拆费（清单编码 031301017001）1.00 项。这些工程量本身即材料强度数据，可与同项目建筑面积配合，推出每平米的混凝土方量、砌体方量、钢结构吨位等物耗指标（M10）。归属项目：2019.7 中国移动南方基地二期工程二阶段项目。口径提醒：**招标阶段文件，非中标价与结算价；工程量为招标人给定的暂定量，结算按实际计量调整**。同项目控制价侧文件含相同工程量且附带金额，引用金额一律以控制价侧为准（见 batch_28/29）。,2026-08-16
docs/library/04_市场与研究/中文行业报告集/202L 数据中心新/2019.7 中国移动南方基地二期工程二阶段项目/造价类资料（全程免费，得来不易需要完成一些小任务）1/1工程量清单-中国移动南方基地二期工程二阶段项目施工总承包(0)/给排水工程/[20.4栋]给排水工程/4A_2019_南方基地二期二阶段造价204栋给排水工程_中国移动广东公司.xlsx,[20.4栋]给排水工程.xlsx,4,A,2019,中国移动广东公司,M10/M14,【敏感待判·业主商业信息】**南方基地二期二阶段**项目造价文件（工程量清单侧），工程名称「[20.4栋]给排水工程」。**本件是发给投标人填报的空白招标工程量清单：综合单价与合价列全部为空，因此不含任何金额**；但**工程量列是真实的**，逐条载明清单项编码、项目名称、项目特征描述、计量单位与工程量。**工程量最大的若干清单项（原文）**：高层施工增加（清单编码 031302007001）1.00 项；脚手架搭拆费（清单编码 031301017001）1.00 项。这些工程量本身即材料强度数据，可与同项目建筑面积配合，推出每平米的混凝土方量、砌体方量、钢结构吨位等物耗指标（M10）。归属项目：2019.7 中国移动南方基地二期工程二阶段项目。口径提醒：**招标阶段文件，非中标价与结算价；工程量为招标人给定的暂定量，结算按实际计量调整**。同项目控制价侧文件含相同工程量且附带金额，引用金额一律以控制价侧为准（见 batch_28/29）。,2026-08-16
docs/library/04_市场与研究/中文行业报告集/202L 数据中心新/2019.7 中国移动南方基地二期工程二阶段项目/造价类资料（全程免费，得来不易需要完成一些小任务）1/1工程量清单-中国移动南方基地二期工程二阶段项目施工总承包(0)/给排水工程/雨水回用系统工程/4A_2019_南方基地二期二阶段造价雨水回用系统工程_中国移动广东公司.xlsx,雨水回用系统工程.xlsx,4,A,2019,中国移动广东公司,M10/M14,【敏感待判·业主商业信息】**南方基地二期二阶段**项目造价文件（工程量清单侧），工程名称「雨水回用系统工程」。**本件是发给投标人填报的空白招标工程量清单：综合单价与合价列全部为空，因此不含任何金额**；但**工程量列是真实的**，逐条载明清单项编码、项目名称、项目特征描述、计量单位与工程量。**工程量最大的若干清单项（原文）**：高层施工增加（清单编码 031302007001）1.00 项；脚手架搭拆费（清单编码 031301017001）1.00 项。这些工程量本身即材料强度数据，可与同项目建筑面积配合，推出每平米的混凝土方量、砌体方量、钢结构吨位等物耗指标（M10）。归属项目：2019.7 中国移动南方基地二期工程二阶段项目。口径提醒：**招标阶段文件，非中标价与结算价；工程量为招标人给定的暂定量，结算按实际计量调整**。同项目控制价侧文件含相同工程量且附带金额，引用金额一律以控制价侧为准（见 batch_28/29）。,2026-08-16
docs/library/04_市场与研究/中文行业报告集/202L 数据中心新/2019.7 中国移动南方基地二期工程二阶段项目/造价类资料（全程免费，得来不易需要完成一些小任务）1/1工程量清单-中国移动南方基地二期工程二阶段项目施工总承包(0)/给排水工程/直饮水系统工程/4A_2019_南方基地二期二阶段造价直饮水系统工程_中国移动广东公司.xlsx,直饮水系统工程.xlsx,4,A,2019,中国移动广东公司,M10/M14,【敏感待判·业主商业信息】**南方基地二期二阶段**项目造价文件（工程量清单侧），工程名称「直饮水系统工程」。**本件是发给投标人填报的空白招标工程量清单：综合单价与合价列全部为空，因此不含任何金额**；但**工程量列是真实的**，逐条载明清单项编码、项目名称、项目特征描述、计量单位与工程量。**工程量最大的若干清单项（原文）**：高层施工增加（清单编码 031302007001）1.00 项；脚手架搭拆费（清单编码 031301017001）1.00 项。这些工程量本身即材料强度数据，可与同项目建筑面积配合，推出每平米的混凝土方量、砌体方量、钢结构吨位等物耗指标（M10）。归属项目：2019.7 中国移动南方基地二期工程二阶段项目。口径提醒：**招标阶段文件，非中标价与结算价；工程量为招标人给定的暂定量，结算按实际计量调整**。同项目控制价侧文件含相同工程量且附带金额，引用金额一律以控制价侧为准（见 batch_28/29）。,2026-08-16
docs/library/04_市场与研究/中文行业报告集/202L 数据中心新/2019.7 中国移动南方基地二期工程二阶段项目/造价类资料（全程免费，得来不易需要完成一些小任务）1/1工程量清单-中国移动南方基地二期工程二阶段项目施工总承包(0)/给排水工程/[20.2栋]给排水工程/4A_2019_南方基地二期二阶段造价202栋给排水工程_中国移动广东公司.xlsx,[20.2栋]给排水工程.xlsx,4,A,2019,中国移动广东公司,M10/M14,【敏感待判·业主商业信息】**南方基地二期二阶段**项目造价文件（工程量清单侧），工程名称「[20.2栋]给排水工程」。**本件是发给投标人填报的空白招标工程量清单：综合单价与合价列全部为空，因此不含任何金额**；但**工程量列是真实的**，逐条载明清单项编码、项目名称、项目特征描述、计量单位与工程量。**工程量最大的若干清单项（原文）**：高层施工增加（清单编码 031302007001）1.00 项；脚手架搭拆费（清单编码 031301017001）1.00 项。这些工程量本身即材料强度数据，可与同项目建筑面积配合，推出每平米的混凝土方量、砌体方量、钢结构吨位等物耗指标（M10）。归属项目：2019.7 中国移动南方基地二期工程二阶段项目。口径提醒：**招标阶段文件，非中标价与结算价；工程量为招标人给定的暂定量，结算按实际计量调整**。同项目控制价侧文件含相同工程量且附带金额，引用金额一律以控制价侧为准（见 batch_28/29）。,2026-08-16
docs/library/04_市场与研究/中文行业报告集/202L 数据中心新/2019.7 中国移动南方基地二期工程二阶段项目/造价类资料（全程免费，得来不易需要完成一些小任务）1/1工程量清单-中国移动南方基地二期工程二阶段项目施工总承包(0)/给排水工程/[地下室]给排水工程/4A_2019_南方基地二期二阶段造价地下室给排水工程_中国移动广东公司.xlsx,[地下室]给排水工程.xlsx,4,A,2019,中国移动广东公司,M10/M14,【敏感待判·业主商业信息】**南方基地二期二阶段**项目造价文件（工程量清单侧），工程名称「[地下室]给排水工程」。**本件是发给投标人填报的空白招标工程量清单：综合单价与合价列全部为空，因此不含任何金额**；但**工程量列是真实的**，逐条载明清单项编码、项目名称、项目特征描述、计量单位与工程量。**工程量最大的若干清单项（原文）**：高层施工增加（清单编码 031302007001）1.00 项；脚手架搭拆费（清单编码 031301017001）1.00 项。这些工程量本身即材料强度数据，可与同项目建筑面积配合，推出每平米的混凝土方量、砌体方量、钢结构吨位等物耗指标（M10）。归属项目：2019.7 中国移动南方基地二期工程二阶段项目。口径提醒：**招标阶段文件，非中标价与结算价；工程量为招标人给定的暂定量，结算按实际计量调整**。同项目控制价侧文件含相同工程量且附带金额，引用金额一律以控制价侧为准（见 batch_28/29）。,2026-08-16
docs/library/04_市场与研究/中文行业报告集/202L 数据中心新/2019.7 中国移动南方基地二期工程二阶段项目/造价类资料（全程免费，得来不易需要完成一些小任务）1/1工程量清单-中国移动南方基地二期工程二阶段项目施工总承包(0)/抗震支架工程/抗震支架工程/4A_2019_南方基地二期二阶段造价抗震支架工程_中国移动广东公司.xlsx,抗震支架工程.xlsx,4,A,2019,中国移动广东公司,M10/M14,【敏感待判·业主商业信息】**南方基地二期二阶段**项目造价文件（工程量清单侧），工程名称「抗震支架工程」。**本件是发给投标人填报的空白招标工程量清单：综合单价与合价列全部为空，因此不含任何金额**；但**工程量列是真实的**，逐条载明清单项编码、项目名称、项目特征描述、计量单位与工程量。**工程量最大的若干清单项（原文）**：高层施工增加（清单编码 031302007001）1.00 项；脚手架搭拆费（清单编码 031301017001）1.00 项。这些工程量本身即材料强度数据，可与同项目建筑面积配合，推出每平米的混凝土方量、砌体方量、钢结构吨位等物耗指标（M10）。归属项目：2019.7 中国移动南方基地二期工程二阶段项目。口径提醒：**招标阶段文件，非中标价与结算价；工程量为招标人给定的暂定量，结算按实际计量调整**。同项目控制价侧文件含相同工程量且附带金额，引用金额一律以控制价侧为准（见 batch_28/29）。,2026-08-16
docs/library/04_市场与研究/中文行业报告集/202L 数据中心新/2019.7 中国移动南方基地二期工程二阶段项目/造价类资料（全程免费，得来不易需要完成一些小任务）1/1工程量清单-中国移动南方基地二期工程二阶段项目施工总承包(0)/消防工程/[20.2栋]火灾自动报警工程/4A_2019_南方基地二期二阶段造价202栋火灾自动报警工程_中国移动广东公司.xlsx,[20.2栋]火灾自动报警工程.xlsx,4,A,2019,中国移动广东公司,M10/M14,【敏感待判·业主商业信息】**南方基地二期二阶段**项目造价文件（工程量清单侧），工程名称「[20.2栋]火灾自动报警工程」。**本件是发给投标人填报的空白招标工程量清单：综合单价与合价列全部为空，因此不含任何金额**；但**工程量列是真实的**，逐条载明清单项编码、项目名称、项目特征描述、计量单位与工程量。**工程量最大的若干清单项（原文）**：高层施工增加（清单编码 031302007001）1.00 项；脚手架搭拆费（清单编码 031301017001）1.00 项。这些工程量本身即材料强度数据，可与同项目建筑面积配合，推出每平米的混凝土方量、砌体方量、钢结构吨位等物耗指标（M10）。归属项目：2019.7 中国移动南方基地二期工程二阶段项目。口径提醒：**招标阶段文件，非中标价与结算价；工程量为招标人给定的暂定量，结算按实际计量调整**。同项目控制价侧文件含相同工程量且附带金额，引用金额一律以控制价侧为准（见 batch_28/29）。,2026-08-16
docs/library/04_市场与研究/中文行业报告集/202L 数据中心新/2019.7 中国移动南方基地二期工程二阶段项目/造价类资料（全程免费，得来不易需要完成一些小任务）1/1工程量清单-中国移动南方基地二期工程二阶段项目施工总承包(0)/消防工程/[地下室]消防水灭火系统工程/4A_2019_南方基地二期二阶段造价地下室消防水灭火系统工程_中国移动广东公司.xlsx,[地下室]消防水灭火系统工程.xlsx,4,A,2019,中国移动广东公司,M10/M14,【敏感待判·业主商业信息】**南方基地二期二阶段**项目造价文件（工程量清单侧），工程名称「[地下室]消防水灭火系统工程」。**本件是发给投标人填报的空白招标工程量清单：综合单价与合价列全部为空，因此不含任何金额**；但**工程量列是真实的**，逐条载明清单项编码、项目名称、项目特征描述、计量单位与工程量。**工程量最大的若干清单项（原文）**：高层施工增加（清单编码 031302007001）1.00 项；脚手架搭拆费（清单编码 031301017001）1.00 项。这些工程量本身即材料强度数据，可与同项目建筑面积配合，推出每平米的混凝土方量、砌体方量、钢结构吨位等物耗指标（M10）。归属项目：2019.7 中国移动南方基地二期工程二阶段项目。口径提醒：**招标阶段文件，非中标价与结算价；工程量为招标人给定的暂定量，结算按实际计量调整**。同项目控制价侧文件含相同工程量且附带金额，引用金额一律以控制价侧为准（见 batch_28/29）。,2026-08-16
docs/library/04_市场与研究/中文行业报告集/202L 数据中心新/2019.7 中国移动南方基地二期工程二阶段项目/造价类资料（全程免费，得来不易需要完成一些小任务）1/1工程量清单-中国移动南方基地二期工程二阶段项目施工总承包(0)/消防工程/[20.4栋]消防水灭火系统工程/4A_2019_南方基地二期二阶段造价204栋消防水灭火系统工程_中国移动广东公司.xlsx,[20.4栋]消防水灭火系统工程.xlsx,4,A,2019,中国移动广东公司,M10/M14,【敏感待判·业主商业信息】**南方基地二期二阶段**项目造价文件（工程量清单侧），工程名称「[20.4栋]消防水灭火系统工程」。**本件是发给投标人填报的空白招标工程量清单：综合单价与合价列全部为空，因此不含任何金额**；但**工程量列是真实的**，逐条载明清单项编码、项目名称、项目特征描述、计量单位与工程量。**工程量最大的若干清单项（原文）**：高层施工增加（清单编码 031302007001）1.00 项；脚手架搭拆费（清单编码 031301017001）1.00 项。这些工程量本身即材料强度数据，可与同项目建筑面积配合，推出每平米的混凝土方量、砌体方量、钢结构吨位等物耗指标（M10）。归属项目：2019.7 中国移动南方基地二期工程二阶段项目。口径提醒：**招标阶段文件，非中标价与结算价；工程量为招标人给定的暂定量，结算按实际计量调整**。同项目控制价侧文件含相同工程量且附带金额，引用金额一律以控制价侧为准（见 batch_28/29）。,2026-08-16
docs/library/04_市场与研究/中文行业报告集/202L 数据中心新/2019.7 中国移动南方基地二期工程二阶段项目/造价类资料（全程免费，得来不易需要完成一些小任务）1/1工程量清单-中国移动南方基地二期工程二阶段项目施工总承包(0)/消防工程/[20.1栋]消防水灭火系统工程/4A_2019_南方基地二期二阶段造价201栋消防水灭火系统工程_中国移动广东公司.xlsx,[20.1栋]消防水灭火系统工程.xlsx,4,A,2019,中国移动广东公司,M10/M14,【敏感待判·业主商业信息】**南方基地二期二阶段**项目造价文件（工程量清单侧），工程名称「[20.1栋]消防水灭火系统工程」。**本件是发给投标人填报的空白招标工程量清单：综合单价与合价列全部为空，因此不含任何金额**；但**工程量列是真实的**，逐条载明清单项编码、项目名称、项目特征描述、计量单位与工程量。**工程量最大的若干清单项（原文）**：高层施工增加（清单编码 031302007001）1.00 项；脚手架搭拆费（清单编码 031301017001）1.00 项。这些工程量本身即材料强度数据，可与同项目建筑面积配合，推出每平米的混凝土方量、砌体方量、钢结构吨位等物耗指标（M10）。归属项目：2019.7 中国移动南方基地二期工程二阶段项目。口径提醒：**招标阶段文件，非中标价与结算价；工程量为招标人给定的暂定量，结算按实际计量调整**。同项目控制价侧文件含相同工程量且附带金额，引用金额一律以控制价侧为准（见 batch_28/29）。,2026-08-16
docs/library/04_市场与研究/中文行业报告集/202L 数据中心新/2019.7 中国移动南方基地二期工程二阶段项目/造价类资料（全程免费，得来不易需要完成一些小任务）1/1工程量清单-中国移动南方基地二期工程二阶段项目施工总承包(0)/消防工程/[20.4栋]火灾自动报警工程/4A_2019_南方基地二期二阶段造价204栋火灾自动报警工程_中国移动广东公司.xlsx,[20.4栋]火灾自动报警工程.xlsx,4,A,2019,中国移动广东公司,M10/M14,【敏感待判·业主商业信息】**南方基地二期二阶段**项目造价文件（工程量清单侧），工程名称「[20.4栋]火灾自动报警工程」。**本件是发给投标人填报的空白招标工程量清单：综合单价与合价列全部为空，因此不含任何金额**；但**工程量列是真实的**，逐条载明清单项编码、项目名称、项目特征描述、计量单位与工程量。**工程量最大的若干清单项（原文）**：高层施工增加（清单编码 031302007001）1.00 项；脚手架搭拆费（清单编码 031301017001）1.00 项。这些工程量本身即材料强度数据，可与同项目建筑面积配合，推出每平米的混凝土方量、砌体方量、钢结构吨位等物耗指标（M10）。归属项目：2019.7 中国移动南方基地二期工程二阶段项目。口径提醒：**招标阶段文件，非中标价与结算价；工程量为招标人给定的暂定量，结算按实际计量调整**。同项目控制价侧文件含相同工程量且附带金额，引用金额一律以控制价侧为准（见 batch_28/29）。,2026-08-16
docs/library/04_市场与研究/中文行业报告集/202L 数据中心新/2019.7 中国移动南方基地二期工程二阶段项目/造价类资料（全程免费，得来不易需要完成一些小任务）1/1工程量清单-中国移动南方基地二期工程二阶段项目施工总承包(0)/消防工程/[20.2栋]消防水灭火系统工程/4A_2019_南方基地二期二阶段造价202栋消防水灭火系统工程_中国移动广东公司.xlsx,[20.2栋]消防水灭火系统工程.xlsx,4,A,2019,中国移动广东公司,M10/M14,【敏感待判·业主商业信息】**南方基地二期二阶段**项目造价文件（工程量清单侧），工程名称「[20.2栋]消防水灭火系统工程」。**本件是发给投标人填报的空白招标工程量清单：综合单价与合价列全部为空，因此不含任何金额**；但**工程量列是真实的**，逐条载明清单项编码、项目名称、项目特征描述、计量单位与工程量。**工程量最大的若干清单项（原文）**：高层施工增加（清单编码 031302007001）1.00 项；脚手架搭拆费（清单编码 031301017001）1.00 项。这些工程量本身即材料强度数据，可与同项目建筑面积配合，推出每平米的混凝土方量、砌体方量、钢结构吨位等物耗指标（M10）。归属项目：2019.7 中国移动南方基地二期工程二阶段项目。口径提醒：**招标阶段文件，非中标价与结算价；工程量为招标人给定的暂定量，结算按实际计量调整**。同项目控制价侧文件含相同工程量且附带金额，引用金额一律以控制价侧为准（见 batch_28/29）。,2026-08-16
docs/library/04_市场与研究/中文行业报告集/202L 数据中心新/2019.7 中国移动南方基地二期工程二阶段项目/造价类资料（全程免费，得来不易需要完成一些小任务）1/1工程量清单-中国移动南方基地二期工程二阶段项目施工总承包(0)/消防工程/[20.1栋]火灾自动报警工程/4A_2019_南方基地二期二阶段造价201栋火灾自动报警工程_中国移动广东公司.xlsx,[20.1栋]火灾自动报警工程.xlsx,4,A,2019,中国移动广东公司,M10/M14,【敏感待判·业主商业信息】**南方基地二期二阶段**项目造价文件（工程量清单侧），工程名称「[20.1栋]火灾自动报警工程」。**本件是发给投标人填报的空白招标工程量清单：综合单价与合价列全部为空，因此不含任何金额**；但**工程量列是真实的**，逐条载明清单项编码、项目名称、项目特征描述、计量单位与工程量。**工程量最大的若干清单项（原文）**：高层施工增加（清单编码 031302007001）1.00 项；脚手架搭拆费（清单编码 031301017001）1.00 项。这些工程量本身即材料强度数据，可与同项目建筑面积配合，推出每平米的混凝土方量、砌体方量、钢结构吨位等物耗指标（M10）。归属项目：2019.7 中国移动南方基地二期工程二阶段项目。口径提醒：**招标阶段文件，非中标价与结算价；工程量为招标人给定的暂定量，结算按实际计量调整**。同项目控制价侧文件含相同工程量且附带金额，引用金额一律以控制价侧为准（见 batch_28/29）。,2026-08-16
docs/library/04_市场与研究/中文行业报告集/202L 数据中心新/2019.7 中国移动南方基地二期工程二阶段项目/造价类资料（全程免费，得来不易需要完成一些小任务）1/1工程量清单-中国移动南方基地二期工程二阶段项目施工总承包(0)/消防工程/[地下室]火灾自动报警工程/4A_2019_南方基地二期二阶段造价地下室火灾自动报警工程_中国移动广东公司.xlsx,[地下室]火灾自动报警工程.xlsx,4,A,2019,中国移动广东公司,M10/M14,【敏感待判·业主商业信息】**南方基地二期二阶段**项目造价文件（工程量清单侧），工程名称「[地下室]火灾自动报警工程」。**本件是发给投标人填报的空白招标工程量清单：综合单价与合价列全部为空，因此不含任何金额**；但**工程量列是真实的**，逐条载明清单项编码、项目名称、项目特征描述、计量单位与工程量。**工程量最大的若干清单项（原文）**：高层施工增加（清单编码 031302007001）1.00 项；脚手架搭拆费（清单编码 031301017001）1.00 项。这些工程量本身即材料强度数据，可与同项目建筑面积配合，推出每平米的混凝土方量、砌体方量、钢结构吨位等物耗指标（M10）。归属项目：2019.7 中国移动南方基地二期工程二阶段项目。口径提醒：**招标阶段文件，非中标价与结算价；工程量为招标人给定的暂定量，结算按实际计量调整**。同项目控制价侧文件含相同工程量且附带金额，引用金额一律以控制价侧为准（见 batch_28/29）。,2026-08-16
docs/library/04_市场与研究/中文行业报告集/202L 数据中心新/2019.7 中国移动南方基地二期工程二阶段项目/造价类资料（全程免费，得来不易需要完成一些小任务）1/1工程量清单-中国移动南方基地二期工程二阶段项目施工总承包(0)/地下室人防工程/[地下室]人防通风工程/4A_2019_南方基地二期二阶段造价地下室人防通风工程_中国移动广东公司.xlsx,[地下室]人防通风工程.xlsx,4,A,2019,中国移动广东公司,M10/M14,【敏感待判·业主商业信息】**南方基地二期二阶段**项目造价文件（工程量清单侧），工程名称「[地下室]人防通风工程」。**本件是发给投标人填报的空白招标工程量清单：综合单价与合价列全部为空，因此不含任何金额**；但**工程量列是真实的**，逐条载明清单项编码、项目名称、项目特征描述、计量单位与工程量。**工程量最大的若干清单项（原文）**：高层施工增加（清单编码 031302007001）1.00 项；脚手架搭拆费（清单编码 031301017001）1.00 项。这些工程量本身即材料强度数据，可与同项目建筑面积配合，推出每平米的混凝土方量、砌体方量、钢结构吨位等物耗指标（M10）。归属项目：2019.7 中国移动南方基地二期工程二阶段项目。口径提醒：**招标阶段文件，非中标价与结算价；工程量为招标人给定的暂定量，结算按实际计量调整**。同项目控制价侧文件含相同工程量且附带金额，引用金额一律以控制价侧为准（见 batch_28/29）。,2026-08-16
docs/library/04_市场与研究/中文行业报告集/202L 数据中心新/2019.7 中国移动南方基地二期工程二阶段项目/造价类资料（全程免费，得来不易需要完成一些小任务）1/1工程量清单-中国移动南方基地二期工程二阶段项目施工总承包(0)/地下室人防工程/[地下室]人防电气工程/4A_2019_南方基地二期二阶段造价地下室人防电气工程_中国移动广东公司.xlsx,[地下室]人防电气工程.xlsx,4,A,2019,中国移动广东公司,M10/M14,【敏感待判·业主商业信息】**南方基地二期二阶段**项目造价文件（工程量清单侧），工程名称「[地下室]人防电气工程」。**本件是发给投标人填报的空白招标工程量清单：综合单价与合价列全部为空，因此不含任何金额**；但**工程量列是真实的**，逐条载明清单项编码、项目名称、项目特征描述、计量单位与工程量。**工程量最大的若干清单项（原文）**：高层施工增加（清单编码 031302007001）1.00 项；脚手架搭拆费（清单编码 031301017001）1.00 项。这些工程量本身即材料强度数据，可与同项目建筑面积配合，推出每平米的混凝土方量、砌体方量、钢结构吨位等物耗指标（M10）。归属项目：2019.7 中国移动南方基地二期工程二阶段项目。口径提醒：**招标阶段文件，非中标价与结算价；工程量为招标人给定的暂定量，结算按实际计量调整**。同项目控制价侧文件含相同工程量且附带金额，引用金额一律以控制价侧为准（见 batch_28/29）。,2026-08-16
docs/library/04_市场与研究/中文行业报告集/202L 数据中心新/2019.7 中国移动南方基地二期工程二阶段项目/造价类资料（全程免费，得来不易需要完成一些小任务）1/1工程量清单-中国移动南方基地二期工程二阶段项目施工总承包(0)/地下室人防工程/[地下室]人防给排水工程/4A_2019_南方基地二期二阶段造价地下室人防给排水工程_中国移动广东公司.xlsx,[地下室]人防给排水工程.xlsx,4,A,2019,中国移动广东公司,M10/M14,【敏感待判·业主商业信息】**南方基地二期二阶段**项目造价文件（工程量清单侧），工程名称「[地下室]人防给排水工程」。**本件是发给投标人填报的空白招标工程量清单：综合单价与合价列全部为空，因此不含任何金额**；但**工程量列是真实的**，逐条载明清单项编码、项目名称、项目特征描述、计量单位与工程量。**工程量最大的若干清单项（原文）**：高层施工增加（清单编码 031302007001）1.00 项；脚手架搭拆费（清单编码 031301017001）1.00 项。这些工程量本身即材料强度数据，可与同项目建筑面积配合，推出每平米的混凝土方量、砌体方量、钢结构吨位等物耗指标（M10）。归属项目：2019.7 中国移动南方基地二期工程二阶段项目。口径提醒：**招标阶段文件，非中标价与结算价；工程量为招标人给定的暂定量，结算按实际计量调整**。同项目控制价侧文件含相同工程量且附带金额，引用金额一律以控制价侧为准（见 batch_28/29）。,2026-08-16
docs/library/04_市场与研究/中文行业报告集/202L 数据中心新/2019.7 中国移动南方基地二期工程二阶段项目/造价类资料（全程免费，得来不易需要完成一些小任务）1/1工程量清单-中国移动南方基地二期工程二阶段项目施工总承包(0)/地下管线盲探/地下管线盲探/4A_2019_南方基地二期二阶段造价地下管线盲探_中国移动广东公司.xlsx,地下管线盲探.xlsx,4,A,2019,中国移动广东公司,M10/M14,【敏感待判·业主商业信息】**南方基地二期二阶段**项目造价文件（工程量清单侧），工程名称「地下管线盲探」。**本件是发给投标人填报的空白招标工程量清单：综合单价与合价列全部为空，因此不含任何金额**；但**工程量列是真实的**，逐条载明清单项编码、项目名称、项目特征描述、计量单位与工程量。**工程量最大的若干清单项（原文）**：地下管线盲探（清单编码 01B001）1.00 项。这些工程量本身即材料强度数据，可与同项目建筑面积配合，推出每平米的混凝土方量、砌体方量、钢结构吨位等物耗指标（M10）。归属项目：2019.7 中国移动南方基地二期工程二阶段项目。口径提醒：**招标阶段文件，非中标价与结算价；工程量为招标人给定的暂定量，结算按实际计量调整**。同项目控制价侧文件含相同工程量且附带金额，引用金额一律以控制价侧为准（见 batch_28/29）。,2026-08-16
docs/library/04_市场与研究/中文行业报告集/202L 数据中心新/2019.7 中国移动南方基地二期工程二阶段项目/造价类资料（全程免费，得来不易需要完成一些小任务）1/1工程量清单-中国移动南方基地二期工程二阶段项目施工总承包(0)/临时用水/临时用水/4A_2019_南方基地二期二阶段造价临时用水_中国移动广东公司.xlsx,临时用水.xlsx,4,A,2019,中国移动广东公司,M10/M14,【敏感待判·业主商业信息】**南方基地二期二阶段**项目造价文件（工程量清单侧），工程名称「临时用水」。**本件是发给投标人填报的空白招标工程量清单：综合单价与合价列全部为空，因此不含任何金额**；但**工程量列是真实的**，逐条载明清单项编码、项目名称、项目特征描述、计量单位与工程量。**工程量最大的若干清单项（原文）**：临水工程（清单编码 01B001）1.00 项。这些工程量本身即材料强度数据，可与同项目建筑面积配合，推出每平米的混凝土方量、砌体方量、钢结构吨位等物耗指标（M10）。归属项目：2019.7 中国移动南方基地二期工程二阶段项目。口径提醒：**招标阶段文件，非中标价与结算价；工程量为招标人给定的暂定量，结算按实际计量调整**。同项目控制价侧文件含相同工程量且附带金额，引用金额一律以控制价侧为准（见 batch_28/29）。,2026-08-16
docs/library/04_市场与研究/中文行业报告集/202L 数据中心新/2019.7 中国移动南方基地二期工程二阶段项目/造价类资料（全程免费，得来不易需要完成一些小任务）1/1工程量清单-中国移动南方基地二期工程二阶段项目施工总承包(0)/总包管理服务费及甲供材料保管费/总包管理服务费及甲供材料保管费/3A_2019_南方基地二期二阶段造价总包管理服务费及甲供材料保管_中国移动广东公司.xlsx,总包管理服务费及甲供材料保管费.xlsx,3,A,2019,中国移动广东公司,M10/M14,【敏感待判·业主商业信息】**南方基地二期二阶段**项目造价文件（工程量清单侧），工程名称「总包管理服务费及甲供材料保管费」。**本件是发给投标人填报的空白招标工程量清单：综合单价与合价列全部为空，因此不含任何金额**；但**工程量列是真实的**，逐条载明清单项编码、项目名称、项目特征描述、计量单位与工程量。本件未解析出分部分项清单条目（可能为封面、说明、汇总或非清单类文件），不含可落库的工程量。归属项目：2019.7 中国移动南方基地二期工程二阶段项目。口径提醒：**招标阶段文件，非中标价与结算价；工程量为招标人给定的暂定量，结算按实际计量调整**。同项目控制价侧文件含相同工程量且附带金额，引用金额一律以控制价侧为准（见 batch_28/29）。,2026-08-16
docs/library/04_市场与研究/中文行业报告集/202L 数据中心新/2019.7 中国移动南方基地二期工程二阶段项目/造价类资料（全程免费，得来不易需要完成一些小任务）1/1工程量清单-中国移动南方基地二期工程二阶段项目施工总承包(0)/室外工程/雨水收集池土建/4A_2019_南方基地二期二阶段造价雨水收集池土建_中国移动广东公司.xlsx,雨水收集池土建.xlsx,4,A,2019,中国移动广东公司,M10/M14,【敏感待判·业主商业信息】**南方基地二期二阶段**项目造价文件（工程量清单侧），工程名称「雨水收集池土建」。**本件是发给投标人填报的空白招标工程量清单：综合单价与合价列全部为空，因此不含任何金额**；但**工程量列是真实的**，逐条载明清单项编码、项目名称、项目特征描述、计量单位与工程量。**工程量最大的若干清单项（原文）**：雨水池（侧壁）（清单编码 070302001002）930.39 m2；雨水池（顶板）（清单编码 070302001003）107.80 m2；现浇构件钢筋（清单编码 010515001004）38.98 t；雨水池（底板）（清单编码 070302001001）34.13 m2；基础（清单编码 011702001003）8.16 m2；现浇构件钢筋（清单编码 010515001003）3.11 t。这些工程量本身即材料强度数据，可与同项目建筑面积配合，推出每平米的混凝土方量、砌体方量、钢结构吨位等物耗指标（M10）。归属项目：2019.7 中国移动南方基地二期工程二阶段项目。口径提醒：**招标阶段文件，非中标价与结算价；工程量为招标人给定的暂定量，结算按实际计量调整**。同项目控制价侧文件含相同工程量且附带金额，引用金额一律以控制价侧为准（见 batch_28/29）。,2026-08-16
docs/library/04_市场与研究/中文行业报告集/202L 数据中心新/2019.7 中国移动南方基地二期工程二阶段项目/造价类资料（全程免费，得来不易需要完成一些小任务）1/1工程量清单-中国移动南方基地二期工程二阶段项目施工总承包(0)/室外工程/室外综合管网给排水工程/4A_2019_南方基地二期二阶段造价室外综合管网给排水工程_中国移动广东公司.xlsx,室外综合管网给排水工程.xlsx,4,A,2019,中国移动广东公司,M10/M14,【敏感待判·业主商业信息】**南方基地二期二阶段**项目造价文件（工程量清单侧），工程名称「室外综合管网给排水工程」。**本件是发给投标人填报的空白招标工程量清单：综合单价与合价列全部为空，因此不含任何金额**；但**工程量列是真实的**，逐条载明清单项编码、项目名称、项目特征描述、计量单位与工程量。**工程量最大的若干清单项（原文）**：高层施工增加（清单编码 031302007001）1.00 项；脚手架搭拆费（清单编码 031301017001）1.00 项。这些工程量本身即材料强度数据，可与同项目建筑面积配合，推出每平米的混凝土方量、砌体方量、钢结构吨位等物耗指标（M10）。归属项目：2019.7 中国移动南方基地二期工程二阶段项目。口径提醒：**招标阶段文件，非中标价与结算价；工程量为招标人给定的暂定量，结算按实际计量调整**。同项目控制价侧文件含相同工程量且附带金额，引用金额一律以控制价侧为准（见 batch_28/29）。,2026-08-16
docs/library/04_市场与研究/中文行业报告集/202L 数据中心新/2019.7 中国移动南方基地二期工程二阶段项目/造价类资料（全程免费，得来不易需要完成一些小任务）1/1工程量清单-中国移动南方基地二期工程二阶段项目施工总承包(0)/室外工程/消防水灭火系统工程/4A_2019_南方基地二期二阶段造价消防水灭火系统工程_中国移动广东公司.xlsx,消防水灭火系统工程.xlsx,4,A,2019,中国移动广东公司,M10/M14,【敏感待判·业主商业信息】**南方基地二期二阶段**项目造价文件（工程量清单侧），工程名称「消防水灭火系统工程」。**本件是发给投标人填报的空白招标工程量清单：综合单价与合价列全部为空，因此不含任何金额**；但**工程量列是真实的**，逐条载明清单项编码、项目名称、项目特征描述、计量单位与工程量。**工程量最大的若干清单项（原文）**：高层施工增加（清单编码 031302007003）1.00 项；脚手架搭拆费（清单编码 031301017003）1.00 项。这些工程量本身即材料强度数据，可与同项目建筑面积配合，推出每平米的混凝土方量、砌体方量、钢结构吨位等物耗指标（M10）。归属项目：2019.7 中国移动南方基地二期工程二阶段项目。口径提醒：**招标阶段文件，非中标价与结算价；工程量为招标人给定的暂定量，结算按实际计量调整**。同项目控制价侧文件含相同工程量且附带金额，引用金额一律以控制价侧为准（见 batch_28/29）。,2026-08-16
docs/library/04_市场与研究/中文行业报告集/202L 数据中心新/2019.7 中国移动南方基地二期工程二阶段项目/造价类资料（全程免费，得来不易需要完成一些小任务）1/1工程量清单-中国移动南方基地二期工程二阶段项目施工总承包(0)/室外工程/室外雨水收集系统工程/4A_2019_南方基地二期二阶段造价室外雨水收集系统工程_中国移动广东公司.xlsx,室外雨水收集系统工程.xlsx,4,A,2019,中国移动广东公司,M10/M14,【敏感待判·业主商业信息】**南方基地二期二阶段**项目造价文件（工程量清单侧），工程名称「室外雨水收集系统工程」。**本件是发给投标人填报的空白招标工程量清单：综合单价与合价列全部为空，因此不含任何金额**；但**工程量列是真实的**，逐条载明清单项编码、项目名称、项目特征描述、计量单位与工程量。**工程量最大的若干清单项（原文）**：高层施工增加（清单编码 031302007002）1.00 项；脚手架搭拆费（清单编码 031301017002）1.00 项。这些工程量本身即材料强度数据，可与同项目建筑面积配合，推出每平米的混凝土方量、砌体方量、钢结构吨位等物耗指标（M10）。归属项目：2019.7 中国移动南方基地二期工程二阶段项目。口径提醒：**招标阶段文件，非中标价与结算价；工程量为招标人给定的暂定量，结算按实际计量调整**。同项目控制价侧文件含相同工程量且附带金额，引用金额一律以控制价侧为准（见 batch_28/29）。,2026-08-16
docs/library/04_市场与研究/中文行业报告集/202L 数据中心新/2019.7 中国移动南方基地二期工程二阶段项目/造价类资料（全程免费，得来不易需要完成一些小任务）1/1工程量清单-中国移动南方基地二期工程二阶段项目施工总承包(0)/室外工程/园建工程/4A_2019_南方基地二期二阶段造价园建工程_中国移动广东公司.xlsx,园建工程.xlsx,4,A,2019,中国移动广东公司,M10/M14,"【敏感待判·业主商业信息】**南方基地二期二阶段**项目造价文件（工程量清单侧），工程名称「园建工程」。**本件是发给投标人填报的空白招标工程量清单：综合单价与合价列全部为空，因此不含任何金额**；但**工程量列是真实的**，逐条载明清单项编码、项目名称、项目特征描述、计量单位与工程量。**工程量最大的若干清单项（原文）**：垫层模板（清单编码 041102001001）1,084.27 m2；台阶（清单编码 011702027001）681.74 m2；侧石后座模板（清单编码 041102021001）263.36 m2；现浇构件钢筋（顶板交接加强筋）（清单编码 010515001001）15.51 t。这些工程量本身即材料强度数据，可与同项目建筑面积配合，推出每平米的混凝土方量、砌体方量、钢结构吨位等物耗指标（M10）。归属项目：2019.7 中国移动南方基地二期工程二阶段项目。口径提醒：**招标阶段文件，非中标价与结算价；工程量为招标人给定的暂定量，结算按实际计量调整**。同项目控制价侧文件含相同工程量且附带金额，引用金额一律以控制价侧为准（见 batch_28/29）。",2026-08-16
docs/library/04_市场与研究/中文行业报告集/202L 数据中心新/2019.7 中国移动南方基地二期工程二阶段项目/造价类资料（全程免费，得来不易需要完成一些小任务）1/1工程量清单-中国移动南方基地二期工程二阶段项目施工总承包(0)/室外工程/永久围墙工程/4A_2019_南方基地二期二阶段造价永久围墙工程_中国移动广东公司.xlsx,永久围墙工程.xlsx,4,A,2019,中国移动广东公司,M10/M14,【敏感待判·业主商业信息】**南方基地二期二阶段**项目造价文件（工程量清单侧），工程名称「永久围墙工程」。**本件是发给投标人填报的空白招标工程量清单：综合单价与合价列全部为空，因此不含任何金额**；但**工程量列是真实的**，逐条载明清单项编码、项目名称、项目特征描述、计量单位与工程量。**工程量最大的若干清单项（原文）**：独立基础模板（清单编码 011702001002）281.85 m2；垫层模板（清单编码 011702001001）70.46 m2；现浇构件钢筋（清单编码 010515001002）0.42 t。这些工程量本身即材料强度数据，可与同项目建筑面积配合，推出每平米的混凝土方量、砌体方量、钢结构吨位等物耗指标（M10）。归属项目：2019.7 中国移动南方基地二期工程二阶段项目。口径提醒：**招标阶段文件，非中标价与结算价；工程量为招标人给定的暂定量，结算按实际计量调整**。同项目控制价侧文件含相同工程量且附带金额，引用金额一律以控制价侧为准（见 batch_28/29）。,2026-08-16
docs/library/04_市场与研究/中文行业报告集/202L 数据中心新/2019.7 中国移动南方基地二期工程二阶段项目/造价类资料（全程免费，得来不易需要完成一些小任务）1/1工程量清单-中国移动南方基地二期工程二阶段项目施工总承包(0)/室外工程/发电机房柴油供油系统工程/4A_2019_南方基地二期二阶段造价发电机房柴油供油系统工程_中国移动广东公司.xlsx,发电机房柴油供油系统工程.xlsx,4,A,2019,中国移动广东公司,M10/M14,【敏感待判·业主商业信息】**南方基地二期二阶段**项目造价文件（工程量清单侧），工程名称「发电机房柴油供油系统工程」。**本件是发给投标人填报的空白招标工程量清单：综合单价与合价列全部为空，因此不含任何金额**；但**工程量列是真实的**，逐条载明清单项编码、项目名称、项目特征描述、计量单位与工程量。**工程量最大的若干清单项（原文）**：平整场地（清单编码 010101001001）468.74 m2；高层施工增加（清单编码 031302007006）1.00 项；高层施工增加（清单编码 031302007005）1.00 项；脚手架搭拆费（清单编码 031301017006）1.00 项；脚手架搭拆费（清单编码 031301017005）1.00 项；预埋铁件（清单编码 010516002002）0.27 t。这些工程量本身即材料强度数据，可与同项目建筑面积配合，推出每平米的混凝土方量、砌体方量、钢结构吨位等物耗指标（M10）。归属项目：2019.7 中国移动南方基地二期工程二阶段项目。口径提醒：**招标阶段文件，非中标价与结算价；工程量为招标人给定的暂定量，结算按实际计量调整**。同项目控制价侧文件含相同工程量且附带金额，引用金额一律以控制价侧为准（见 batch_28/29）。,2026-08-16
docs/library/04_市场与研究/中文行业报告集/202L 数据中心新/2019.7 中国移动南方基地二期工程二阶段项目/造价类资料（全程免费，得来不易需要完成一些小任务）1/1工程量清单-中国移动南方基地二期工程二阶段项目施工总承包(0)/室外工程/智能化工程/4A_2019_南方基地二期二阶段造价智能化工程_中国移动广东公司.xlsx,智能化工程.xlsx,4,A,2019,中国移动广东公司,M10/M14,"【敏感待判·业主商业信息】**南方基地二期二阶段**项目造价文件（工程量清单侧），工程名称「智能化工程」。**本件是发给投标人填报的空白招标工程量清单：综合单价与合价列全部为空，因此不含任何金额**；但**工程量列是真实的**，逐条载明清单项编码、项目名称、项目特征描述、计量单位与工程量。**工程量最大的若干清单项（原文）**：挖沟槽土方（清单编码 040101002003）1,609.36 m3；回填方（清单编码 040103001006）1,069.15 m3；高层施工增加（清单编码 031302007004）1.00 项；脚手架搭拆费（清单编码 031301017004）1.00 项。这些工程量本身即材料强度数据，可与同项目建筑面积配合，推出每平米的混凝土方量、砌体方量、钢结构吨位等物耗指标（M10）。归属项目：2019.7 中国移动南方基地二期工程二阶段项目。口径提醒：**招标阶段文件，非中标价与结算价；工程量为招标人给定的暂定量，结算按实际计量调整**。同项目控制价侧文件含相同工程量且附带金额，引用金额一律以控制价侧为准（见 batch_28/29）。",2026-08-16
docs/library/04_市场与研究/中文行业报告集/202L 数据中心新/2019.7 中国移动南方基地二期工程二阶段项目/造价类资料（全程免费，得来不易需要完成一些小任务）1/1工程量清单-中国移动南方基地二期工程二阶段项目施工总承包(0)/精装修工程暂估价/装修精装修工程暂估价/3A_2019_南方基地二期二阶段造价装修精装修工程暂估价_中国移动广东公司.xlsx,装修精装修工程暂估价.xlsx,3,A,2019,中国移动广东公司,M10/M14,【敏感待判·业主商业信息】**南方基地二期二阶段**项目造价文件（工程量清单侧），工程名称「装修精装修工程暂估价」。**本件是发给投标人填报的空白招标工程量清单：综合单价与合价列全部为空，因此不含任何金额**；但**工程量列是真实的**，逐条载明清单项编码、项目名称、项目特征描述、计量单位与工程量。本件未解析出分部分项清单条目（可能为封面、说明、汇总或非清单类文件），不含可落库的工程量。归属项目：2019.7 中国移动南方基地二期工程二阶段项目。口径提醒：**招标阶段文件，非中标价与结算价；工程量为招标人给定的暂定量，结算按实际计量调整**。同项目控制价侧文件含相同工程量且附带金额，引用金额一律以控制价侧为准（见 batch_28/29）。,2026-08-16
docs/library/04_市场与研究/中文行业报告集/202L 数据中心新/2019.7 中国移动南方基地二期工程二阶段项目/造价类资料（全程免费，得来不易需要完成一些小任务）1/1工程量清单-中国移动南方基地二期工程二阶段项目施工总承包(0)/精装修工程暂估价/安装精装修工程暂估价/3A_2019_南方基地二期二阶段造价安装精装修工程暂估价_中国移动广东公司.xlsx,安装精装修工程暂估价.xlsx,3,A,2019,中国移动广东公司,M10/M14,【敏感待判·业主商业信息】**南方基地二期二阶段**项目造价文件（工程量清单侧），工程名称「安装精装修工程暂估价」。**本件是发给投标人填报的空白招标工程量清单：综合单价与合价列全部为空，因此不含任何金额**；但**工程量列是真实的**，逐条载明清单项编码、项目名称、项目特征描述、计量单位与工程量。本件未解析出分部分项清单条目（可能为封面、说明、汇总或非清单类文件），不含可落库的工程量。归属项目：2019.7 中国移动南方基地二期工程二阶段项目。口径提醒：**招标阶段文件，非中标价与结算价；工程量为招标人给定的暂定量，结算按实际计量调整**。同项目控制价侧文件含相同工程量且附带金额，引用金额一律以控制价侧为准（见 batch_28/29）。,2026-08-16
docs/library/04_市场与研究/中文行业报告集/202L 数据中心新/2019.7 中国移动南方基地二期工程二阶段项目/造价类资料（全程免费，得来不易需要完成一些小任务）1/1控制价-中国移动南方基地二期工程二阶段项目施工总承包/3A_2019_南方基地二期二阶段造价中国移动南方基地二期工程二阶_中国移动广东公司.xlsx,中国移动南方基地二期工程二阶段项目施工总承包k.xlsx,3,A,2019,中国移动广东公司,M10/M14,【敏感待判·业主商业信息】**南方基地二期二阶段**项目造价文件（控制价侧），工程名称「中国移动南方基地二期工程二阶段项目施工总承包k」。本件汇总表未解析出总造价（可能为无金额的空表、说明性文件或非标准格式），金额一律标 [未核]。本件未解析出分部分项清单条目（可能为封面、说明、汇总或非清单类文件），不含可落库的工程量。归属项目：2019.7 中国移动南方基地二期工程二阶段项目。口径提醒：**招标阶段文件，非中标价与结算价；工程量为招标人给定的暂定量，结算按实际计量调整**。同项目控制价侧文件含相同工程量且附带金额，引用金额一律以控制价侧为准（见 batch_28/29）。,2026-08-16
docs/library/04_市场与研究/中文行业报告集/202L 数据中心新/2019.7 中国移动南方基地二期工程二阶段项目/造价类资料（全程免费，得来不易需要完成一些小任务）1/1控制价-中国移动南方基地二期工程二阶段项目施工总承包/白蚁防治工程/3A_2019_南方基地二期二阶段造价白蚁防治工程_中国移动广东公司.xlsx,白蚁防治工程.xlsx,3,A,2019,中国移动广东公司,M10/M14,【敏感待判·业主商业信息】**南方基地二期二阶段**项目造价文件（控制价侧），工程名称「白蚁防治工程」。本件汇总表未解析出总造价（可能为无金额的空表、说明性文件或非标准格式），金额一律标 [未核]。本件未解析出分部分项清单条目（可能为封面、说明、汇总或非清单类文件），不含可落库的工程量。归属项目：2019.7 中国移动南方基地二期工程二阶段项目。口径提醒：**招标阶段文件，非中标价与结算价；工程量为招标人给定的暂定量，结算按实际计量调整**。同项目控制价侧文件含相同工程量且附带金额，引用金额一律以控制价侧为准（见 batch_28/29）。,2026-08-16
docs/library/04_市场与研究/中文行业报告集/202L 数据中心新/2019.7 中国移动南方基地二期工程二阶段项目/造价类资料（全程免费，得来不易需要完成一些小任务）1/1控制价-中国移动南方基地二期工程二阶段项目施工总承包/电梯工程/3A_2019_南方基地二期二阶段造价电梯工程_中国移动广东公司.xlsx,电梯工程.xlsx,3,A,2019,中国移动广东公司,M10/M14,【敏感待判·业主商业信息】**南方基地二期二阶段**项目造价文件（控制价侧），工程名称「电梯工程」。本件汇总表未解析出总造价（可能为无金额的空表、说明性文件或非标准格式），金额一律标 [未核]。本件未解析出分部分项清单条目（可能为封面、说明、汇总或非清单类文件），不含可落库的工程量。归属项目：2019.7 中国移动南方基地二期工程二阶段项目。口径提醒：**招标阶段文件，非中标价与结算价；工程量为招标人给定的暂定量，结算按实际计量调整**。同项目控制价侧文件含相同工程量且附带金额，引用金额一律以控制价侧为准（见 batch_28/29）。,2026-08-16
docs/library/04_市场与研究/中文行业报告集/202L 数据中心新/2019.7 中国移动南方基地二期工程二阶段项目/造价类资料（全程免费，得来不易需要完成一些小任务）1/1控制价-中国移动南方基地二期工程二阶段项目施工总承包/通风空调工程/3A_2019_南方基地二期二阶段造价通风空调工程_中国移动广东公司.xlsx,通风空调工程.xlsx,3,A,2019,中国移动广东公司,M10/M14,【敏感待判·业主商业信息】**南方基地二期二阶段**项目造价文件（控制价侧），工程名称「通风空调工程」。本件汇总表未解析出总造价（可能为无金额的空表、说明性文件或非标准格式），金额一律标 [未核]。本件未解析出分部分项清单条目（可能为封面、说明、汇总或非清单类文件），不含可落库的工程量。归属项目：2019.7 中国移动南方基地二期工程二阶段项目。口径提醒：**招标阶段文件，非中标价与结算价；工程量为招标人给定的暂定量，结算按实际计量调整**。同项目控制价侧文件含相同工程量且附带金额，引用金额一律以控制价侧为准（见 batch_28/29）。,2026-08-16
docs/library/04_市场与研究/中文行业报告集/202L 数据中心新/2019.7 中国移动南方基地二期工程二阶段项目/造价类资料（全程免费，得来不易需要完成一些小任务）1/1控制价-中国移动南方基地二期工程二阶段项目施工总承包/通风空调工程/[20.2栋]通风空调工程/3A_2019_南方基地二期二阶段造价202栋通风空调工程_1_中国移动广东公司.xlsx,[20.2栋]通风空调工程_1.xlsx,3,A,2019,中国移动广东公司,M10/M14,【敏感待判·业主商业信息】**南方基地二期二阶段**项目造价文件（控制价侧），工程名称「[20.2栋]通风空调工程_1」。本件汇总表未解析出总造价（可能为无金额的空表、说明性文件或非标准格式），金额一律标 [未核]。本件未解析出分部分项清单条目（可能为封面、说明、汇总或非清单类文件），不含可落库的工程量。归属项目：2019.7 中国移动南方基地二期工程二阶段项目。口径提醒：**招标阶段文件，非中标价与结算价；工程量为招标人给定的暂定量，结算按实际计量调整**。同项目控制价侧文件含相同工程量且附带金额，引用金额一律以控制价侧为准（见 batch_28/29）。,2026-08-16
docs/library/04_市场与研究/中文行业报告集/202L 数据中心新/2019.7 中国移动南方基地二期工程二阶段项目/造价类资料（全程免费，得来不易需要完成一些小任务）1/1控制价-中国移动南方基地二期工程二阶段项目施工总承包/通风空调工程/[20.2栋]通风空调工程/3A_2019_南方基地二期二阶段造价202栋通风空调工程_2_中国移动广东公司.xlsx,[20.2栋]通风空调工程_2.xlsx,3,A,2019,中国移动广东公司,M10/M14,【敏感待判·业主商业信息】**南方基地二期二阶段**项目造价文件（控制价侧），工程名称「[20.2栋]通风空调工程_2」。本件汇总表未解析出总造价（可能为无金额的空表、说明性文件或非标准格式），金额一律标 [未核]。本件未解析出分部分项清单条目（可能为封面、说明、汇总或非清单类文件），不含可落库的工程量。归属项目：2019.7 中国移动南方基地二期工程二阶段项目。口径提醒：**招标阶段文件，非中标价与结算价；工程量为招标人给定的暂定量，结算按实际计量调整**。同项目控制价侧文件含相同工程量且附带金额，引用金额一律以控制价侧为准（见 batch_28/29）。,2026-08-16
docs/library/04_市场与研究/中文行业报告集/202L 数据中心新/2019.7 中国移动南方基地二期工程二阶段项目/造价类资料（全程免费，得来不易需要完成一些小任务）1/1控制价-中国移动南方基地二期工程二阶段项目施工总承包/通风空调工程/[20.1栋]通风空调工程/3A_2019_南方基地二期二阶段造价201栋通风空调工程_1_中国移动广东公司.xlsx,[20.1栋]通风空调工程_1.xlsx,3,A,2019,中国移动广东公司,M10/M14,【敏感待判·业主商业信息】**南方基地二期二阶段**项目造价文件（控制价侧），工程名称「[20.1栋]通风空调工程_1」。本件汇总表未解析出总造价（可能为无金额的空表、说明性文件或非标准格式），金额一律标 [未核]。本件未解析出分部分项清单条目（可能为封面、说明、汇总或非清单类文件），不含可落库的工程量。归属项目：2019.7 中国移动南方基地二期工程二阶段项目。口径提醒：**招标阶段文件，非中标价与结算价；工程量为招标人给定的暂定量，结算按实际计量调整**。同项目控制价侧文件含相同工程量且附带金额，引用金额一律以控制价侧为准（见 batch_28/29）。,2026-08-16
docs/library/04_市场与研究/中文行业报告集/202L 数据中心新/2019.7 中国移动南方基地二期工程二阶段项目/造价类资料（全程免费，得来不易需要完成一些小任务）1/1控制价-中国移动南方基地二期工程二阶段项目施工总承包/通风空调工程/[20.1栋]通风空调工程/3A_2019_南方基地二期二阶段造价201栋通风空调工程_2_中国移动广东公司.xlsx,[20.1栋]通风空调工程_2.xlsx,3,A,2019,中国移动广东公司,M10/M14,【敏感待判·业主商业信息】**南方基地二期二阶段**项目造价文件（控制价侧），工程名称「[20.1栋]通风空调工程_2」。本件汇总表未解析出总造价（可能为无金额的空表、说明性文件或非标准格式），金额一律标 [未核]。本件未解析出分部分项清单条目（可能为封面、说明、汇总或非清单类文件），不含可落库的工程量。归属项目：2019.7 中国移动南方基地二期工程二阶段项目。口径提醒：**招标阶段文件，非中标价与结算价；工程量为招标人给定的暂定量，结算按实际计量调整**。同项目控制价侧文件含相同工程量且附带金额，引用金额一律以控制价侧为准（见 batch_28/29）。,2026-08-16
docs/library/04_市场与研究/中文行业报告集/202L 数据中心新/2019.7 中国移动南方基地二期工程二阶段项目/造价类资料（全程免费，得来不易需要完成一些小任务）1/1控制价-中国移动南方基地二期工程二阶段项目施工总承包/凌塘村排水工程及相关拆除补偿/3A_2019_南方基地二期二阶段造价凌塘村排水工程及相关拆除补偿_中国移动广东公司.xlsx,凌塘村排水工程及相关拆除补偿.xlsx,3,A,2019,中国移动广东公司,M10/M14,【敏感待判·业主商业信息】**南方基地二期二阶段**项目造价文件（控制价侧），工程名称「凌塘村排水工程及相关拆除补偿」。本件汇总表未解析出总造价（可能为无金额的空表、说明性文件或非标准格式），金额一律标 [未核]。本件未解析出分部分项清单条目（可能为封面、说明、汇总或非清单类文件），不含可落库的工程量。归属项目：2019.7 中国移动南方基地二期工程二阶段项目。口径提醒：**招标阶段文件，非中标价与结算价；工程量为招标人给定的暂定量，结算按实际计量调整**。同项目控制价侧文件含相同工程量且附带金额，引用金额一律以控制价侧为准（见 batch_28/29）。,2026-08-16
docs/library/04_市场与研究/中文行业报告集/202L 数据中心新/2019.7 中国移动南方基地二期工程二阶段项目/造价类资料（全程免费，得来不易需要完成一些小任务）1/1控制价-中国移动南方基地二期工程二阶段项目施工总承包/电气工程/3A_2019_南方基地二期二阶段造价电气工程_中国移动广东公司.xlsx,电气工程.xlsx,3,A,2019,中国移动广东公司,M10/M14,【敏感待判·业主商业信息】**南方基地二期二阶段**项目造价文件（控制价侧），工程名称「电气工程」。本件汇总表未解析出总造价（可能为无金额的空表、说明性文件或非标准格式），金额一律标 [未核]。本件未解析出分部分项清单条目（可能为封面、说明、汇总或非清单类文件），不含可落库的工程量。归属项目：2019.7 中国移动南方基地二期工程二阶段项目。口径提醒：**招标阶段文件，非中标价与结算价；工程量为招标人给定的暂定量，结算按实际计量调整**。同项目控制价侧文件含相同工程量且附带金额，引用金额一律以控制价侧为准（见 batch_28/29）。,2026-08-16
docs/library/04_市场与研究/中文行业报告集/202L 数据中心新/2019.7 中国移动南方基地二期工程二阶段项目/造价类资料（全程免费，得来不易需要完成一些小任务）1/1控制价-中国移动南方基地二期工程二阶段项目施工总承包/房屋鉴定/3A_2019_南方基地二期二阶段造价房屋鉴定_中国移动广东公司.xlsx,房屋鉴定.xlsx,3,A,2019,中国移动广东公司,M10/M14,【敏感待判·业主商业信息】**南方基地二期二阶段**项目造价文件（控制价侧），工程名称「房屋鉴定」。本件汇总表未解析出总造价（可能为无金额的空表、说明性文件或非标准格式），金额一律标 [未核]。本件未解析出分部分项清单条目（可能为封面、说明、汇总或非清单类文件），不含可落库的工程量。归属项目：2019.7 中国移动南方基地二期工程二阶段项目。口径提醒：**招标阶段文件，非中标价与结算价；工程量为招标人给定的暂定量，结算按实际计量调整**。同项目控制价侧文件含相同工程量且附带金额，引用金额一律以控制价侧为准（见 batch_28/29）。,2026-08-16
docs/library/04_市场与研究/中文行业报告集/202L 数据中心新/2019.7 中国移动南方基地二期工程二阶段项目/造价类资料（全程免费，得来不易需要完成一些小任务）1/1控制价-中国移动南方基地二期工程二阶段项目施工总承包/室外配套工程/3A_2019_南方基地二期二阶段造价室外配套工程_中国移动广东公司.xlsx,室外配套工程.xlsx,3,A,2019,中国移动广东公司,M10/M14,【敏感待判·业主商业信息】**南方基地二期二阶段**项目造价文件（控制价侧），工程名称「室外配套工程」。本件汇总表未解析出总造价（可能为无金额的空表、说明性文件或非标准格式），金额一律标 [未核]。本件未解析出分部分项清单条目（可能为封面、说明、汇总或非清单类文件），不含可落库的工程量。归属项目：2019.7 中国移动南方基地二期工程二阶段项目。口径提醒：**招标阶段文件，非中标价与结算价；工程量为招标人给定的暂定量，结算按实际计量调整**。同项目控制价侧文件含相同工程量且附带金额，引用金额一律以控制价侧为准（见 batch_28/29）。,2026-08-16
docs/library/04_市场与研究/中文行业报告集/202L 数据中心新/2019.7 中国移动南方基地二期工程二阶段项目/造价类资料（全程免费，得来不易需要完成一些小任务）1/1控制价-中国移动南方基地二期工程二阶段项目施工总承包/冷源系统工程/3A_2019_南方基地二期二阶段造价冷源系统工程_中国移动广东公司.xlsx,冷源系统工程.xlsx,3,A,2019,中国移动广东公司,M10/M14,【敏感待判·业主商业信息】**南方基地二期二阶段**项目造价文件（控制价侧），工程名称「冷源系统工程」。本件汇总表未解析出总造价（可能为无金额的空表、说明性文件或非标准格式），金额一律标 [未核]。本件未解析出分部分项清单条目（可能为封面、说明、汇总或非清单类文件），不含可落库的工程量。归属项目：2019.7 中国移动南方基地二期工程二阶段项目。口径提醒：**招标阶段文件，非中标价与结算价；工程量为招标人给定的暂定量，结算按实际计量调整**。同项目控制价侧文件含相同工程量且附带金额，引用金额一律以控制价侧为准（见 batch_28/29）。,2026-08-16
docs/library/04_市场与研究/中文行业报告集/202L 数据中心新/2019.7 中国移动南方基地二期工程二阶段项目/造价类资料（全程免费，得来不易需要完成一些小任务）1/1控制价-中国移动南方基地二期工程二阶段项目施工总承包/高低压配电工程/3A_2019_南方基地二期二阶段造价高低压配电工程_中国移动广东公司.xlsx,高低压配电工程.xlsx,3,A,2019,中国移动广东公司,M10/M14,【敏感待判·业主商业信息】**南方基地二期二阶段**项目造价文件（控制价侧），工程名称「高低压配电工程」。本件汇总表未解析出总造价（可能为无金额的空表、说明性文件或非标准格式），金额一律标 [未核]。本件未解析出分部分项清单条目（可能为封面、说明、汇总或非清单类文件），不含可落库的工程量。归属项目：2019.7 中国移动南方基地二期工程二阶段项目。口径提醒：**招标阶段文件，非中标价与结算价；工程量为招标人给定的暂定量，结算按实际计量调整**。同项目控制价侧文件含相同工程量且附带金额，引用金额一律以控制价侧为准（见 batch_28/29）。,2026-08-16
docs/library/04_市场与研究/中文行业报告集/202L 数据中心新/2019.7 中国移动南方基地二期工程二阶段项目/造价类资料（全程免费，得来不易需要完成一些小任务）1/1控制价-中国移动南方基地二期工程二阶段项目施工总承包/土建工程/3A_2019_南方基地二期二阶段造价土建工程_中国移动广东公司.xlsx,土建工程.xlsx,3,A,2019,中国移动广东公司,M10/M14,【敏感待判·业主商业信息】**南方基地二期二阶段**项目造价文件（控制价侧），工程名称「土建工程」。本件汇总表未解析出总造价（可能为无金额的空表、说明性文件或非标准格式），金额一律标 [未核]。本件未解析出分部分项清单条目（可能为封面、说明、汇总或非清单类文件），不含可落库的工程量。归属项目：2019.7 中国移动南方基地二期工程二阶段项目。口径提醒：**招标阶段文件，非中标价与结算价；工程量为招标人给定的暂定量，结算按实际计量调整**。同项目控制价侧文件含相同工程量且附带金额，引用金额一律以控制价侧为准（见 batch_28/29）。,2026-08-16
docs/library/04_市场与研究/中文行业报告集/202L 数据中心新/2019.7 中国移动南方基地二期工程二阶段项目/造价类资料（全程免费，得来不易需要完成一些小任务）1/1控制价-中国移动南方基地二期工程二阶段项目施工总承包/给排水工程/3A_2019_南方基地二期二阶段造价给排水工程_中国移动广东公司.xlsx,给排水工程.xlsx,3,A,2019,中国移动广东公司,M10/M14,【敏感待判·业主商业信息】**南方基地二期二阶段**项目造价文件（控制价侧），工程名称「给排水工程」。本件汇总表未解析出总造价（可能为无金额的空表、说明性文件或非标准格式），金额一律标 [未核]。本件未解析出分部分项清单条目（可能为封面、说明、汇总或非清单类文件），不含可落库的工程量。归属项目：2019.7 中国移动南方基地二期工程二阶段项目。口径提醒：**招标阶段文件，非中标价与结算价；工程量为招标人给定的暂定量，结算按实际计量调整**。同项目控制价侧文件含相同工程量且附带金额，引用金额一律以控制价侧为准（见 batch_28/29）。,2026-08-16
docs/library/04_市场与研究/中文行业报告集/202L 数据中心新/2019.7 中国移动南方基地二期工程二阶段项目/造价类资料（全程免费，得来不易需要完成一些小任务）1/1控制价-中国移动南方基地二期工程二阶段项目施工总承包/抗震支架工程/3A_2019_南方基地二期二阶段造价抗震支架工程_中国移动广东公司.xlsx,抗震支架工程.xlsx,3,A,2019,中国移动广东公司,M10/M14,【敏感待判·业主商业信息】**南方基地二期二阶段**项目造价文件（控制价侧），工程名称「抗震支架工程」。本件汇总表未解析出总造价（可能为无金额的空表、说明性文件或非标准格式），金额一律标 [未核]。本件未解析出分部分项清单条目（可能为封面、说明、汇总或非清单类文件），不含可落库的工程量。归属项目：2019.7 中国移动南方基地二期工程二阶段项目。口径提醒：**招标阶段文件，非中标价与结算价；工程量为招标人给定的暂定量，结算按实际计量调整**。同项目控制价侧文件含相同工程量且附带金额，引用金额一律以控制价侧为准（见 batch_28/29）。,2026-08-16
docs/library/04_市场与研究/中文行业报告集/202L 数据中心新/2019.7 中国移动南方基地二期工程二阶段项目/造价类资料（全程免费，得来不易需要完成一些小任务）1/1控制价-中国移动南方基地二期工程二阶段项目施工总承包/消防工程/3A_2019_南方基地二期二阶段造价消防工程_中国移动广东公司.xlsx,消防工程.xlsx,3,A,2019,中国移动广东公司,M10/M14,【敏感待判·业主商业信息】**南方基地二期二阶段**项目造价文件（控制价侧），工程名称「消防工程」。本件汇总表未解析出总造价（可能为无金额的空表、说明性文件或非标准格式），金额一律标 [未核]。本件未解析出分部分项清单条目（可能为封面、说明、汇总或非清单类文件），不含可落库的工程量。归属项目：2019.7 中国移动南方基地二期工程二阶段项目。口径提醒：**招标阶段文件，非中标价与结算价；工程量为招标人给定的暂定量，结算按实际计量调整**。同项目控制价侧文件含相同工程量且附带金额，引用金额一律以控制价侧为准（见 batch_28/29）。,2026-08-16
docs/library/04_市场与研究/中文行业报告集/202L 数据中心新/2019.7 中国移动南方基地二期工程二阶段项目/造价类资料（全程免费，得来不易需要完成一些小任务）1/1控制价-中国移动南方基地二期工程二阶段项目施工总承包/地下室人防工程/3A_2019_南方基地二期二阶段造价地下室人防工程_中国移动广东公司.xlsx,地下室人防工程.xlsx,3,A,2019,中国移动广东公司,M10/M14,【敏感待判·业主商业信息】**南方基地二期二阶段**项目造价文件（控制价侧），工程名称「地下室人防工程」。本件汇总表未解析出总造价（可能为无金额的空表、说明性文件或非标准格式），金额一律标 [未核]。本件未解析出分部分项清单条目（可能为封面、说明、汇总或非清单类文件），不含可落库的工程量。归属项目：2019.7 中国移动南方基地二期工程二阶段项目。口径提醒：**招标阶段文件，非中标价与结算价；工程量为招标人给定的暂定量，结算按实际计量调整**。同项目控制价侧文件含相同工程量且附带金额，引用金额一律以控制价侧为准（见 batch_28/29）。,2026-08-16
docs/library/04_市场与研究/中文行业报告集/202L 数据中心新/2019.7 中国移动南方基地二期工程二阶段项目/造价类资料（全程免费，得来不易需要完成一些小任务）1/1控制价-中国移动南方基地二期工程二阶段项目施工总承包/地下管线盲探/3A_2019_南方基地二期二阶段造价地下管线盲探_中国移动广东公司.xlsx,地下管线盲探.xlsx,3,A,2019,中国移动广东公司,M10/M14,【敏感待判·业主商业信息】**南方基地二期二阶段**项目造价文件（控制价侧），工程名称「地下管线盲探」。本件汇总表未解析出总造价（可能为无金额的空表、说明性文件或非标准格式），金额一律标 [未核]。本件未解析出分部分项清单条目（可能为封面、说明、汇总或非清单类文件），不含可落库的工程量。归属项目：2019.7 中国移动南方基地二期工程二阶段项目。口径提醒：**招标阶段文件，非中标价与结算价；工程量为招标人给定的暂定量，结算按实际计量调整**。同项目控制价侧文件含相同工程量且附带金额，引用金额一律以控制价侧为准（见 batch_28/29）。,2026-08-16
docs/library/04_市场与研究/中文行业报告集/202L 数据中心新/2019.7 中国移动南方基地二期工程二阶段项目/造价类资料（全程免费，得来不易需要完成一些小任务）1/1控制价-中国移动南方基地二期工程二阶段项目施工总承包/临时用水/3A_2019_南方基地二期二阶段造价临时用水_中国移动广东公司.xlsx,临时用水.xlsx,3,A,2019,中国移动广东公司,M10/M14,【敏感待判·业主商业信息】**南方基地二期二阶段**项目造价文件（控制价侧），工程名称「临时用水」。本件汇总表未解析出总造价（可能为无金额的空表、说明性文件或非标准格式），金额一律标 [未核]。本件未解析出分部分项清单条目（可能为封面、说明、汇总或非清单类文件），不含可落库的工程量。归属项目：2019.7 中国移动南方基地二期工程二阶段项目。口径提醒：**招标阶段文件，非中标价与结算价；工程量为招标人给定的暂定量，结算按实际计量调整**。同项目控制价侧文件含相同工程量且附带金额，引用金额一律以控制价侧为准（见 batch_28/29）。,2026-08-16
docs/library/04_市场与研究/中文行业报告集/202L 数据中心新/2019.7 中国移动南方基地二期工程二阶段项目/造价类资料（全程免费，得来不易需要完成一些小任务）1/1控制价-中国移动南方基地二期工程二阶段项目施工总承包/总包管理服务费及甲供材料保管费/3A_2019_南方基地二期二阶段造价总包管理服务费及甲供材料保管_中国移动广东公司.xlsx,总包管理服务费及甲供材料保管费.xlsx,3,A,2019,中国移动广东公司,M10/M14,【敏感待判·业主商业信息】**南方基地二期二阶段**项目造价文件（控制价侧），工程名称「总包管理服务费及甲供材料保管费」。本件汇总表未解析出总造价（可能为无金额的空表、说明性文件或非标准格式），金额一律标 [未核]。本件未解析出分部分项清单条目（可能为封面、说明、汇总或非清单类文件），不含可落库的工程量。归属项目：2019.7 中国移动南方基地二期工程二阶段项目。口径提醒：**招标阶段文件，非中标价与结算价；工程量为招标人给定的暂定量，结算按实际计量调整**。同项目控制价侧文件含相同工程量且附带金额，引用金额一律以控制价侧为准（见 batch_28/29）。,2026-08-16
docs/library/04_市场与研究/中文行业报告集/202L 数据中心新/2019.8 中国移动广西公司来宾综合业务接入机房工程/造价类资料（全程免费，得来不易需要完成一些小任务）1/3A_2019_来宾接入机房造价来宾综合业务接入机房工程及室_中国移动广西公司.pdf,来宾综合业务接入机房工程及室外工程工程量清单.pdf,3,A,2019,中国移动广西公司,M10/M14,【敏感待判·业主商业信息】**来宾接入机房**项目造价文件（工程量清单侧），工程名称「来宾综合业务接入机房工程及室外工程工程量清单」。**本件是发给投标人填报的空白招标工程量清单：综合单价与合价列全部为空，因此不含任何金额**；但**工程量列是真实的**，逐条载明清单项编码、项目名称、项目特征描述、计量单位与工程量。本件未解析出分部分项清单条目（可能为封面、说明、汇总或非清单类文件），不含可落库的工程量。归属项目：2019.8 中国移动广西公司来宾综合业务接入机房工程。口径提醒：**招标阶段文件，非中标价与结算价；工程量为招标人给定的暂定量，结算按实际计量调整**。同项目控制价侧文件含相同工程量且附带金额，引用金额一律以控制价侧为准（见 batch_28/29）。,2026-08-16
docs/library/04_市场与研究/中文行业报告集/202L 数据中心新/2020.4 大数据应用工厂项目/造价类资料（全程免费，得来不易需要完成一些小任务）1/3A_2020_大数据应用工厂造价7大数据应用工厂项目施工二标_工程档案.xls,7大数据应用工厂项目施工二标段-----B栋厂房-消防安装工程.xls,3,A,2020,工程档案,M10/M14,【敏感待判·业主商业信息】**大数据应用工厂**项目造价文件（造价文件侧），工程名称「7大数据应用工厂项目施工二标段-----B栋厂房-消防安装工程」。本件汇总表未解析出总造价（可能为无金额的空表、说明性文件或非标准格式），金额一律标 [未核]。本件未解析出分部分项清单条目（可能为封面、说明、汇总或非清单类文件），不含可落库的工程量。归属项目：2020.4 大数据应用工厂项目。口径提醒：**招标阶段文件，非中标价与结算价；工程量为招标人给定的暂定量，结算按实际计量调整**。同项目控制价侧文件含相同工程量且附带金额，引用金额一律以控制价侧为准（见 batch_28/29）。,2026-08-16
docs/library/04_市场与研究/中文行业报告集/202L 数据中心新/2020.4 大数据应用工厂项目/造价类资料（全程免费，得来不易需要完成一些小任务）1/3A_2020_大数据应用工厂造价重点评审清单大数据应用工厂二_工程档案.xlsx,重点评审清单（大数据应用工厂二标段）.xlsx,3,A,2020,工程档案,M10/M14,【敏感待判·业主商业信息】**大数据应用工厂**项目造价文件（工程量清单侧），工程名称「重点评审清单（大数据应用工厂二标段）」。**本件是发给投标人填报的空白招标工程量清单：综合单价与合价列全部为空，因此不含任何金额**；但**工程量列是真实的**，逐条载明清单项编码、项目名称、项目特征描述、计量单位与工程量。本件未解析出分部分项清单条目（可能为封面、说明、汇总或非清单类文件），不含可落库的工程量。归属项目：2020.4 大数据应用工厂项目。口径提醒：**招标阶段文件，非中标价与结算价；工程量为招标人给定的暂定量，结算按实际计量调整**。同项目控制价侧文件含相同工程量且附带金额，引用金额一律以控制价侧为准（见 batch_28/29）。,2026-08-16
docs/library/04_市场与研究/中文行业报告集/202L 数据中心新/2020.4 大数据应用工厂项目/造价类资料（全程免费，得来不易需要完成一些小任务）1/3A_2020_大数据应用工厂造价8大数据应用工厂项目施工二标_工程档案.xls,8大数据应用工厂项目施工二标段-----B栋厂房-消防土建工程.xls,3,A,2020,工程档案,M10/M14,【敏感待判·业主商业信息】**大数据应用工厂**项目造价文件（造价文件侧），工程名称「8大数据应用工厂项目施工二标段-----B栋厂房-消防土建工程」。本件汇总表未解析出总造价（可能为无金额的空表、说明性文件或非标准格式），金额一律标 [未核]。本件未解析出分部分项清单条目（可能为封面、说明、汇总或非清单类文件），不含可落库的工程量。归属项目：2020.4 大数据应用工厂项目。口径提醒：**招标阶段文件，非中标价与结算价；工程量为招标人给定的暂定量，结算按实际计量调整**。同项目控制价侧文件含相同工程量且附带金额，引用金额一律以控制价侧为准（见 batch_28/29）。,2026-08-16
docs/library/04_市场与研究/中文行业报告集/202L 数据中心新/2020.4 大数据应用工厂项目/造价类资料（全程免费，得来不易需要完成一些小任务）1/3A_2020_大数据应用工厂造价6大数据应用工厂项目施工二标_工程档案.xls,6大数据应用工厂项目施工二标段-----B栋厂房-水电土建工程.xls,3,A,2020,工程档案,M10/M14,【敏感待判·业主商业信息】**大数据应用工厂**项目造价文件（造价文件侧），工程名称「6大数据应用工厂项目施工二标段-----B栋厂房-水电土建工程」。本件汇总表未解析出总造价（可能为无金额的空表、说明性文件或非标准格式），金额一律标 [未核]。本件未解析出分部分项清单条目（可能为封面、说明、汇总或非清单类文件），不含可落库的工程量。归属项目：2020.4 大数据应用工厂项目。口径提醒：**招标阶段文件，非中标价与结算价；工程量为招标人给定的暂定量，结算按实际计量调整**。同项目控制价侧文件含相同工程量且附带金额，引用金额一律以控制价侧为准（见 batch_28/29）。,2026-08-16
docs/library/04_市场与研究/中文行业报告集/202L 数据中心新/2020.4 大数据应用工厂项目/造价类资料（全程免费，得来不易需要完成一些小任务）1/3A_2020_大数据应用工厂造价1大数据应用工厂项目施工二标_工程档案.xls,1大数据应用工厂项目施工二标段-----B栋厂房-机械土石方工程带单价.xls,3,A,2020,工程档案,M10/M14,【敏感待判·业主商业信息】**大数据应用工厂**项目造价文件（造价文件侧），工程名称「1大数据应用工厂项目施工二标段-----B栋厂房-机械土石方工程带单价」。本件汇总表未解析出总造价（可能为无金额的空表、说明性文件或非标准格式），金额一律标 [未核]。本件未解析出分部分项清单条目（可能为封面、说明、汇总或非清单类文件），不含可落库的工程量。归属项目：2020.4 大数据应用工厂项目。口径提醒：**招标阶段文件，非中标价与结算价；工程量为招标人给定的暂定量，结算按实际计量调整**。同项目控制价侧文件含相同工程量且附带金额，引用金额一律以控制价侧为准（见 batch_28/29）。,2026-08-16
docs/library/04_市场与研究/中文行业报告集/202L 数据中心新/2020.4 大数据应用工厂项目/造价类资料（全程免费，得来不易需要完成一些小任务）1/3A_2020_大数据应用工厂造价2大数据应用工厂项目施工二标_工程档案.xls,2大数据应用工厂项目施工二标段-----B栋厂房-桩基工程带单价.xls,3,A,2020,工程档案,M10/M14,【敏感待判·业主商业信息】**大数据应用工厂**项目造价文件（造价文件侧），工程名称「2大数据应用工厂项目施工二标段-----B栋厂房-桩基工程带单价」。本件汇总表未解析出总造价（可能为无金额的空表、说明性文件或非标准格式），金额一律标 [未核]。本件未解析出分部分项清单条目（可能为封面、说明、汇总或非清单类文件），不含可落库的工程量。归属项目：2020.4 大数据应用工厂项目。口径提醒：**招标阶段文件，非中标价与结算价；工程量为招标人给定的暂定量，结算按实际计量调整**。同项目控制价侧文件含相同工程量且附带金额，引用金额一律以控制价侧为准（见 batch_28/29）。,2026-08-16
docs/library/04_市场与研究/中文行业报告集/202L 数据中心新/2020.4 大数据应用工厂项目/造价类资料（全程免费，得来不易需要完成一些小任务）1/3A_2020_大数据应用工厂造价9大数据应用工厂项目施工二标_工程档案.xls,9大数据应用工厂项目施工二标段-----B栋厂房-暖通安装工程.xls,3,A,2020,工程档案,M10/M14,【敏感待判·业主商业信息】**大数据应用工厂**项目造价文件（造价文件侧），工程名称「9大数据应用工厂项目施工二标段-----B栋厂房-暖通安装工程」。本件汇总表未解析出总造价（可能为无金额的空表、说明性文件或非标准格式），金额一律标 [未核]。本件未解析出分部分项清单条目（可能为封面、说明、汇总或非清单类文件），不含可落库的工程量。归属项目：2020.4 大数据应用工厂项目。口径提醒：**招标阶段文件，非中标价与结算价；工程量为招标人给定的暂定量，结算按实际计量调整**。同项目控制价侧文件含相同工程量且附带金额，引用金额一律以控制价侧为准（见 batch_28/29）。,2026-08-16
docs/library/04_市场与研究/中文行业报告集/202L 数据中心新/2020.4 大数据应用工厂项目/造价类资料（全程免费，得来不易需要完成一些小任务）1/3A_2020_大数据应用工厂造价5大数据应用工厂项目施工二标_工程档案.xls,5大数据应用工厂项目施工二标段-----B栋厂房-水电安装工程.xls,3,A,2020,工程档案,M10/M14,【敏感待判·业主商业信息】**大数据应用工厂**项目造价文件（造价文件侧），工程名称「5大数据应用工厂项目施工二标段-----B栋厂房-水电安装工程」。本件汇总表未解析出总造价（可能为无金额的空表、说明性文件或非标准格式），金额一律标 [未核]。本件未解析出分部分项清单条目（可能为封面、说明、汇总或非清单类文件），不含可落库的工程量。归属项目：2020.4 大数据应用工厂项目。口径提醒：**招标阶段文件，非中标价与结算价；工程量为招标人给定的暂定量，结算按实际计量调整**。同项目控制价侧文件含相同工程量且附带金额，引用金额一律以控制价侧为准（见 batch_28/29）。,2026-08-16
docs/library/04_市场与研究/中文行业报告集/202L 数据中心新/2020.7福建广电网络莆田NGB业务中心（机房）/造价类资料（全程免费，得来不易需要完成一些小任务）2/工程量清单审核/4A_2020_莆田NGB业务中心造价福建广电网络莆田NGB业务中_福建广电网络.xlsx,清单.xlsx,4,A,2020,福建广电网络,M10/M14,"【敏感待判·业主商业信息】**莆田NGB业务中心**项目造价文件（工程量清单侧），工程名称「福建广电网络莆田NGB业务中心（机房）」。**本件是发给投标人填报的空白招标工程量清单：综合单价与合价列全部为空，因此不含任何金额**；但**工程量列是真实的**，逐条载明清单项编码、项目名称、项目特征描述、计量单位与工程量。**工程量最大的若干清单项（原文）**：（清单编码 010516003007）2,808.00 个；（清单编码 010516006007）2,744.00 个；（清单编码 010516003009）2,340.00 个；（清单编码 010516003008）2,094.00 个；（清单编码 010516006001）1,828.00 个；（清单编码 010516006008）1,455.00 个。这些工程量本身即材料强度数据，可与同项目建筑面积配合，推出每平米的混凝土方量、砌体方量、钢结构吨位等物耗指标（M10）。归属项目：2020.7福建广电网络莆田NGB业务中心（机房）。口径提醒：**招标阶段文件，非中标价与结算价；工程量为招标人给定的暂定量，结算按实际计量调整**。同项目控制价侧文件含相同工程量且附带金额，引用金额一律以控制价侧为准（见 batch_28/29）。",2026-08-16
docs/library/04_市场与研究/中文行业报告集/202L 数据中心新/2020.7福建广电网络莆田NGB业务中心（机房）/造价类资料（全程免费，得来不易需要完成一些小任务）2/工程量清单审核/3A_2020_莆田NGB业务中心造价建筑工程招标控制价编制说明_福建广电网络.doc,建筑工程招标控制价编制说明.doc,3,A,2020,福建广电网络,M10/M14,【敏感待判·业主商业信息】**莆田NGB业务中心**项目造价文件（控制价侧），工程名称「建筑工程招标控制价编制说明」。本件汇总表未解析出总造价（可能为无金额的空表、说明性文件或非标准格式），金额一律标 [未核]。本件未解析出分部分项清单条目（可能为封面、说明、汇总或非清单类文件），不含可落库的工程量。归属项目：2020.7福建广电网络莆田NGB业务中心（机房）。口径提醒：**招标阶段文件，非中标价与结算价；工程量为招标人给定的暂定量，结算按实际计量调整**。同项目控制价侧文件含相同工程量且附带金额，引用金额一律以控制价侧为准（见 batch_28/29）。,2026-08-16
docs/library/04_市场与研究/中文行业报告集/202L 数据中心新/2022.1 六安电信信息化中心和六安电信云计算数据中心项目/造价类资料（全程免费，得来不易需要完成一些小任务）1/清单控制价/六安电信信息化中心和六安电信云计算数据中心项目【控制价】/3A_2022_六安电信造价六安电信信息化中心和六安电信_中国电信安徽公司.xls,六安电信信息化中心和六安电信云计算数据中心项目.xls,3,A,2022,中国电信安徽公司,M10/M14,【敏感待判·业主商业信息】**六安电信**项目造价文件（控制价侧），工程名称「六安电信信息化中心和六安电信云计算数据中心项目」。本件汇总表未解析出总造价（可能为无金额的空表、说明性文件或非标准格式），金额一律标 [未核]。本件未解析出分部分项清单条目（可能为封面、说明、汇总或非清单类文件），不含可落库的工程量。归属项目：2022.1 六安电信信息化中心和六安电信云计算数据中心项目。口径提醒：**招标阶段文件，非中标价与结算价；工程量为招标人给定的暂定量，结算按实际计量调整**。同项目控制价侧文件含相同工程量且附带金额，引用金额一律以控制价侧为准（见 batch_28/29）。,2026-08-16
docs/library/04_市场与研究/中文行业报告集/202L 数据中心新/2022.1 六安电信信息化中心和六安电信云计算数据中心项目/造价类资料（全程免费，得来不易需要完成一些小任务）1/清单控制价/六安电信信息化中心和六安电信云计算数据中心项目【控制价】/1 六安电信信息化中心项目/3A_2022_六安电信造价六安电信信息化中心项目_中国电信安徽公司.xls,六安电信信息化中心项目.xls,3,A,2022,中国电信安徽公司,M10/M14,【敏感待判·业主商业信息】**六安电信**项目造价文件（控制价侧），工程名称「六安电信信息化中心项目」。本件汇总表未解析出总造价（可能为无金额的空表、说明性文件或非标准格式），金额一律标 [未核]。本件未解析出分部分项清单条目（可能为封面、说明、汇总或非清单类文件），不含可落库的工程量。归属项目：2022.1 六安电信信息化中心和六安电信云计算数据中心项目。口径提醒：**招标阶段文件，非中标价与结算价；工程量为招标人给定的暂定量，结算按实际计量调整**。同项目控制价侧文件含相同工程量且附带金额，引用金额一律以控制价侧为准（见 batch_28/29）。,2026-08-16
docs/library/04_市场与研究/中文行业报告集/202L 数据中心新/2022.1 六安电信信息化中心和六安电信云计算数据中心项目/造价类资料（全程免费，得来不易需要完成一些小任务）1/清单控制价/六安电信信息化中心和六安电信云计算数据中心项目【控制价】/2 六安电信云计算数据中心项目/3A_2022_六安电信造价六安电信云计算数据中心项目_中国电信安徽公司.xls,六安电信云计算数据中心项目.xls,3,A,2022,中国电信安徽公司,M10/M14,【敏感待判·业主商业信息】**六安电信**项目造价文件（控制价侧），工程名称「六安电信云计算数据中心项目」。本件汇总表未解析出总造价（可能为无金额的空表、说明性文件或非标准格式），金额一律标 [未核]。本件未解析出分部分项清单条目（可能为封面、说明、汇总或非清单类文件），不含可落库的工程量。归属项目：2022.1 六安电信信息化中心和六安电信云计算数据中心项目。口径提醒：**招标阶段文件，非中标价与结算价；工程量为招标人给定的暂定量，结算按实际计量调整**。同项目控制价侧文件含相同工程量且附带金额，引用金额一律以控制价侧为准（见 batch_28/29）。,2026-08-16
docs/library/04_市场与研究/中文行业报告集/202L 数据中心新/2022.1 六安电信信息化中心和六安电信云计算数据中心项目/造价类资料（全程免费，得来不易需要完成一些小任务）1/清单控制价/六安电信信息化中心和六安电信云计算数据中心项目【清单】/1 六安电信信息化中心项目/2 六安电信信息化中心项目：信息化中心幕墙【装饰】/3A_2022_六安电信造价六安电信信息化中心项目信息化_中国电信安徽公司.xls,六安电信信息化中心项目：信息化中心幕墙【装饰】.xls,3,A,2022,中国电信安徽公司,M10/M14,【敏感待判·业主商业信息】**六安电信**项目造价文件（控制价侧），工程名称「六安电信信息化中心项目：信息化中心幕墙【装饰】」。本件汇总表未解析出总造价（可能为无金额的空表、说明性文件或非标准格式），金额一律标 [未核]。本件未解析出分部分项清单条目（可能为封面、说明、汇总或非清单类文件），不含可落库的工程量。归属项目：2022.1 六安电信信息化中心和六安电信云计算数据中心项目。口径提醒：**招标阶段文件，非中标价与结算价；工程量为招标人给定的暂定量，结算按实际计量调整**。同项目控制价侧文件含相同工程量且附带金额，引用金额一律以控制价侧为准（见 batch_28/29）。,2026-08-16
docs/library/04_市场与研究/中文行业报告集/202L 数据中心新/2022.1 六安电信信息化中心和六安电信云计算数据中心项目/造价类资料（全程免费，得来不易需要完成一些小任务）1/清单控制价/六安电信信息化中心和六安电信云计算数据中心项目【清单】/1 六安电信信息化中心项目/3 六安电信信息化中心项目：信息化中心【安装】/3A_2022_六安电信造价六安电信信息化中心项目信息化_中国电信安徽公司.xls,六安电信信息化中心项目：信息化中心【安装】.xls,3,A,2022,中国电信安徽公司,M10/M14,【敏感待判·业主商业信息】**六安电信**项目造价文件（控制价侧），工程名称「六安电信信息化中心项目：信息化中心【安装】」。本件汇总表未解析出总造价（可能为无金额的空表、说明性文件或非标准格式），金额一律标 [未核]。本件未解析出分部分项清单条目（可能为封面、说明、汇总或非清单类文件），不含可落库的工程量。归属项目：2022.1 六安电信信息化中心和六安电信云计算数据中心项目。口径提醒：**招标阶段文件，非中标价与结算价；工程量为招标人给定的暂定量，结算按实际计量调整**。同项目控制价侧文件含相同工程量且附带金额，引用金额一律以控制价侧为准（见 batch_28/29）。,2026-08-16
docs/library/04_市场与研究/中文行业报告集/202L 数据中心新/2022.1 六安电信信息化中心和六安电信云计算数据中心项目/造价类资料（全程免费，得来不易需要完成一些小任务）1/清单控制价/六安电信信息化中心和六安电信云计算数据中心项目【清单】/1 六安电信信息化中心项目/1 六安电信信息化中心项目：信息化中心【土建】/4A_2022_六安电信造价六安电信信息化中心项目信息化_中国电信安徽公司.xls,六安电信信息化中心项目：信息化中心【土建】.xls,4,A,2022,中国电信安徽公司,M10/M14,"【敏感待判·业主商业信息】**六安电信**项目造价文件（控制价侧），工程名称「六安电信信息化中心项目：信息化中心【土建】」。本件汇总表未解析出总造价（可能为无金额的空表、说明性文件或非标准格式），金额一律标 [未核]。**工程量最大的若干清单项（原文）**：（清单编码 011201001001）2,561.60 m2；（清单编码 011101006002）1,343.52 m2；（清单编码 010904001001）1,343.52 m2；（清单编码 010903003001）1,302.33 m2；（清单编码 010902003001）1,258.84 m2；（清单编码 010904002002）1,238.67 m2。这些工程量本身即材料强度数据，可与同项目建筑面积配合，推出每平米的混凝土方量、砌体方量、钢结构吨位等物耗指标（M10）。归属项目：2022.1 六安电信信息化中心和六安电信云计算数据中心项目。口径提醒：**招标阶段文件，非中标价与结算价；工程量为招标人给定的暂定量，结算按实际计量调整**。同项目控制价侧文件含相同工程量且附带金额，引用金额一律以控制价侧为准（见 batch_28/29）。",2026-08-16
docs/library/04_市场与研究/中文行业报告集/202L 数据中心新/2022.1 六安电信信息化中心和六安电信云计算数据中心项目/造价类资料（全程免费，得来不易需要完成一些小任务）1/清单控制价/六安电信信息化中心和六安电信云计算数据中心项目【清单】/1 六安电信信息化中心项目/4 六安电信信息化中心项目：大型土石方/3A_2022_六安电信造价六安电信信息化中心项目大型土_中国电信安徽公司.xls,六安电信信息化中心项目：大型土石方.xls,3,A,2022,中国电信安徽公司,M10/M14,【敏感待判·业主商业信息】**六安电信**项目造价文件（控制价侧），工程名称「六安电信信息化中心项目：大型土石方」。本件汇总表未解析出总造价（可能为无金额的空表、说明性文件或非标准格式），金额一律标 [未核]。本件未解析出分部分项清单条目（可能为封面、说明、汇总或非清单类文件），不含可落库的工程量。归属项目：2022.1 六安电信信息化中心和六安电信云计算数据中心项目。口径提醒：**招标阶段文件，非中标价与结算价；工程量为招标人给定的暂定量，结算按实际计量调整**。同项目控制价侧文件含相同工程量且附带金额，引用金额一律以控制价侧为准（见 batch_28/29）。,2026-08-16
docs/library/04_市场与研究/中文行业报告集/202L 数据中心新/2022.1 六安电信信息化中心和六安电信云计算数据中心项目/造价类资料（全程免费，得来不易需要完成一些小任务）1/清单控制价/六安电信信息化中心和六安电信云计算数据中心项目【清单】/2 六安电信云计算数据中心项目/12 六安电信云计算数据中心项目：大型土石方/3A_2022_六安电信造价六安电信云计算数据中心项目大_中国电信安徽公司.xls,六安电信云计算数据中心项目：大型土石方.xls,3,A,2022,中国电信安徽公司,M10/M14,【敏感待判·业主商业信息】**六安电信**项目造价文件（控制价侧），工程名称「六安电信云计算数据中心项目：大型土石方」。本件汇总表未解析出总造价（可能为无金额的空表、说明性文件或非标准格式），金额一律标 [未核]。本件未解析出分部分项清单条目（可能为封面、说明、汇总或非清单类文件），不含可落库的工程量。归属项目：2022.1 六安电信信息化中心和六安电信云计算数据中心项目。口径提醒：**招标阶段文件，非中标价与结算价；工程量为招标人给定的暂定量，结算按实际计量调整**。同项目控制价侧文件含相同工程量且附带金额，引用金额一律以控制价侧为准（见 batch_28/29）。,2026-08-16
docs/library/04_市场与研究/中文行业报告集/202L 数据中心新/2022.1 六安电信信息化中心和六安电信云计算数据中心项目/造价类资料（全程免费，得来不易需要完成一些小任务）1/清单控制价/六安电信信息化中心和六安电信云计算数据中心项目【清单】/2 六安电信云计算数据中心项目/11 六安电信云计算数据中心项目：室外给排水【市政】/3A_2022_六安电信造价六安电信云计算数据中心项目室_中国电信安徽公司.xls,六安电信云计算数据中心项目：室外给排水【市政】.xls,3,A,2022,中国电信安徽公司,M10/M14,【敏感待判·业主商业信息】**六安电信**项目造价文件（控制价侧），工程名称「六安电信云计算数据中心项目：室外给排水【市政】」。本件汇总表未解析出总造价（可能为无金额的空表、说明性文件或非标准格式），金额一律标 [未核]。本件未解析出分部分项清单条目（可能为封面、说明、汇总或非清单类文件），不含可落库的工程量。归属项目：2022.1 六安电信信息化中心和六安电信云计算数据中心项目。口径提醒：**招标阶段文件，非中标价与结算价；工程量为招标人给定的暂定量，结算按实际计量调整**。同项目控制价侧文件含相同工程量且附带金额，引用金额一律以控制价侧为准（见 batch_28/29）。,2026-08-16
docs/library/04_市场与研究/中文行业报告集/202L 数据中心新/2022.1 六安电信信息化中心和六安电信云计算数据中心项目/造价类资料（全程免费，得来不易需要完成一些小任务）1/清单控制价/六安电信信息化中心和六安电信云计算数据中心项目【清单】/2 六安电信云计算数据中心项目/10 六安电信云计算数据中心项目：室外电气【安装】/3A_2022_六安电信造价六安电信云计算数据中心项目室_中国电信安徽公司.xls,六安电信云计算数据中心项目：室外电气【安装】.xls,3,A,2022,中国电信安徽公司,M10/M14,【敏感待判·业主商业信息】**六安电信**项目造价文件（控制价侧），工程名称「六安电信云计算数据中心项目：室外电气【安装】」。本件汇总表未解析出总造价（可能为无金额的空表、说明性文件或非标准格式），金额一律标 [未核]。本件未解析出分部分项清单条目（可能为封面、说明、汇总或非清单类文件），不含可落库的工程量。归属项目：2022.1 六安电信信息化中心和六安电信云计算数据中心项目。口径提醒：**招标阶段文件，非中标价与结算价；工程量为招标人给定的暂定量，结算按实际计量调整**。同项目控制价侧文件含相同工程量且附带金额，引用金额一律以控制价侧为准（见 batch_28/29）。,2026-08-16
docs/library/04_市场与研究/中文行业报告集/202L 数据中心新/2022.1 六安电信信息化中心和六安电信云计算数据中心项目/造价类资料（全程免费，得来不易需要完成一些小任务）1/清单控制价/六安电信信息化中心和六安电信云计算数据中心项目【清单】/2 六安电信云计算数据中心项目/7 六安电信云计算数据中心项目：云计算数据中心【安装】/3A_2022_六安电信造价六安电信云计算数据中心项目云_中国电信安徽公司.xls,六安电信云计算数据中心项目：云计算数据中心【安装】.xls,3,A,2022,中国电信安徽公司,M10/M14,【敏感待判·业主商业信息】**六安电信**项目造价文件（控制价侧），工程名称「六安电信云计算数据中心项目：云计算数据中心【安装】」。本件汇总表未解析出总造价（可能为无金额的空表、说明性文件或非标准格式），金额一律标 [未核]。本件未解析出分部分项清单条目（可能为封面、说明、汇总或非清单类文件），不含可落库的工程量。归属项目：2022.1 六安电信信息化中心和六安电信云计算数据中心项目。口径提醒：**招标阶段文件，非中标价与结算价；工程量为招标人给定的暂定量，结算按实际计量调整**。同项目控制价侧文件含相同工程量且附带金额，引用金额一律以控制价侧为准（见 batch_28/29）。,2026-08-16
docs/library/04_市场与研究/中文行业报告集/202L 数据中心新/2022.1 六安电信信息化中心和六安电信云计算数据中心项目/造价类资料（全程免费，得来不易需要完成一些小任务）1/清单控制价/六安电信信息化中心和六安电信云计算数据中心项目【清单】/2 六安电信云计算数据中心项目/5 六安电信云计算数据中心项目：云计算数据中心【土建】/4A_2022_六安电信造价六安电信云计算数据中心项目云_中国电信安徽公司.xls,六安电信云计算数据中心项目：云计算数据中心【土建】.xls,4,A,2022,中国电信安徽公司,M10/M14,"【敏感待判·业主商业信息】**六安电信**项目造价文件（控制价侧），工程名称「六安电信云计算数据中心项目：云计算数据中心【土建】」。本件汇总表未解析出总造价（可能为无金额的空表、说明性文件或非标准格式），金额一律标 [未核]。**工程量最大的若干清单项（原文）**：（清单编码 011702014001）15,390.98 m2；（清单编码 011201001001）13,364.69 m2；（清单编码 010903003001）6,703.72 m2；（清单编码 011702002003）2,518.60 m2；（清单编码 010902001002）1,776.68 m2；（清单编码 011702006001）1,692.31 m2。这些工程量本身即材料强度数据，可与同项目建筑面积配合，推出每平米的混凝土方量、砌体方量、钢结构吨位等物耗指标（M10）。归属项目：2022.1 六安电信信息化中心和六安电信云计算数据中心项目。口径提醒：**招标阶段文件，非中标价与结算价；工程量为招标人给定的暂定量，结算按实际计量调整**。同项目控制价侧文件含相同工程量且附带金额，引用金额一律以控制价侧为准（见 batch_28/29）。",2026-08-16
docs/library/04_市场与研究/中文行业报告集/202L 数据中心新/2022.1 六安电信信息化中心和六安电信云计算数据中心项目/造价类资料（全程免费，得来不易需要完成一些小任务）1/清单控制价/六安电信信息化中心和六安电信云计算数据中心项目【清单】/2 六安电信云计算数据中心项目/8 六安电信云计算数据中心项目：室外景观【园林】/4A_2022_六安电信造价六安电信云计算数据中心项目室_中国电信安徽公司.xls,六安电信云计算数据中心项目：室外景观【园林】.xls,4,A,2022,中国电信安徽公司,M10/M14,"【敏感待判·业主商业信息】**六安电信**项目造价文件（控制价侧），工程名称「六安电信云计算数据中心项目：室外景观【园林】」。本件汇总表未解析出总造价（可能为无金额的空表、说明性文件或非标准格式），金额一律标 [未核]。**工程量最大的若干清单项（原文）**：（清单编码 040202011002）5,546.45 m2；（清单编码 040202001002）5,546.45 m2；（清单编码 040202011001）2,777.59 m2；（清单编码 040202001001）2,777.59 m2；（清单编码 040202011003）1,292.98 m2；（清单编码 040202009002）1,292.98 m2。这些工程量本身即材料强度数据，可与同项目建筑面积配合，推出每平米的混凝土方量、砌体方量、钢结构吨位等物耗指标（M10）。归属项目：2022.1 六安电信信息化中心和六安电信云计算数据中心项目。口径提醒：**招标阶段文件，非中标价与结算价；工程量为招标人给定的暂定量，结算按实际计量调整**。同项目控制价侧文件含相同工程量且附带金额，引用金额一律以控制价侧为准（见 batch_28/29）。",2026-08-16
docs/library/04_市场与研究/中文行业报告集/202L 数据中心新/2022.1 六安电信信息化中心和六安电信云计算数据中心项目/造价类资料（全程免费，得来不易需要完成一些小任务）1/清单控制价/六安电信信息化中心和六安电信云计算数据中心项目【清单】/2 六安电信云计算数据中心项目/6 六安电信云计算数据中心项目：云计算数据中心幕墙【装饰】/3A_2022_六安电信造价六安电信云计算数据中心项目云_中国电信安徽公司.xls,六安电信云计算数据中心项目：云计算数据中心幕墙【装饰】.xls,3,A,2022,中国电信安徽公司,M10/M14,【敏感待判·业主商业信息】**六安电信**项目造价文件（控制价侧），工程名称「六安电信云计算数据中心项目：云计算数据中心幕墙【装饰】」。本件汇总表未解析出总造价（可能为无金额的空表、说明性文件或非标准格式），金额一律标 [未核]。本件未解析出分部分项清单条目（可能为封面、说明、汇总或非清单类文件），不含可落库的工程量。归属项目：2022.1 六安电信信息化中心和六安电信云计算数据中心项目。口径提醒：**招标阶段文件，非中标价与结算价；工程量为招标人给定的暂定量，结算按实际计量调整**。同项目控制价侧文件含相同工程量且附带金额，引用金额一律以控制价侧为准（见 batch_28/29）。,2026-08-16
docs/library/04_市场与研究/中文行业报告集/202L 数据中心新/2022.1 六安电信信息化中心和六安电信云计算数据中心项目/造价类资料（全程免费，得来不易需要完成一些小任务）1/清单控制价/六安电信信息化中心和六安电信云计算数据中心项目【清单】/2 六安电信云计算数据中心项目/9 六安电信云计算数据中心项目：室外绿化【园林】/4A_2022_六安电信造价六安电信云计算数据中心项目室_中国电信安徽公司.xls,六安电信云计算数据中心项目：室外绿化【园林】.xls,4,A,2022,中国电信安徽公司,M10/M14,"【敏感待判·业主商业信息】**六安电信**项目造价文件（控制价侧），工程名称「六安电信云计算数据中心项目：室外绿化【园林】」。本件汇总表未解析出总造价（可能为无金额的空表、说明性文件或非标准格式），金额一律标 [未核]。**工程量最大的若干清单项（原文）**：（清单编码 050101009001）1,010.10 m3；（清单编码 050301005001）12.50 t。这些工程量本身即材料强度数据，可与同项目建筑面积配合，推出每平米的混凝土方量、砌体方量、钢结构吨位等物耗指标（M10）。归属项目：2022.1 六安电信信息化中心和六安电信云计算数据中心项目。口径提醒：**招标阶段文件，非中标价与结算价；工程量为招标人给定的暂定量，结算按实际计量调整**。同项目控制价侧文件含相同工程量且附带金额，引用金额一律以控制价侧为准（见 batch_28/29）。",2026-08-16
docs/library/04_市场与研究/中文行业报告集/202L 数据中心新/2022.11 中国移动（重庆）江南数据中心建设项目（一期）/造价类资料（全程免费，得来不易需要完成一些小任务）1/3A_2022_江南数据中心一期造价工程量清单_中国移动重庆公司.pdf,工程量清单.pdf,3,A,2022,中国移动重庆公司,M10/M14,【敏感待判·业主商业信息】**江南数据中心一期**项目造价文件（工程量清单侧），工程名称「工程量清单」。**本件是发给投标人填报的空白招标工程量清单：综合单价与合价列全部为空，因此不含任何金额**；但**工程量列是真实的**，逐条载明清单项编码、项目名称、项目特征描述、计量单位与工程量。本件未解析出分部分项清单条目（可能为封面、说明、汇总或非清单类文件），不含可落库的工程量。归属项目：2022.11 中国移动（重庆）江南数据中心建设项目（一期）。口径提醒：**招标阶段文件，非中标价与结算价；工程量为招标人给定的暂定量，结算按实际计量调整**。同项目控制价侧文件含相同工程量且附带金额，引用金额一律以控制价侧为准（见 batch_28/29）。,2026-08-16
docs/library/04_市场与研究/中文行业报告集/202L 数据中心新/2022.11 中国移动（重庆）江南数据中心建设项目（一期）/造价类资料（全程免费，得来不易需要完成一些小任务）1/001答疑/3A_2022_江南数据中心一期造价中国移动成渝重庆江南数据中心_中国移动重庆公司.doc,中国移动成渝（重庆）江南数据中心一期建设项目招标答疑-2-20220905.doc,3,A,2022,中国移动重庆公司,M10/M14,【敏感待判·业主商业信息】**江南数据中心一期**项目造价文件（造价文件侧），工程名称「中国移动成渝（重庆）江南数据中心一期建设项目招标答疑-2-20220905」。本件汇总表未解析出总造价（可能为无金额的空表、说明性文件或非标准格式），金额一律标 [未核]。本件未解析出分部分项清单条目（可能为封面、说明、汇总或非清单类文件），不含可落库的工程量。归属项目：2022.11 中国移动（重庆）江南数据中心建设项目（一期）。口径提醒：**招标阶段文件，非中标价与结算价；工程量为招标人给定的暂定量，结算按实际计量调整**。同项目控制价侧文件含相同工程量且附带金额，引用金额一律以控制价侧为准（见 batch_28/29）。,2026-08-16
docs/library/04_市场与研究/中文行业报告集/202L 数据中心新/2022.11 中国移动（重庆）江南数据中心建设项目（一期）/造价类资料（全程免费，得来不易需要完成一些小任务）1/001答疑/3A_2022_江南数据中心一期造价中国移动成渝重庆江南数据中心_中国移动重庆公司_02.doc,中国移动成渝（重庆）江南数据中心一期建设项目招标答疑-4-20220923.doc,3,A,2022,中国移动重庆公司,M10/M14,【敏感待判·业主商业信息】**江南数据中心一期**项目造价文件（造价文件侧），工程名称「中国移动成渝（重庆）江南数据中心一期建设项目招标答疑-4-20220923」。本件汇总表未解析出总造价（可能为无金额的空表、说明性文件或非标准格式），金额一律标 [未核]。本件未解析出分部分项清单条目（可能为封面、说明、汇总或非清单类文件），不含可落库的工程量。归属项目：2022.11 中国移动（重庆）江南数据中心建设项目（一期）。同目录内存在多份同主题文件（原文件名不同、内容各自独立），重命名时按序号区分，序号无含义。口径提醒：**招标阶段文件，非中标价与结算价；工程量为招标人给定的暂定量，结算按实际计量调整**。同项目控制价侧文件含相同工程量且附带金额，引用金额一律以控制价侧为准（见 batch_28/29）。,2026-08-16
docs/library/04_市场与研究/中文行业报告集/202L 数据中心新/2022.11 中国移动（重庆）江南数据中心建设项目（一期）/造价类资料（全程免费，得来不易需要完成一些小任务）1/001答疑/3A_2022_江南数据中心一期造价中国移动成渝重庆江南数据中心_中国移动重庆公司_03.doc,中国移动成渝（重庆）江南数据中心一期建设项目招标答疑-5-20220924.doc,3,A,2022,中国移动重庆公司,M10/M14,【敏感待判·业主商业信息】**江南数据中心一期**项目造价文件（造价文件侧），工程名称「中国移动成渝（重庆）江南数据中心一期建设项目招标答疑-5-20220924」。本件汇总表未解析出总造价（可能为无金额的空表、说明性文件或非标准格式），金额一律标 [未核]。本件未解析出分部分项清单条目（可能为封面、说明、汇总或非清单类文件），不含可落库的工程量。归属项目：2022.11 中国移动（重庆）江南数据中心建设项目（一期）。同目录内存在多份同主题文件（原文件名不同、内容各自独立），重命名时按序号区分，序号无含义。口径提醒：**招标阶段文件，非中标价与结算价；工程量为招标人给定的暂定量，结算按实际计量调整**。同项目控制价侧文件含相同工程量且附带金额，引用金额一律以控制价侧为准（见 batch_28/29）。,2026-08-16
docs/library/04_市场与研究/中文行业报告集/202L 数据中心新/2022.11 中国移动（重庆）江南数据中心建设项目（一期）/造价类资料（全程免费，得来不易需要完成一些小任务）1/001答疑/3A_2022_江南数据中心一期造价中国移动成渝重庆江南数据中心_中国移动重庆公司.docx,中国移动成渝（重庆）江南数据中心一期建设项目招标答疑-8-20221125.docx,3,A,2022,中国移动重庆公司,M10/M14,【敏感待判·业主商业信息】**江南数据中心一期**项目造价文件（造价文件侧），工程名称「中国移动成渝（重庆）江南数据中心一期建设项目招标答疑-8-20221125」。本件汇总表未解析出总造价（可能为无金额的空表、说明性文件或非标准格式），金额一律标 [未核]。本件未解析出分部分项清单条目（可能为封面、说明、汇总或非清单类文件），不含可落库的工程量。归属项目：2022.11 中国移动（重庆）江南数据中心建设项目（一期）。口径提醒：**招标阶段文件，非中标价与结算价；工程量为招标人给定的暂定量，结算按实际计量调整**。同项目控制价侧文件含相同工程量且附带金额，引用金额一律以控制价侧为准（见 batch_28/29）。,2026-08-16
docs/library/04_市场与研究/中文行业报告集/202L 数据中心新/2022.11 中国移动（重庆）江南数据中心建设项目（一期）/造价类资料（全程免费，得来不易需要完成一些小任务）1/001答疑/3A_2022_江南数据中心一期造价中国移动成渝重庆江南数据中心_中国移动重庆公司_04.doc,中国移动成渝（重庆）江南数据中心一期建设项目招标答疑-6-20221102.doc,3,A,2022,中国移动重庆公司,M10/M14,【敏感待判·业主商业信息】**江南数据中心一期**项目造价文件（造价文件侧），工程名称「中国移动成渝（重庆）江南数据中心一期建设项目招标答疑-6-20221102」。本件汇总表未解析出总造价（可能为无金额的空表、说明性文件或非标准格式），金额一律标 [未核]。本件未解析出分部分项清单条目（可能为封面、说明、汇总或非清单类文件），不含可落库的工程量。归属项目：2022.11 中国移动（重庆）江南数据中心建设项目（一期）。同目录内存在多份同主题文件（原文件名不同、内容各自独立），重命名时按序号区分，序号无含义。口径提醒：**招标阶段文件，非中标价与结算价；工程量为招标人给定的暂定量，结算按实际计量调整**。同项目控制价侧文件含相同工程量且附带金额，引用金额一律以控制价侧为准（见 batch_28/29）。,2026-08-16
docs/library/04_市场与研究/中文行业报告集/202L 数据中心新/2022.11 中国移动（重庆）江南数据中心建设项目（一期）/造价类资料（全程免费，得来不易需要完成一些小任务）1/001答疑/3A_2022_江南数据中心一期造价中国移动成渝重庆江南数据中心_中国移动重庆公司_05.doc,中国移动成渝（重庆）江南数据中心一期建设项目招标答疑-7-20221107.doc,3,A,2022,中国移动重庆公司,M10/M14,【敏感待判·业主商业信息】**江南数据中心一期**项目造价文件（造价文件侧），工程名称「中国移动成渝（重庆）江南数据中心一期建设项目招标答疑-7-20221107」。本件汇总表未解析出总造价（可能为无金额的空表、说明性文件或非标准格式），金额一律标 [未核]。本件未解析出分部分项清单条目（可能为封面、说明、汇总或非清单类文件），不含可落库的工程量。归属项目：2022.11 中国移动（重庆）江南数据中心建设项目（一期）。同目录内存在多份同主题文件（原文件名不同、内容各自独立），重命名时按序号区分，序号无含义。口径提醒：**招标阶段文件，非中标价与结算价；工程量为招标人给定的暂定量，结算按实际计量调整**。同项目控制价侧文件含相同工程量且附带金额，引用金额一律以控制价侧为准（见 batch_28/29）。,2026-08-16
docs/library/04_市场与研究/中文行业报告集/202L 数据中心新/2022.11 中国移动（重庆）江南数据中心建设项目（一期）/造价类资料（全程免费，得来不易需要完成一些小任务）1/001答疑/清单问题8补图/3A_2022_江南数据中心一期造价补充检查井结构详图_中国移动重庆公司.pdf,补充检查井结构详图.pdf,3,A,2022,中国移动重庆公司,M10/M14,【敏感待判·业主商业信息】**江南数据中心一期**项目造价文件（工程量清单侧），工程名称「补充检查井结构详图」。**本件是发给投标人填报的空白招标工程量清单：综合单价与合价列全部为空，因此不含任何金额**；但**工程量列是真实的**，逐条载明清单项编码、项目名称、项目特征描述、计量单位与工程量。本件未解析出分部分项清单条目（可能为封面、说明、汇总或非清单类文件），不含可落库的工程量。归属项目：2022.11 中国移动（重庆）江南数据中心建设项目（一期）。口径提醒：**招标阶段文件，非中标价与结算价；工程量为招标人给定的暂定量，结算按实际计量调整**。同项目控制价侧文件含相同工程量且附带金额，引用金额一律以控制价侧为准（见 batch_28/29）。,2026-08-16
docs/library/04_市场与研究/中文行业报告集/202L 数据中心新/2022.11 中国移动（重庆）江南数据中心建设项目（一期）/造价类资料（全程免费，得来不易需要完成一些小任务）1/001答疑/清单问题8补图/5A_2022_江南数据中心一期造价000以上土建工程室内装饰工_中国移动重庆公司.xlsx,±0.00以上土建工程-室内装饰工程（门房A）.xlsx,5,A,2022,中国移动重庆公司,M10/M14,"【敏感待判·业主商业信息】**江南数据中心一期**项目造价文件（工程量清单侧），工程名称「±0.00以上土建工程-室内装饰工程（门房A）」。该单位工程汇总表载明总造价 359,392.70 元（分部分项 294,808.88、措施 15,380.05、人工费 67,991.27）。本件未解析出分部分项清单条目（可能为封面、说明、汇总或非清单类文件），不含可落库的工程量。归属项目：2022.11 中国移动（重庆）江南数据中心建设项目（一期）。口径提醒：**招标阶段文件，非中标价与结算价；工程量为招标人给定的暂定量，结算按实际计量调整**。同项目控制价侧文件含相同工程量且附带金额，引用金额一律以控制价侧为准（见 batch_28/29）。",2026-08-16
docs/library/04_市场与研究/中文行业报告集/202L 数据中心新/2022.1中国移动粤港澳（广州）通信机楼二期工程/造价类资料（全程免费，得来不易需要完成一些小任务）2/技术条件/3A_2022_粤港澳通信机楼二期造价7电梯技术说明书_中国移动广东公司.docx,7电梯技术说明书.docx,3,A,2022,中国移动广东公司,M10/M14,【敏感待判·业主商业信息】**粤港澳通信机楼二期**项目造价文件（造价文件侧），工程名称「7电梯技术说明书」。本件汇总表未解析出总造价（可能为无金额的空表、说明性文件或非标准格式），金额一律标 [未核]。本件未解析出分部分项清单条目（可能为封面、说明、汇总或非清单类文件），不含可落库的工程量。归属项目：2022.1中国移动粤港澳（广州）通信机楼二期工程。口径提醒：**招标阶段文件，非中标价与结算价；工程量为招标人给定的暂定量，结算按实际计量调整**。同项目控制价侧文件含相同工程量且附带金额，引用金额一律以控制价侧为准（见 batch_28/29）。,2026-08-16
docs/library/04_市场与研究/中文行业报告集/202L 数据中心新/2022.1中国移动粤港澳（广州）通信机楼二期工程/造价类资料（全程免费，得来不易需要完成一些小任务）2/技术条件/3A_2022_粤港澳通信机楼二期造价2结构技术说明书_中国移动广东公司.docx,2结构技术说明书.docx,3,A,2022,中国移动广东公司,M10/M14,【敏感待判·业主商业信息】**粤港澳通信机楼二期**项目造价文件（造价文件侧），工程名称「2结构技术说明书」。本件汇总表未解析出总造价（可能为无金额的空表、说明性文件或非标准格式），金额一律标 [未核]。本件未解析出分部分项清单条目（可能为封面、说明、汇总或非清单类文件），不含可落库的工程量。归属项目：2022.1中国移动粤港澳（广州）通信机楼二期工程。口径提醒：**招标阶段文件，非中标价与结算价；工程量为招标人给定的暂定量，结算按实际计量调整**。同项目控制价侧文件含相同工程量且附带金额，引用金额一律以控制价侧为准（见 batch_28/29）。,2026-08-16
docs/library/04_市场与研究/中文行业报告集/202L 数据中心新/2022.1中国移动粤港澳（广州）通信机楼二期工程/造价类资料（全程免费，得来不易需要完成一些小任务）2/技术条件/3A_2022_粤港澳通信机楼二期造价5消防通风技术说明书_中国移动广东公司.docx,5消防通风技术说明书.docx,3,A,2022,中国移动广东公司,M10/M14,【敏感待判·业主商业信息】**粤港澳通信机楼二期**项目造价文件（造价文件侧），工程名称「5消防通风技术说明书」。本件汇总表未解析出总造价（可能为无金额的空表、说明性文件或非标准格式），金额一律标 [未核]。本件未解析出分部分项清单条目（可能为封面、说明、汇总或非清单类文件），不含可落库的工程量。归属项目：2022.1中国移动粤港澳（广州）通信机楼二期工程。口径提醒：**招标阶段文件，非中标价与结算价；工程量为招标人给定的暂定量，结算按实际计量调整**。同项目控制价侧文件含相同工程量且附带金额，引用金额一律以控制价侧为准（见 batch_28/29）。,2026-08-16
docs/library/04_市场与研究/中文行业报告集/202L 数据中心新/2022.1中国移动粤港澳（广州）通信机楼二期工程/造价类资料（全程免费，得来不易需要完成一些小任务）2/技术条件/3A_2022_粤港澳通信机楼二期造价4给排水技术说明书_中国移动广东公司.docx,4给排水技术说明书.docx,3,A,2022,中国移动广东公司,M10/M14,【敏感待判·业主商业信息】**粤港澳通信机楼二期**项目造价文件（造价文件侧），工程名称「4给排水技术说明书」。本件汇总表未解析出总造价（可能为无金额的空表、说明性文件或非标准格式），金额一律标 [未核]。本件未解析出分部分项清单条目（可能为封面、说明、汇总或非清单类文件），不含可落库的工程量。归属项目：2022.1中国移动粤港澳（广州）通信机楼二期工程。口径提醒：**招标阶段文件，非中标价与结算价；工程量为招标人给定的暂定量，结算按实际计量调整**。同项目控制价侧文件含相同工程量且附带金额，引用金额一律以控制价侧为准（见 batch_28/29）。,2026-08-16
docs/library/04_市场与研究/中文行业报告集/202L 数据中心新/2022.1中国移动粤港澳（广州）通信机楼二期工程/造价类资料（全程免费，得来不易需要完成一些小任务）2/技术条件/3A_2022_粤港澳通信机楼二期造价1建筑技术说明书_中国移动广东公司.docx,1建筑技术说明书.docx,3,A,2022,中国移动广东公司,M10/M14,【敏感待判·业主商业信息】**粤港澳通信机楼二期**项目造价文件（造价文件侧），工程名称「1建筑技术说明书」。本件汇总表未解析出总造价（可能为无金额的空表、说明性文件或非标准格式），金额一律标 [未核]。本件未解析出分部分项清单条目（可能为封面、说明、汇总或非清单类文件），不含可落库的工程量。归属项目：2022.1中国移动粤港澳（广州）通信机楼二期工程。口径提醒：**招标阶段文件，非中标价与结算价；工程量为招标人给定的暂定量，结算按实际计量调整**。同项目控制价侧文件含相同工程量且附带金额，引用金额一律以控制价侧为准（见 batch_28/29）。,2026-08-16
docs/library/04_市场与研究/中文行业报告集/202L 数据中心新/2022.1中国移动粤港澳（广州）通信机楼二期工程/造价类资料（全程免费，得来不易需要完成一些小任务）2/工程量清单/工程量清单/中国移动粤港澳（广州）通信机楼二期工程施工总承包项目/3A_2022_粤港澳通信机楼二期造价中国移动粤港澳广州通信机楼二_中国移动广东公司.xlsx,中国移动粤港澳（广州）通信机楼二期工程施工总承包项目.xlsx,3,A,2022,中国移动广东公司,M10/M14,【敏感待判·业主商业信息】**粤港澳通信机楼二期**项目造价文件（工程量清单侧），工程名称「中国移动粤港澳（广州）通信机楼二期工程施工总承包项目」。**本件是发给投标人填报的空白招标工程量清单：综合单价与合价列全部为空，因此不含任何金额**；但**工程量列是真实的**，逐条载明清单项编码、项目名称、项目特征描述、计量单位与工程量。本件未解析出分部分项清单条目（可能为封面、说明、汇总或非清单类文件），不含可落库的工程量。归属项目：2022.1中国移动粤港澳（广州）通信机楼二期工程。口径提醒：**招标阶段文件，非中标价与结算价；工程量为招标人给定的暂定量，结算按实际计量调整**。同项目控制价侧文件含相同工程量且附带金额，引用金额一律以控制价侧为准（见 batch_28/29）。,2026-08-16
docs/library/04_市场与研究/中文行业报告集/202L 数据中心新/2022.1中国移动粤港澳（广州）通信机楼二期工程/造价类资料（全程免费，得来不易需要完成一些小任务）2/工程量清单/工程量清单/中国移动粤港澳（广州）通信机楼二期工程施工总承包项目/B1通信机楼土建工程/B1通信机楼-基坑支护及土方开挖工程/3A_2022_粤港澳通信机楼二期造价B1通信机楼基坑支护及土方开_中国移动广东公司.xlsx,B1通信机楼-基坑支护及土方开挖工程.xlsx,3,A,2022,中国移动广东公司,M10/M14,【敏感待判·业主商业信息】**粤港澳通信机楼二期**项目造价文件（工程量清单侧），工程名称「B1通信机楼-基坑支护及土方开挖工程」。**本件是发给投标人填报的空白招标工程量清单：综合单价与合价列全部为空，因此不含任何金额**；但**工程量列是真实的**，逐条载明清单项编码、项目名称、项目特征描述、计量单位与工程量。本件未解析出分部分项清单条目（可能为封面、说明、汇总或非清单类文件），不含可落库的工程量。归属项目：2022.1中国移动粤港澳（广州）通信机楼二期工程。口径提醒：**招标阶段文件，非中标价与结算价；工程量为招标人给定的暂定量，结算按实际计量调整**。同项目控制价侧文件含相同工程量且附带金额，引用金额一律以控制价侧为准（见 batch_28/29）。,2026-08-16
docs/library/04_市场与研究/中文行业报告集/202L 数据中心新/2022.1中国移动粤港澳（广州）通信机楼二期工程/造价类资料（全程免费，得来不易需要完成一些小任务）2/工程量清单/工程量清单/中国移动粤港澳（广州）通信机楼二期工程施工总承包项目/B1通信机楼土建工程/B1通信机楼-±0.00以上土建工程/4A_2022_粤港澳通信机楼二期造价B1通信机楼000以上土建工_中国移动广东公司.xlsx,B1通信机楼-±0.00以上土建工程.xlsx,4,A,2022,中国移动广东公司,M10/M14,"【敏感待判·业主商业信息】**粤港澳通信机楼二期**项目造价文件（工程量清单侧），工程名称「B1通信机楼-±0.00以上土建工程」。**本件是发给投标人填报的空白招标工程量清单：综合单价与合价列全部为空，因此不含任何金额**；但**工程量列是真实的**，逐条载明清单项编码、项目名称、项目特征描述、计量单位与工程量。**工程量最大的若干清单项（原文）**：垂直运输（清单编码 011703001002）22,241.00 m2；有梁板（清单编码 011702014002）14,157.67 m2；矩形梁（清单编码 011702006004）10,190.21 m2；矩形梁（清单编码 011702006007）6,841.54 m2；矩形柱（清单编码 011702002005）3,435.50 m2；直形墙（清单编码 011702011002）3,247.23 m2。这些工程量本身即材料强度数据，可与同项目建筑面积配合，推出每平米的混凝土方量、砌体方量、钢结构吨位等物耗指标（M10）。归属项目：2022.1中国移动粤港澳（广州）通信机楼二期工程。口径提醒：**招标阶段文件，非中标价与结算价；工程量为招标人给定的暂定量，结算按实际计量调整**。同项目控制价侧文件含相同工程量且附带金额，引用金额一律以控制价侧为准（见 batch_28/29）。",2026-08-16
docs/library/04_市场与研究/中文行业报告集/202L 数据中心新/2022.1中国移动粤港澳（广州）通信机楼二期工程/造价类资料（全程免费，得来不易需要完成一些小任务）2/工程量清单/工程量清单/中国移动粤港澳（广州）通信机楼二期工程施工总承包项目/B1通信机楼土建工程/B1通信机楼-±0.00以下土建工程/3A_2022_粤港澳通信机楼二期造价B1通信机楼000以下土建工_中国移动广东公司.xlsx,B1通信机楼-±0.00以下土建工程.xlsx,3,A,2022,中国移动广东公司,M10/M14,【敏感待判·业主商业信息】**粤港澳通信机楼二期**项目造价文件（工程量清单侧），工程名称「B1通信机楼-±0.00以下土建工程」。**本件是发给投标人填报的空白招标工程量清单：综合单价与合价列全部为空，因此不含任何金额**；但**工程量列是真实的**，逐条载明清单项编码、项目名称、项目特征描述、计量单位与工程量。本件未解析出分部分项清单条目（可能为封面、说明、汇总或非清单类文件），不含可落库的工程量。归属项目：2022.1中国移动粤港澳（广州）通信机楼二期工程。口径提醒：**招标阶段文件，非中标价与结算价；工程量为招标人给定的暂定量，结算按实际计量调整**。同项目控制价侧文件含相同工程量且附带金额，引用金额一律以控制价侧为准（见 batch_28/29）。,2026-08-16
docs/library/04_市场与研究/中文行业报告集/202L 数据中心新/2022.1中国移动粤港澳（广州）通信机楼二期工程/造价类资料（全程免费，得来不易需要完成一些小任务）2/工程量清单/工程量清单/中国移动粤港澳（广州）通信机楼二期工程施工总承包项目/B1通信机楼土建工程/B1通信机楼-桩基础工程/3A_2022_粤港澳通信机楼二期造价B1通信机楼桩基础工程_中国移动广东公司.xlsx,B1通信机楼-桩基础工程.xlsx,3,A,2022,中国移动广东公司,M10/M14,【敏感待判·业主商业信息】**粤港澳通信机楼二期**项目造价文件（工程量清单侧），工程名称「B1通信机楼-桩基础工程」。**本件是发给投标人填报的空白招标工程量清单：综合单价与合价列全部为空，因此不含任何金额**；但**工程量列是真实的**，逐条载明清单项编码、项目名称、项目特征描述、计量单位与工程量。本件未解析出分部分项清单条目（可能为封面、说明、汇总或非清单类文件），不含可落库的工程量。归属项目：2022.1中国移动粤港澳（广州）通信机楼二期工程。口径提醒：**招标阶段文件，非中标价与结算价；工程量为招标人给定的暂定量，结算按实际计量调整**。同项目控制价侧文件含相同工程量且附带金额，引用金额一律以控制价侧为准（见 batch_28/29）。,2026-08-16
docs/library/04_市场与研究/中文行业报告集/202L 数据中心新/2022.1中国移动粤港澳（广州）通信机楼二期工程/造价类资料（全程免费，得来不易需要完成一些小任务）2/工程量清单/工程量清单/中国移动粤港澳（广州）通信机楼二期工程施工总承包项目/B1通信机楼土建工程/B1通信机楼-外墙工程/3A_2022_粤港澳通信机楼二期造价B1通信机楼外墙工程_中国移动广东公司.xlsx,B1通信机楼-外墙工程.xlsx,3,A,2022,中国移动广东公司,M10/M14,【敏感待判·业主商业信息】**粤港澳通信机楼二期**项目造价文件（工程量清单侧），工程名称「B1通信机楼-外墙工程」。**本件是发给投标人填报的空白招标工程量清单：综合单价与合价列全部为空，因此不含任何金额**；但**工程量列是真实的**，逐条载明清单项编码、项目名称、项目特征描述、计量单位与工程量。本件未解析出分部分项清单条目（可能为封面、说明、汇总或非清单类文件），不含可落库的工程量。归属项目：2022.1中国移动粤港澳（广州）通信机楼二期工程。口径提醒：**招标阶段文件，非中标价与结算价；工程量为招标人给定的暂定量，结算按实际计量调整**。同项目控制价侧文件含相同工程量且附带金额，引用金额一律以控制价侧为准（见 batch_28/29）。,2026-08-16
docs/library/04_市场与研究/中文行业报告集/202L 数据中心新/2022.1中国移动粤港澳（广州）通信机楼二期工程/造价类资料（全程免费，得来不易需要完成一些小任务）2/工程量清单/工程量清单/中国移动粤港澳（广州）通信机楼二期工程施工总承包项目/B1通信机楼安装工程/B1通信机楼-±0.00以下安装工程/4A_2022_粤港澳通信机楼二期造价B1通信机楼000以下安装工_中国移动广东公司.xlsx,B1通信机楼-±0.00以下安装工程.xlsx,4,A,2022,中国移动广东公司,M10/M14,【敏感待判·业主商业信息】**粤港澳通信机楼二期**项目造价文件（工程量清单侧），工程名称「B1通信机楼-±0.00以下安装工程」。**本件是发给投标人填报的空白招标工程量清单：综合单价与合价列全部为空，因此不含任何金额**；但**工程量列是真实的**，逐条载明清单项编码、项目名称、项目特征描述、计量单位与工程量。**工程量最大的若干清单项（原文）**：防火门监控装置调试（清单编码 030905003002）2.00 个；高层施工增加（清单编码 031302007009）1.00 项；脚手架搭拆费（清单编码 031301017009）1.00 项。这些工程量本身即材料强度数据，可与同项目建筑面积配合，推出每平米的混凝土方量、砌体方量、钢结构吨位等物耗指标（M10）。归属项目：2022.1中国移动粤港澳（广州）通信机楼二期工程。口径提醒：**招标阶段文件，非中标价与结算价；工程量为招标人给定的暂定量，结算按实际计量调整**。同项目控制价侧文件含相同工程量且附带金额，引用金额一律以控制价侧为准（见 batch_28/29）。,2026-08-16
docs/library/04_市场与研究/中文行业报告集/202L 数据中心新/2022.1中国移动粤港澳（广州）通信机楼二期工程/造价类资料（全程免费，得来不易需要完成一些小任务）2/工程量清单/工程量清单/中国移动粤港澳（广州）通信机楼二期工程施工总承包项目/B1通信机楼安装工程/B1通信机楼-给排水工程/4A_2022_粤港澳通信机楼二期造价B1通信机楼给排水工程_中国移动广东公司.xlsx,B1通信机楼-给排水工程.xlsx,4,A,2022,中国移动广东公司,M10/M14,【敏感待判·业主商业信息】**粤港澳通信机楼二期**项目造价文件（工程量清单侧），工程名称「B1通信机楼-给排水工程」。**本件是发给投标人填报的空白招标工程量清单：综合单价与合价列全部为空，因此不含任何金额**；但**工程量列是真实的**，逐条载明清单项编码、项目名称、项目特征描述、计量单位与工程量。**工程量最大的若干清单项（原文）**：高层施工增加（清单编码 031302007001）1.00 项；脚手架搭拆费（清单编码 031301017001）1.00 项。这些工程量本身即材料强度数据，可与同项目建筑面积配合，推出每平米的混凝土方量、砌体方量、钢结构吨位等物耗指标（M10）。归属项目：2022.1中国移动粤港澳（广州）通信机楼二期工程。口径提醒：**招标阶段文件，非中标价与结算价；工程量为招标人给定的暂定量，结算按实际计量调整**。同项目控制价侧文件含相同工程量且附带金额，引用金额一律以控制价侧为准（见 batch_28/29）。,2026-08-16
docs/library/04_市场与研究/中文行业报告集/202L 数据中心新/2022.1中国移动粤港澳（广州）通信机楼二期工程/造价类资料（全程免费，得来不易需要完成一些小任务）2/工程量清单/工程量清单/中国移动粤港澳（广州）通信机楼二期工程施工总承包项目/B1通信机楼安装工程/B1通信机楼-消防管道及设备工程/4A_2022_粤港澳通信机楼二期造价B1通信机楼消防管道及设备工_中国移动广东公司.xlsx,B1通信机楼-消防管道及设备工程.xlsx,4,A,2022,中国移动广东公司,M10/M14,【敏感待判·业主商业信息】**粤港澳通信机楼二期**项目造价文件（工程量清单侧），工程名称「B1通信机楼-消防管道及设备工程」。**本件是发给投标人填报的空白招标工程量清单：综合单价与合价列全部为空，因此不含任何金额**；但**工程量列是真实的**，逐条载明清单项编码、项目名称、项目特征描述、计量单位与工程量。**工程量最大的若干清单项（原文）**：高层施工增加（清单编码 031302007004）1.00 项；脚手架搭拆费（清单编码 031301017004）1.00 项。这些工程量本身即材料强度数据，可与同项目建筑面积配合，推出每平米的混凝土方量、砌体方量、钢结构吨位等物耗指标（M10）。归属项目：2022.1中国移动粤港澳（广州）通信机楼二期工程。口径提醒：**招标阶段文件，非中标价与结算价；工程量为招标人给定的暂定量，结算按实际计量调整**。同项目控制价侧文件含相同工程量且附带金额，引用金额一律以控制价侧为准（见 batch_28/29）。,2026-08-16
docs/library/04_市场与研究/中文行业报告集/202L 数据中心新/2022.1中国移动粤港澳（广州）通信机楼二期工程/造价类资料（全程免费，得来不易需要完成一些小任务）2/工程量清单/工程量清单/中国移动粤港澳（广州）通信机楼二期工程施工总承包项目/B1通信机楼安装工程/B1通信机楼-电气工程/4A_2022_粤港澳通信机楼二期造价B1通信机楼电气工程_中国移动广东公司.xlsx,B1通信机楼-电气工程.xlsx,4,A,2022,中国移动广东公司,M10/M14,【敏感待判·业主商业信息】**粤港澳通信机楼二期**项目造价文件（工程量清单侧），工程名称「B1通信机楼-电气工程」。**本件是发给投标人填报的空白招标工程量清单：综合单价与合价列全部为空，因此不含任何金额**；但**工程量列是真实的**，逐条载明清单项编码、项目名称、项目特征描述、计量单位与工程量。**工程量最大的若干清单项（原文）**：高层施工增加（清单编码 031302007003）1.00 项；脚手架搭拆费（清单编码 031301017003）1.00 项。这些工程量本身即材料强度数据，可与同项目建筑面积配合，推出每平米的混凝土方量、砌体方量、钢结构吨位等物耗指标（M10）。归属项目：2022.1中国移动粤港澳（广州）通信机楼二期工程。口径提醒：**招标阶段文件，非中标价与结算价；工程量为招标人给定的暂定量，结算按实际计量调整**。同项目控制价侧文件含相同工程量且附带金额，引用金额一律以控制价侧为准（见 batch_28/29）。,2026-08-16
docs/library/04_市场与研究/中文行业报告集/202L 数据中心新/2022.1中国移动粤港澳（广州）通信机楼二期工程/造价类资料（全程免费，得来不易需要完成一些小任务）2/工程量清单/工程量清单/中国移动粤港澳（广州）通信机楼二期工程施工总承包项目/B1通信机楼安装工程/B1通信机楼-抗震支吊架工程/4A_2022_粤港澳通信机楼二期造价B1通信机楼抗震支吊架工程_中国移动广东公司.xlsx,B1通信机楼-抗震支吊架工程.xlsx,4,A,2022,中国移动广东公司,M10/M14,【敏感待判·业主商业信息】**粤港澳通信机楼二期**项目造价文件（工程量清单侧），工程名称「B1通信机楼-抗震支吊架工程」。**本件是发给投标人填报的空白招标工程量清单：综合单价与合价列全部为空，因此不含任何金额**；但**工程量列是真实的**，逐条载明清单项编码、项目名称、项目特征描述、计量单位与工程量。**工程量最大的若干清单项（原文）**：高层施工增加（清单编码 031302007008）1.00 项；脚手架搭拆费（清单编码 031301017008）1.00 项。这些工程量本身即材料强度数据，可与同项目建筑面积配合，推出每平米的混凝土方量、砌体方量、钢结构吨位等物耗指标（M10）。归属项目：2022.1中国移动粤港澳（广州）通信机楼二期工程。口径提醒：**招标阶段文件，非中标价与结算价；工程量为招标人给定的暂定量，结算按实际计量调整**。同项目控制价侧文件含相同工程量且附带金额，引用金额一律以控制价侧为准（见 batch_28/29）。,2026-08-16
docs/library/04_市场与研究/中文行业报告集/202L 数据中心新/2022.1中国移动粤港澳（广州）通信机楼二期工程/造价类资料（全程免费，得来不易需要完成一些小任务）2/工程量清单/工程量清单/中国移动粤港澳（广州）通信机楼二期工程施工总承包项目/B1通信机楼安装工程/B1通信机楼-通风和防排烟工程/4A_2022_粤港澳通信机楼二期造价B1通信机楼通风和防排烟工程_中国移动广东公司.xlsx,B1通信机楼-通风和防排烟工程.xlsx,4,A,2022,中国移动广东公司,M10/M14,【敏感待判·业主商业信息】**粤港澳通信机楼二期**项目造价文件（工程量清单侧），工程名称「B1通信机楼-通风和防排烟工程」。**本件是发给投标人填报的空白招标工程量清单：综合单价与合价列全部为空，因此不含任何金额**；但**工程量列是真实的**，逐条载明清单项编码、项目名称、项目特征描述、计量单位与工程量。**工程量最大的若干清单项（原文）**：高层施工增加（清单编码 031302007002）1.00 项；脚手架搭拆费（清单编码 031301017002）1.00 项。这些工程量本身即材料强度数据，可与同项目建筑面积配合，推出每平米的混凝土方量、砌体方量、钢结构吨位等物耗指标（M10）。归属项目：2022.1中国移动粤港澳（广州）通信机楼二期工程。口径提醒：**招标阶段文件，非中标价与结算价；工程量为招标人给定的暂定量，结算按实际计量调整**。同项目控制价侧文件含相同工程量且附带金额，引用金额一律以控制价侧为准（见 batch_28/29）。,2026-08-16
docs/library/04_市场与研究/中文行业报告集/202L 数据中心新/2022.1中国移动粤港澳（广州）通信机楼二期工程/造价类资料（全程免费，得来不易需要完成一些小任务）2/工程量清单/工程量清单/中国移动粤港澳（广州）通信机楼二期工程施工总承包项目/B1通信机楼安装工程/B1通信机楼-消防报警工程/4A_2022_粤港澳通信机楼二期造价B1通信机楼消防报警工程_中国移动广东公司.xlsx,B1通信机楼-消防报警工程.xlsx,4,A,2022,中国移动广东公司,M10/M14,【敏感待判·业主商业信息】**粤港澳通信机楼二期**项目造价文件（工程量清单侧），工程名称「B1通信机楼-消防报警工程」。**本件是发给投标人填报的空白招标工程量清单：综合单价与合价列全部为空，因此不含任何金额**；但**工程量列是真实的**，逐条载明清单项编码、项目名称、项目特征描述、计量单位与工程量。**工程量最大的若干清单项（原文）**：防火门监控装置调试（清单编码 030905003001）55.00 个；高层施工增加（清单编码 031302007005）1.00 项；脚手架搭拆费（清单编码 031301017005）1.00 项。这些工程量本身即材料强度数据，可与同项目建筑面积配合，推出每平米的混凝土方量、砌体方量、钢结构吨位等物耗指标（M10）。归属项目：2022.1中国移动粤港澳（广州）通信机楼二期工程。口径提醒：**招标阶段文件，非中标价与结算价；工程量为招标人给定的暂定量，结算按实际计量调整**。同项目控制价侧文件含相同工程量且附带金额，引用金额一律以控制价侧为准（见 batch_28/29）。,2026-08-16
docs/library/04_市场与研究/中文行业报告集/202L 数据中心新/2022.1中国移动粤港澳（广州）通信机楼二期工程/造价类资料（全程免费，得来不易需要完成一些小任务）2/工程量清单/工程量清单/中国移动粤港澳（广州）通信机楼二期工程施工总承包项目/B1通信机楼安装工程/B1通信机楼-智能化工程/4A_2022_粤港澳通信机楼二期造价B1通信机楼智能化工程_中国移动广东公司.xlsx,B1通信机楼-智能化工程.xlsx,4,A,2022,中国移动广东公司,M10/M14,【敏感待判·业主商业信息】**粤港澳通信机楼二期**项目造价文件（工程量清单侧），工程名称「B1通信机楼-智能化工程」。**本件是发给投标人填报的空白招标工程量清单：综合单价与合价列全部为空，因此不含任何金额**；但**工程量列是真实的**，逐条载明清单项编码、项目名称、项目特征描述、计量单位与工程量。**工程量最大的若干清单项（原文）**：高层施工增加（清单编码 031302007006）1.00 项；脚手架搭拆费（清单编码 031301017006）1.00 项。这些工程量本身即材料强度数据，可与同项目建筑面积配合，推出每平米的混凝土方量、砌体方量、钢结构吨位等物耗指标（M10）。归属项目：2022.1中国移动粤港澳（广州）通信机楼二期工程。口径提醒：**招标阶段文件，非中标价与结算价；工程量为招标人给定的暂定量，结算按实际计量调整**。同项目控制价侧文件含相同工程量且附带金额，引用金额一律以控制价侧为准（见 batch_28/29）。,2026-08-16
docs/library/04_市场与研究/中文行业报告集/202L 数据中心新/2022.1中国移动粤港澳（广州）通信机楼二期工程/造价类资料（全程免费，得来不易需要完成一些小任务）2/工程量清单/工程量清单/中国移动粤港澳（广州）通信机楼二期工程施工总承包项目/B1通信机楼安装工程/B1通信机楼-电梯工程/4A_2022_粤港澳通信机楼二期造价B1通信机楼电梯工程_中国移动广东公司.xlsx,B1通信机楼-电梯工程.xlsx,4,A,2022,中国移动广东公司,M10/M14,【敏感待判·业主商业信息】**粤港澳通信机楼二期**项目造价文件（工程量清单侧），工程名称「B1通信机楼-电梯工程」。**本件是发给投标人填报的空白招标工程量清单：综合单价与合价列全部为空，因此不含任何金额**；但**工程量列是真实的**，逐条载明清单项编码、项目名称、项目特征描述、计量单位与工程量。**工程量最大的若干清单项（原文）**：高层施工增加（清单编码 031302007007）1.00 项；脚手架搭拆费（清单编码 031301017007）1.00 项。这些工程量本身即材料强度数据，可与同项目建筑面积配合，推出每平米的混凝土方量、砌体方量、钢结构吨位等物耗指标（M10）。归属项目：2022.1中国移动粤港澳（广州）通信机楼二期工程。口径提醒：**招标阶段文件，非中标价与结算价；工程量为招标人给定的暂定量，结算按实际计量调整**。同项目控制价侧文件含相同工程量且附带金额，引用金额一律以控制价侧为准（见 batch_28/29）。,2026-08-16
docs/library/04_市场与研究/中文行业报告集/202L 数据中心新/2022.1中国移动粤港澳（广州）通信机楼二期工程/造价类资料（全程免费，得来不易需要完成一些小任务）2/工程量清单/工程量清单/中国移动粤港澳（广州）通信机楼二期工程施工总承包项目/B3通信机楼安装工程/B3通信机楼-电气工程/4A_2022_粤港澳通信机楼二期造价B3通信机楼电气工程_中国移动广东公司.xlsx,B3通信机楼-电气工程.xlsx,4,A,2022,中国移动广东公司,M10/M14,【敏感待判·业主商业信息】**粤港澳通信机楼二期**项目造价文件（工程量清单侧），工程名称「B3通信机楼-电气工程」。**本件是发给投标人填报的空白招标工程量清单：综合单价与合价列全部为空，因此不含任何金额**；但**工程量列是真实的**，逐条载明清单项编码、项目名称、项目特征描述、计量单位与工程量。**工程量最大的若干清单项（原文）**：高层施工增加（清单编码 031302007021）1.00 项；脚手架搭拆费（清单编码 031301017021）1.00 项。这些工程量本身即材料强度数据，可与同项目建筑面积配合，推出每平米的混凝土方量、砌体方量、钢结构吨位等物耗指标（M10）。归属项目：2022.1中国移动粤港澳（广州）通信机楼二期工程。口径提醒：**招标阶段文件，非中标价与结算价；工程量为招标人给定的暂定量，结算按实际计量调整**。同项目控制价侧文件含相同工程量且附带金额，引用金额一律以控制价侧为准（见 batch_28/29）。,2026-08-16
docs/library/04_市场与研究/中文行业报告集/202L 数据中心新/2022.1中国移动粤港澳（广州）通信机楼二期工程/造价类资料（全程免费，得来不易需要完成一些小任务）2/工程量清单/工程量清单/中国移动粤港澳（广州）通信机楼二期工程施工总承包项目/B3通信机楼安装工程/B3通信机楼-通风和防排烟工程/4A_2022_粤港澳通信机楼二期造价B3通信机楼通风和防排烟工程_中国移动广东公司.xlsx,B3通信机楼-通风和防排烟工程.xlsx,4,A,2022,中国移动广东公司,M10/M14,【敏感待判·业主商业信息】**粤港澳通信机楼二期**项目造价文件（工程量清单侧），工程名称「B3通信机楼-通风和防排烟工程」。**本件是发给投标人填报的空白招标工程量清单：综合单价与合价列全部为空，因此不含任何金额**；但**工程量列是真实的**，逐条载明清单项编码、项目名称、项目特征描述、计量单位与工程量。**工程量最大的若干清单项（原文）**：高层施工增加（清单编码 031302007020）1.00 项；脚手架搭拆费（清单编码 031301017020）1.00 项。这些工程量本身即材料强度数据，可与同项目建筑面积配合，推出每平米的混凝土方量、砌体方量、钢结构吨位等物耗指标（M10）。归属项目：2022.1中国移动粤港澳（广州）通信机楼二期工程。口径提醒：**招标阶段文件，非中标价与结算价；工程量为招标人给定的暂定量，结算按实际计量调整**。同项目控制价侧文件含相同工程量且附带金额，引用金额一律以控制价侧为准（见 batch_28/29）。,2026-08-16
docs/library/04_市场与研究/中文行业报告集/202L 数据中心新/2022.1中国移动粤港澳（广州）通信机楼二期工程/造价类资料（全程免费，得来不易需要完成一些小任务）2/工程量清单/工程量清单/中国移动粤港澳（广州）通信机楼二期工程施工总承包项目/B3通信机楼安装工程/B3通信机楼-电梯工程/4A_2022_粤港澳通信机楼二期造价B3通信机楼电梯工程_中国移动广东公司.xlsx,B3通信机楼-电梯工程.xlsx,4,A,2022,中国移动广东公司,M10/M14,【敏感待判·业主商业信息】**粤港澳通信机楼二期**项目造价文件（工程量清单侧），工程名称「B3通信机楼-电梯工程」。**本件是发给投标人填报的空白招标工程量清单：综合单价与合价列全部为空，因此不含任何金额**；但**工程量列是真实的**，逐条载明清单项编码、项目名称、项目特征描述、计量单位与工程量。**工程量最大的若干清单项（原文）**：高层施工增加（清单编码 031302007025）1.00 项；脚手架搭拆费（清单编码 031301017025）1.00 项。这些工程量本身即材料强度数据，可与同项目建筑面积配合，推出每平米的混凝土方量、砌体方量、钢结构吨位等物耗指标（M10）。归属项目：2022.1中国移动粤港澳（广州）通信机楼二期工程。口径提醒：**招标阶段文件，非中标价与结算价；工程量为招标人给定的暂定量，结算按实际计量调整**。同项目控制价侧文件含相同工程量且附带金额，引用金额一律以控制价侧为准（见 batch_28/29）。,2026-08-16
docs/library/04_市场与研究/中文行业报告集/202L 数据中心新/2022.1中国移动粤港澳（广州）通信机楼二期工程/造价类资料（全程免费，得来不易需要完成一些小任务）2/工程量清单/工程量清单/中国移动粤港澳（广州）通信机楼二期工程施工总承包项目/B3通信机楼安装工程/B3通信机楼-消防管道及设备工程/4A_2022_粤港澳通信机楼二期造价B3通信机楼消防管道及设备工_中国移动广东公司.xlsx,B3通信机楼-消防管道及设备工程.xlsx,4,A,2022,中国移动广东公司,M10/M14,【敏感待判·业主商业信息】**粤港澳通信机楼二期**项目造价文件（工程量清单侧），工程名称「B3通信机楼-消防管道及设备工程」。**本件是发给投标人填报的空白招标工程量清单：综合单价与合价列全部为空，因此不含任何金额**；但**工程量列是真实的**，逐条载明清单项编码、项目名称、项目特征描述、计量单位与工程量。**工程量最大的若干清单项（原文）**：高层施工增加（清单编码 031302007022）1.00 项；脚手架搭拆费（清单编码 031301017022）1.00 项。这些工程量本身即材料强度数据，可与同项目建筑面积配合，推出每平米的混凝土方量、砌体方量、钢结构吨位等物耗指标（M10）。归属项目：2022.1中国移动粤港澳（广州）通信机楼二期工程。口径提醒：**招标阶段文件，非中标价与结算价；工程量为招标人给定的暂定量，结算按实际计量调整**。同项目控制价侧文件含相同工程量且附带金额，引用金额一律以控制价侧为准（见 batch_28/29）。,2026-08-16
docs/library/04_市场与研究/中文行业报告集/202L 数据中心新/2022.1中国移动粤港澳（广州）通信机楼二期工程/造价类资料（全程免费，得来不易需要完成一些小任务）2/工程量清单/工程量清单/中国移动粤港澳（广州）通信机楼二期工程施工总承包项目/B3通信机楼安装工程/B3通信机楼-智能化工程/4A_2022_粤港澳通信机楼二期造价B3通信机楼智能化工程_中国移动广东公司.xlsx,B3通信机楼-智能化工程.xlsx,4,A,2022,中国移动广东公司,M10/M14,【敏感待判·业主商业信息】**粤港澳通信机楼二期**项目造价文件（工程量清单侧），工程名称「B3通信机楼-智能化工程」。**本件是发给投标人填报的空白招标工程量清单：综合单价与合价列全部为空，因此不含任何金额**；但**工程量列是真实的**，逐条载明清单项编码、项目名称、项目特征描述、计量单位与工程量。**工程量最大的若干清单项（原文）**：高层施工增加（清单编码 031302007024）1.00 项；脚手架搭拆费（清单编码 031301017024）1.00 项。这些工程量本身即材料强度数据，可与同项目建筑面积配合，推出每平米的混凝土方量、砌体方量、钢结构吨位等物耗指标（M10）。归属项目：2022.1中国移动粤港澳（广州）通信机楼二期工程。口径提醒：**招标阶段文件，非中标价与结算价；工程量为招标人给定的暂定量，结算按实际计量调整**。同项目控制价侧文件含相同工程量且附带金额，引用金额一律以控制价侧为准（见 batch_28/29）。,2026-08-16
docs/library/04_市场与研究/中文行业报告集/202L 数据中心新/2022.1中国移动粤港澳（广州）通信机楼二期工程/造价类资料（全程免费，得来不易需要完成一些小任务）2/工程量清单/工程量清单/中国移动粤港澳（广州）通信机楼二期工程施工总承包项目/B3通信机楼安装工程/B3通信机楼-抗震支吊架工程/4A_2022_粤港澳通信机楼二期造价B3通信机楼抗震支吊架工程_中国移动广东公司.xlsx,B3通信机楼-抗震支吊架工程.xlsx,4,A,2022,中国移动广东公司,M10/M14,【敏感待判·业主商业信息】**粤港澳通信机楼二期**项目造价文件（工程量清单侧），工程名称「B3通信机楼-抗震支吊架工程」。**本件是发给投标人填报的空白招标工程量清单：综合单价与合价列全部为空，因此不含任何金额**；但**工程量列是真实的**，逐条载明清单项编码、项目名称、项目特征描述、计量单位与工程量。**工程量最大的若干清单项（原文）**：高层施工增加（清单编码 031302007026）1.00 项；脚手架搭拆费（清单编码 031301017026）1.00 项。这些工程量本身即材料强度数据，可与同项目建筑面积配合，推出每平米的混凝土方量、砌体方量、钢结构吨位等物耗指标（M10）。归属项目：2022.1中国移动粤港澳（广州）通信机楼二期工程。口径提醒：**招标阶段文件，非中标价与结算价；工程量为招标人给定的暂定量，结算按实际计量调整**。同项目控制价侧文件含相同工程量且附带金额，引用金额一律以控制价侧为准（见 batch_28/29）。,2026-08-16
docs/library/04_市场与研究/中文行业报告集/202L 数据中心新/2022.1中国移动粤港澳（广州）通信机楼二期工程/造价类资料（全程免费，得来不易需要完成一些小任务）2/工程量清单/工程量清单/中国移动粤港澳（广州）通信机楼二期工程施工总承包项目/B3通信机楼安装工程/B3通信机楼-消防报警工程/4A_2022_粤港澳通信机楼二期造价B3通信机楼消防报警工程_中国移动广东公司.xlsx,B3通信机楼-消防报警工程.xlsx,4,A,2022,中国移动广东公司,M10/M14,【敏感待判·业主商业信息】**粤港澳通信机楼二期**项目造价文件（工程量清单侧），工程名称「B3通信机楼-消防报警工程」。**本件是发给投标人填报的空白招标工程量清单：综合单价与合价列全部为空，因此不含任何金额**；但**工程量列是真实的**，逐条载明清单项编码、项目名称、项目特征描述、计量单位与工程量。**工程量最大的若干清单项（原文）**：防火门监控装置调试（清单编码 030905003005）63.00 个；高层施工增加（清单编码 031302007023）1.00 项；脚手架搭拆费（清单编码 031301017023）1.00 项。这些工程量本身即材料强度数据，可与同项目建筑面积配合，推出每平米的混凝土方量、砌体方量、钢结构吨位等物耗指标（M10）。归属项目：2022.1中国移动粤港澳（广州）通信机楼二期工程。口径提醒：**招标阶段文件，非中标价与结算价；工程量为招标人给定的暂定量，结算按实际计量调整**。同项目控制价侧文件含相同工程量且附带金额，引用金额一律以控制价侧为准（见 batch_28/29）。,2026-08-16
docs/library/04_市场与研究/中文行业报告集/202L 数据中心新/2022.1中国移动粤港澳（广州）通信机楼二期工程/造价类资料（全程免费，得来不易需要完成一些小任务）2/工程量清单/工程量清单/中国移动粤港澳（广州）通信机楼二期工程施工总承包项目/B3通信机楼安装工程/B3通信机楼-±0.00以下安装工程/4A_2022_粤港澳通信机楼二期造价B3通信机楼000以下安装工_中国移动广东公司.xlsx,B3通信机楼-±0.00以下安装工程.xlsx,4,A,2022,中国移动广东公司,M10/M14,【敏感待判·业主商业信息】**粤港澳通信机楼二期**项目造价文件（工程量清单侧），工程名称「B3通信机楼-±0.00以下安装工程」。**本件是发给投标人填报的空白招标工程量清单：综合单价与合价列全部为空，因此不含任何金额**；但**工程量列是真实的**，逐条载明清单项编码、项目名称、项目特征描述、计量单位与工程量。**工程量最大的若干清单项（原文）**：防火门监控装置调试（清单编码 030905003006）2.00 个；高层施工增加（清单编码 031302007027）1.00 项；脚手架搭拆费（清单编码 031301017027）1.00 项。这些工程量本身即材料强度数据，可与同项目建筑面积配合，推出每平米的混凝土方量、砌体方量、钢结构吨位等物耗指标（M10）。归属项目：2022.1中国移动粤港澳（广州）通信机楼二期工程。口径提醒：**招标阶段文件，非中标价与结算价；工程量为招标人给定的暂定量，结算按实际计量调整**。同项目控制价侧文件含相同工程量且附带金额，引用金额一律以控制价侧为准（见 batch_28/29）。,2026-08-16
docs/library/04_市场与研究/中文行业报告集/202L 数据中心新/2022.1中国移动粤港澳（广州）通信机楼二期工程/造价类资料（全程免费，得来不易需要完成一些小任务）2/工程量清单/工程量清单/中国移动粤港澳（广州）通信机楼二期工程施工总承包项目/B3通信机楼安装工程/B3通信机楼-给排水工程/4A_2022_粤港澳通信机楼二期造价B3通信机楼给排水工程_中国移动广东公司.xlsx,B3通信机楼-给排水工程.xlsx,4,A,2022,中国移动广东公司,M10/M14,【敏感待判·业主商业信息】**粤港澳通信机楼二期**项目造价文件（工程量清单侧），工程名称「B3通信机楼-给排水工程」。**本件是发给投标人填报的空白招标工程量清单：综合单价与合价列全部为空，因此不含任何金额**；但**工程量列是真实的**，逐条载明清单项编码、项目名称、项目特征描述、计量单位与工程量。**工程量最大的若干清单项（原文）**：高层施工增加（清单编码 031302007019）1.00 项；脚手架搭拆费（清单编码 031301017019）1.00 项。这些工程量本身即材料强度数据，可与同项目建筑面积配合，推出每平米的混凝土方量、砌体方量、钢结构吨位等物耗指标（M10）。归属项目：2022.1中国移动粤港澳（广州）通信机楼二期工程。口径提醒：**招标阶段文件，非中标价与结算价；工程量为招标人给定的暂定量，结算按实际计量调整**。同项目控制价侧文件含相同工程量且附带金额，引用金额一律以控制价侧为准（见 batch_28/29）。,2026-08-16
docs/library/04_市场与研究/中文行业报告集/202L 数据中心新/2022.1中国移动粤港澳（广州）通信机楼二期工程/造价类资料（全程免费，得来不易需要完成一些小任务）2/工程量清单/工程量清单/中国移动粤港澳（广州）通信机楼二期工程施工总承包项目/B2通信机楼土建工程/B2通信机楼-外墙工程/3A_2022_粤港澳通信机楼二期造价B2通信机楼外墙工程_中国移动广东公司.xlsx,B2通信机楼-外墙工程.xlsx,3,A,2022,中国移动广东公司,M10/M14,【敏感待判·业主商业信息】**粤港澳通信机楼二期**项目造价文件（工程量清单侧），工程名称「B2通信机楼-外墙工程」。**本件是发给投标人填报的空白招标工程量清单：综合单价与合价列全部为空，因此不含任何金额**；但**工程量列是真实的**，逐条载明清单项编码、项目名称、项目特征描述、计量单位与工程量。本件未解析出分部分项清单条目（可能为封面、说明、汇总或非清单类文件），不含可落库的工程量。归属项目：2022.1中国移动粤港澳（广州）通信机楼二期工程。口径提醒：**招标阶段文件，非中标价与结算价；工程量为招标人给定的暂定量，结算按实际计量调整**。同项目控制价侧文件含相同工程量且附带金额，引用金额一律以控制价侧为准（见 batch_28/29）。,2026-08-16
docs/library/04_市场与研究/中文行业报告集/202L 数据中心新/2022.1中国移动粤港澳（广州）通信机楼二期工程/造价类资料（全程免费，得来不易需要完成一些小任务）2/工程量清单/工程量清单/中国移动粤港澳（广州）通信机楼二期工程施工总承包项目/B2通信机楼土建工程/B2通信机楼-基坑支护及土方开挖工程/3A_2022_粤港澳通信机楼二期造价B2通信机楼基坑支护及土方开_中国移动广东公司.xlsx,B2通信机楼-基坑支护及土方开挖工程.xlsx,3,A,2022,中国移动广东公司,M10/M14,【敏感待判·业主商业信息】**粤港澳通信机楼二期**项目造价文件（工程量清单侧），工程名称「B2通信机楼-基坑支护及土方开挖工程」。**本件是发给投标人填报的空白招标工程量清单：综合单价与合价列全部为空，因此不含任何金额**；但**工程量列是真实的**，逐条载明清单项编码、项目名称、项目特征描述、计量单位与工程量。本件未解析出分部分项清单条目（可能为封面、说明、汇总或非清单类文件），不含可落库的工程量。归属项目：2022.1中国移动粤港澳（广州）通信机楼二期工程。口径提醒：**招标阶段文件，非中标价与结算价；工程量为招标人给定的暂定量，结算按实际计量调整**。同项目控制价侧文件含相同工程量且附带金额，引用金额一律以控制价侧为准（见 batch_28/29）。,2026-08-16
docs/library/04_市场与研究/中文行业报告集/202L 数据中心新/2022.1中国移动粤港澳（广州）通信机楼二期工程/造价类资料（全程免费，得来不易需要完成一些小任务）2/工程量清单/工程量清单/中国移动粤港澳（广州）通信机楼二期工程施工总承包项目/B2通信机楼土建工程/B2通信机楼-桩基础工程/3A_2022_粤港澳通信机楼二期造价B2通信机楼桩基础工程_中国移动广东公司.xlsx,B2通信机楼-桩基础工程.xlsx,3,A,2022,中国移动广东公司,M10/M14,【敏感待判·业主商业信息】**粤港澳通信机楼二期**项目造价文件（工程量清单侧），工程名称「B2通信机楼-桩基础工程」。**本件是发给投标人填报的空白招标工程量清单：综合单价与合价列全部为空，因此不含任何金额**；但**工程量列是真实的**，逐条载明清单项编码、项目名称、项目特征描述、计量单位与工程量。本件未解析出分部分项清单条目（可能为封面、说明、汇总或非清单类文件），不含可落库的工程量。归属项目：2022.1中国移动粤港澳（广州）通信机楼二期工程。口径提醒：**招标阶段文件，非中标价与结算价；工程量为招标人给定的暂定量，结算按实际计量调整**。同项目控制价侧文件含相同工程量且附带金额，引用金额一律以控制价侧为准（见 batch_28/29）。,2026-08-16
docs/library/04_市场与研究/中文行业报告集/202L 数据中心新/2022.1中国移动粤港澳（广州）通信机楼二期工程/造价类资料（全程免费，得来不易需要完成一些小任务）2/工程量清单/工程量清单/中国移动粤港澳（广州）通信机楼二期工程施工总承包项目/B2通信机楼土建工程/B2通信机楼-±0.00以下土建工程/3A_2022_粤港澳通信机楼二期造价B2通信机楼000以下土建工_中国移动广东公司.xlsx,B2通信机楼-±0.00以下土建工程.xlsx,3,A,2022,中国移动广东公司,M10/M14,【敏感待判·业主商业信息】**粤港澳通信机楼二期**项目造价文件（工程量清单侧），工程名称「B2通信机楼-±0.00以下土建工程」。**本件是发给投标人填报的空白招标工程量清单：综合单价与合价列全部为空，因此不含任何金额**；但**工程量列是真实的**，逐条载明清单项编码、项目名称、项目特征描述、计量单位与工程量。本件未解析出分部分项清单条目（可能为封面、说明、汇总或非清单类文件），不含可落库的工程量。归属项目：2022.1中国移动粤港澳（广州）通信机楼二期工程。口径提醒：**招标阶段文件，非中标价与结算价；工程量为招标人给定的暂定量，结算按实际计量调整**。同项目控制价侧文件含相同工程量且附带金额，引用金额一律以控制价侧为准（见 batch_28/29）。,2026-08-16
docs/library/04_市场与研究/中文行业报告集/202L 数据中心新/2022.1中国移动粤港澳（广州）通信机楼二期工程/造价类资料（全程免费，得来不易需要完成一些小任务）2/工程量清单/工程量清单/中国移动粤港澳（广州）通信机楼二期工程施工总承包项目/B2通信机楼土建工程/B2通信机楼-±0.00以上土建工程/4A_2022_粤港澳通信机楼二期造价B2通信机楼000以上土建工_中国移动广东公司.xlsx,B2通信机楼-±0.00以上土建工程.xlsx,4,A,2022,中国移动广东公司,M10/M14,"【敏感待判·业主商业信息】**粤港澳通信机楼二期**项目造价文件（工程量清单侧），工程名称「B2通信机楼-±0.00以上土建工程」。**本件是发给投标人填报的空白招标工程量清单：综合单价与合价列全部为空，因此不含任何金额**；但**工程量列是真实的**，逐条载明清单项编码、项目名称、项目特征描述、计量单位与工程量。**工程量最大的若干清单项（原文）**：垂直运输（清单编码 011703001004）25,885.00 m2；有梁板（清单编码 011702014007）16,881.28 m2；矩形梁（清单编码 011702006012）13,418.84 m2；矩形梁（清单编码 011702006015）7,889.13 m2；矩形柱（清单编码 011702002013）4,329.42 m2；直形墙（清单编码 011702011008）3,785.18 m2。这些工程量本身即材料强度数据，可与同项目建筑面积配合，推出每平米的混凝土方量、砌体方量、钢结构吨位等物耗指标（M10）。归属项目：2022.1中国移动粤港澳（广州）通信机楼二期工程。口径提醒：**招标阶段文件，非中标价与结算价；工程量为招标人给定的暂定量，结算按实际计量调整**。同项目控制价侧文件含相同工程量且附带金额，引用金额一律以控制价侧为准（见 batch_28/29）。",2026-08-16
docs/library/04_市场与研究/中文行业报告集/202L 数据中心新/2022.1中国移动粤港澳（广州）通信机楼二期工程/造价类资料（全程免费，得来不易需要完成一些小任务）2/工程量清单/工程量清单/中国移动粤港澳（广州）通信机楼二期工程施工总承包项目/B2通信机楼安装工程/B2通信机楼-电气工程/4A_2022_粤港澳通信机楼二期造价B2通信机楼电气工程_中国移动广东公司.xlsx,B2通信机楼-电气工程.xlsx,4,A,2022,中国移动广东公司,M10/M14,【敏感待判·业主商业信息】**粤港澳通信机楼二期**项目造价文件（工程量清单侧），工程名称「B2通信机楼-电气工程」。**本件是发给投标人填报的空白招标工程量清单：综合单价与合价列全部为空，因此不含任何金额**；但**工程量列是真实的**，逐条载明清单项编码、项目名称、项目特征描述、计量单位与工程量。**工程量最大的若干清单项（原文）**：高层施工增加（清单编码 031302007012）1.00 项；脚手架搭拆费（清单编码 031301017012）1.00 项。这些工程量本身即材料强度数据，可与同项目建筑面积配合，推出每平米的混凝土方量、砌体方量、钢结构吨位等物耗指标（M10）。归属项目：2022.1中国移动粤港澳（广州）通信机楼二期工程。口径提醒：**招标阶段文件，非中标价与结算价；工程量为招标人给定的暂定量，结算按实际计量调整**。同项目控制价侧文件含相同工程量且附带金额，引用金额一律以控制价侧为准（见 batch_28/29）。,2026-08-16
docs/library/04_市场与研究/中文行业报告集/202L 数据中心新/2022.1中国移动粤港澳（广州）通信机楼二期工程/造价类资料（全程免费，得来不易需要完成一些小任务）2/工程量清单/工程量清单/中国移动粤港澳（广州）通信机楼二期工程施工总承包项目/B2通信机楼安装工程/B2通信机楼-智能化工程/4A_2022_粤港澳通信机楼二期造价B2通信机楼智能化工程_中国移动广东公司.xlsx,B2通信机楼-智能化工程.xlsx,4,A,2022,中国移动广东公司,M10/M14,【敏感待判·业主商业信息】**粤港澳通信机楼二期**项目造价文件（工程量清单侧），工程名称「B2通信机楼-智能化工程」。**本件是发给投标人填报的空白招标工程量清单：综合单价与合价列全部为空，因此不含任何金额**；但**工程量列是真实的**，逐条载明清单项编码、项目名称、项目特征描述、计量单位与工程量。**工程量最大的若干清单项（原文）**：高层施工增加（清单编码 031302007015）1.00 项；脚手架搭拆费（清单编码 031301017015）1.00 项。这些工程量本身即材料强度数据，可与同项目建筑面积配合，推出每平米的混凝土方量、砌体方量、钢结构吨位等物耗指标（M10）。归属项目：2022.1中国移动粤港澳（广州）通信机楼二期工程。口径提醒：**招标阶段文件，非中标价与结算价；工程量为招标人给定的暂定量，结算按实际计量调整**。同项目控制价侧文件含相同工程量且附带金额，引用金额一律以控制价侧为准（见 batch_28/29）。,2026-08-16
docs/library/04_市场与研究/中文行业报告集/202L 数据中心新/2022.1中国移动粤港澳（广州）通信机楼二期工程/造价类资料（全程免费，得来不易需要完成一些小任务）2/工程量清单/工程量清单/中国移动粤港澳（广州）通信机楼二期工程施工总承包项目/B2通信机楼安装工程/B2通信机楼-消防报警工程/4A_2022_粤港澳通信机楼二期造价B2通信机楼消防报警工程_中国移动广东公司.xlsx,B2通信机楼-消防报警工程.xlsx,4,A,2022,中国移动广东公司,M10/M14,【敏感待判·业主商业信息】**粤港澳通信机楼二期**项目造价文件（工程量清单侧），工程名称「B2通信机楼-消防报警工程」。**本件是发给投标人填报的空白招标工程量清单：综合单价与合价列全部为空，因此不含任何金额**；但**工程量列是真实的**，逐条载明清单项编码、项目名称、项目特征描述、计量单位与工程量。**工程量最大的若干清单项（原文）**：防火门监控装置调试（清单编码 030905003003）63.00 个；高层施工增加（清单编码 031302007014）1.00 项；脚手架搭拆费（清单编码 031301017014）1.00 项。这些工程量本身即材料强度数据，可与同项目建筑面积配合，推出每平米的混凝土方量、砌体方量、钢结构吨位等物耗指标（M10）。归属项目：2022.1中国移动粤港澳（广州）通信机楼二期工程。口径提醒：**招标阶段文件，非中标价与结算价；工程量为招标人给定的暂定量，结算按实际计量调整**。同项目控制价侧文件含相同工程量且附带金额，引用金额一律以控制价侧为准（见 batch_28/29）。,2026-08-16
docs/library/04_市场与研究/中文行业报告集/202L 数据中心新/2022.1中国移动粤港澳（广州）通信机楼二期工程/造价类资料（全程免费，得来不易需要完成一些小任务）2/工程量清单/工程量清单/中国移动粤港澳（广州）通信机楼二期工程施工总承包项目/B2通信机楼安装工程/B2通信机楼-电梯工程/4A_2022_粤港澳通信机楼二期造价B2通信机楼电梯工程_中国移动广东公司.xlsx,B2通信机楼-电梯工程.xlsx,4,A,2022,中国移动广东公司,M10/M14,【敏感待判·业主商业信息】**粤港澳通信机楼二期**项目造价文件（工程量清单侧），工程名称「B2通信机楼-电梯工程」。**本件是发给投标人填报的空白招标工程量清单：综合单价与合价列全部为空，因此不含任何金额**；但**工程量列是真实的**，逐条载明清单项编码、项目名称、项目特征描述、计量单位与工程量。**工程量最大的若干清单项（原文）**：高层施工增加（清单编码 031302007016）1.00 项；脚手架搭拆费（清单编码 031301017016）1.00 项。这些工程量本身即材料强度数据，可与同项目建筑面积配合，推出每平米的混凝土方量、砌体方量、钢结构吨位等物耗指标（M10）。归属项目：2022.1中国移动粤港澳（广州）通信机楼二期工程。口径提醒：**招标阶段文件，非中标价与结算价；工程量为招标人给定的暂定量，结算按实际计量调整**。同项目控制价侧文件含相同工程量且附带金额，引用金额一律以控制价侧为准（见 batch_28/29）。,2026-08-16
docs/library/04_市场与研究/中文行业报告集/202L 数据中心新/2022.1中国移动粤港澳（广州）通信机楼二期工程/造价类资料（全程免费，得来不易需要完成一些小任务）2/工程量清单/工程量清单/中国移动粤港澳（广州）通信机楼二期工程施工总承包项目/B2通信机楼安装工程/B2通信机楼-通风和防排烟工程/4A_2022_粤港澳通信机楼二期造价B2通信机楼通风和防排烟工程_中国移动广东公司.xlsx,B2通信机楼-通风和防排烟工程.xlsx,4,A,2022,中国移动广东公司,M10/M14,【敏感待判·业主商业信息】**粤港澳通信机楼二期**项目造价文件（工程量清单侧），工程名称「B2通信机楼-通风和防排烟工程」。**本件是发给投标人填报的空白招标工程量清单：综合单价与合价列全部为空，因此不含任何金额**；但**工程量列是真实的**，逐条载明清单项编码、项目名称、项目特征描述、计量单位与工程量。**工程量最大的若干清单项（原文）**：高层施工增加（清单编码 031302007011）1.00 项；脚手架搭拆费（清单编码 031301017011）1.00 项。这些工程量本身即材料强度数据，可与同项目建筑面积配合，推出每平米的混凝土方量、砌体方量、钢结构吨位等物耗指标（M10）。归属项目：2022.1中国移动粤港澳（广州）通信机楼二期工程。口径提醒：**招标阶段文件，非中标价与结算价；工程量为招标人给定的暂定量，结算按实际计量调整**。同项目控制价侧文件含相同工程量且附带金额，引用金额一律以控制价侧为准（见 batch_28/29）。,2026-08-16
docs/library/04_市场与研究/中文行业报告集/202L 数据中心新/2022.1中国移动粤港澳（广州）通信机楼二期工程/造价类资料（全程免费，得来不易需要完成一些小任务）2/工程量清单/工程量清单/中国移动粤港澳（广州）通信机楼二期工程施工总承包项目/B2通信机楼安装工程/B2通信机楼-给排水工程/4A_2022_粤港澳通信机楼二期造价B2通信机楼给排水工程_中国移动广东公司.xlsx,B2通信机楼-给排水工程.xlsx,4,A,2022,中国移动广东公司,M10/M14,【敏感待判·业主商业信息】**粤港澳通信机楼二期**项目造价文件（工程量清单侧），工程名称「B2通信机楼-给排水工程」。**本件是发给投标人填报的空白招标工程量清单：综合单价与合价列全部为空，因此不含任何金额**；但**工程量列是真实的**，逐条载明清单项编码、项目名称、项目特征描述、计量单位与工程量。**工程量最大的若干清单项（原文）**：高层施工增加（清单编码 031302007010）1.00 项；脚手架搭拆费（清单编码 031301017010）1.00 项。这些工程量本身即材料强度数据，可与同项目建筑面积配合，推出每平米的混凝土方量、砌体方量、钢结构吨位等物耗指标（M10）。归属项目：2022.1中国移动粤港澳（广州）通信机楼二期工程。口径提醒：**招标阶段文件，非中标价与结算价；工程量为招标人给定的暂定量，结算按实际计量调整**。同项目控制价侧文件含相同工程量且附带金额，引用金额一律以控制价侧为准（见 batch_28/29）。,2026-08-16
docs/library/04_市场与研究/中文行业报告集/202L 数据中心新/2022.1中国移动粤港澳（广州）通信机楼二期工程/造价类资料（全程免费，得来不易需要完成一些小任务）2/工程量清单/工程量清单/中国移动粤港澳（广州）通信机楼二期工程施工总承包项目/B2通信机楼安装工程/B2通信机楼-消防管道及设备工程/4A_2022_粤港澳通信机楼二期造价B2通信机楼消防管道及设备工_中国移动广东公司.xlsx,B2通信机楼-消防管道及设备工程.xlsx,4,A,2022,中国移动广东公司,M10/M14,【敏感待判·业主商业信息】**粤港澳通信机楼二期**项目造价文件（工程量清单侧），工程名称「B2通信机楼-消防管道及设备工程」。**本件是发给投标人填报的空白招标工程量清单：综合单价与合价列全部为空，因此不含任何金额**；但**工程量列是真实的**，逐条载明清单项编码、项目名称、项目特征描述、计量单位与工程量。**工程量最大的若干清单项（原文）**：高层施工增加（清单编码 031302007013）1.00 项；脚手架搭拆费（清单编码 031301017013）1.00 项。这些工程量本身即材料强度数据，可与同项目建筑面积配合，推出每平米的混凝土方量、砌体方量、钢结构吨位等物耗指标（M10）。归属项目：2022.1中国移动粤港澳（广州）通信机楼二期工程。口径提醒：**招标阶段文件，非中标价与结算价；工程量为招标人给定的暂定量，结算按实际计量调整**。同项目控制价侧文件含相同工程量且附带金额，引用金额一律以控制价侧为准（见 batch_28/29）。,2026-08-16
docs/library/04_市场与研究/中文行业报告集/202L 数据中心新/2022.1中国移动粤港澳（广州）通信机楼二期工程/造价类资料（全程免费，得来不易需要完成一些小任务）2/工程量清单/工程量清单/中国移动粤港澳（广州）通信机楼二期工程施工总承包项目/B2通信机楼安装工程/B2通信机楼-±0.00以下安装工程/4A_2022_粤港澳通信机楼二期造价B2通信机楼000以下安装工_中国移动广东公司.xlsx,B2通信机楼-±0.00以下安装工程.xlsx,4,A,2022,中国移动广东公司,M10/M14,【敏感待判·业主商业信息】**粤港澳通信机楼二期**项目造价文件（工程量清单侧），工程名称「B2通信机楼-±0.00以下安装工程」。**本件是发给投标人填报的空白招标工程量清单：综合单价与合价列全部为空，因此不含任何金额**；但**工程量列是真实的**，逐条载明清单项编码、项目名称、项目特征描述、计量单位与工程量。**工程量最大的若干清单项（原文）**：防火门监控装置调试（清单编码 030905003004）2.00 个；高层施工增加（清单编码 031302007018）1.00 项；脚手架搭拆费（清单编码 031301017018）1.00 项。这些工程量本身即材料强度数据，可与同项目建筑面积配合，推出每平米的混凝土方量、砌体方量、钢结构吨位等物耗指标（M10）。归属项目：2022.1中国移动粤港澳（广州）通信机楼二期工程。口径提醒：**招标阶段文件，非中标价与结算价；工程量为招标人给定的暂定量，结算按实际计量调整**。同项目控制价侧文件含相同工程量且附带金额，引用金额一律以控制价侧为准（见 batch_28/29）。,2026-08-16
docs/library/04_市场与研究/中文行业报告集/202L 数据中心新/2022.1中国移动粤港澳（广州）通信机楼二期工程/造价类资料（全程免费，得来不易需要完成一些小任务）2/工程量清单/工程量清单/中国移动粤港澳（广州）通信机楼二期工程施工总承包项目/B2通信机楼安装工程/B2通信机楼-抗震支吊架工程/4A_2022_粤港澳通信机楼二期造价B2通信机楼抗震支吊架工程_中国移动广东公司.xlsx,B2通信机楼-抗震支吊架工程.xlsx,4,A,2022,中国移动广东公司,M10/M14,【敏感待判·业主商业信息】**粤港澳通信机楼二期**项目造价文件（工程量清单侧），工程名称「B2通信机楼-抗震支吊架工程」。**本件是发给投标人填报的空白招标工程量清单：综合单价与合价列全部为空，因此不含任何金额**；但**工程量列是真实的**，逐条载明清单项编码、项目名称、项目特征描述、计量单位与工程量。**工程量最大的若干清单项（原文）**：高层施工增加（清单编码 031302007017）1.00 项；脚手架搭拆费（清单编码 031301017017）1.00 项。这些工程量本身即材料强度数据，可与同项目建筑面积配合，推出每平米的混凝土方量、砌体方量、钢结构吨位等物耗指标（M10）。归属项目：2022.1中国移动粤港澳（广州）通信机楼二期工程。口径提醒：**招标阶段文件，非中标价与结算价；工程量为招标人给定的暂定量，结算按实际计量调整**。同项目控制价侧文件含相同工程量且附带金额，引用金额一律以控制价侧为准（见 batch_28/29）。,2026-08-16
docs/library/04_市场与研究/中文行业报告集/202L 数据中心新/2022.1中国移动粤港澳（广州）通信机楼二期工程/造价类资料（全程免费，得来不易需要完成一些小任务）2/工程量清单/工程量清单/中国移动粤港澳（广州）通信机楼二期工程施工总承包项目/B3通信机楼土建工程/B3通信机楼-外墙工程/3A_2022_粤港澳通信机楼二期造价B3通信机楼外墙工程_中国移动广东公司.xlsx,B3通信机楼-外墙工程.xlsx,3,A,2022,中国移动广东公司,M10/M14,【敏感待判·业主商业信息】**粤港澳通信机楼二期**项目造价文件（工程量清单侧），工程名称「B3通信机楼-外墙工程」。**本件是发给投标人填报的空白招标工程量清单：综合单价与合价列全部为空，因此不含任何金额**；但**工程量列是真实的**，逐条载明清单项编码、项目名称、项目特征描述、计量单位与工程量。本件未解析出分部分项清单条目（可能为封面、说明、汇总或非清单类文件），不含可落库的工程量。归属项目：2022.1中国移动粤港澳（广州）通信机楼二期工程。口径提醒：**招标阶段文件，非中标价与结算价；工程量为招标人给定的暂定量，结算按实际计量调整**。同项目控制价侧文件含相同工程量且附带金额，引用金额一律以控制价侧为准（见 batch_28/29）。,2026-08-16
docs/library/04_市场与研究/中文行业报告集/202L 数据中心新/2022.1中国移动粤港澳（广州）通信机楼二期工程/造价类资料（全程免费，得来不易需要完成一些小任务）2/工程量清单/工程量清单/中国移动粤港澳（广州）通信机楼二期工程施工总承包项目/B3通信机楼土建工程/B3通信机楼-±0.00以下土建工程/3A_2022_粤港澳通信机楼二期造价B3通信机楼000以下土建工_中国移动广东公司.xlsx,B3通信机楼-±0.00以下土建工程.xlsx,3,A,2022,中国移动广东公司,M10/M14,【敏感待判·业主商业信息】**粤港澳通信机楼二期**项目造价文件（工程量清单侧），工程名称「B3通信机楼-±0.00以下土建工程」。**本件是发给投标人填报的空白招标工程量清单：综合单价与合价列全部为空，因此不含任何金额**；但**工程量列是真实的**，逐条载明清单项编码、项目名称、项目特征描述、计量单位与工程量。本件未解析出分部分项清单条目（可能为封面、说明、汇总或非清单类文件），不含可落库的工程量。归属项目：2022.1中国移动粤港澳（广州）通信机楼二期工程。口径提醒：**招标阶段文件，非中标价与结算价；工程量为招标人给定的暂定量，结算按实际计量调整**。同项目控制价侧文件含相同工程量且附带金额，引用金额一律以控制价侧为准（见 batch_28/29）。,2026-08-16
docs/library/04_市场与研究/中文行业报告集/202L 数据中心新/2022.1中国移动粤港澳（广州）通信机楼二期工程/造价类资料（全程免费，得来不易需要完成一些小任务）2/工程量清单/工程量清单/中国移动粤港澳（广州）通信机楼二期工程施工总承包项目/B3通信机楼土建工程/B3通信机楼-±0.00以上土建工程/4A_2022_粤港澳通信机楼二期造价B3通信机楼000以上土建工_中国移动广东公司.xlsx,B3通信机楼-±0.00以上土建工程.xlsx,4,A,2022,中国移动广东公司,M10/M14,【敏感待判·业主商业信息】**粤港澳通信机楼二期**项目造价文件（工程量清单侧），工程名称「B3通信机楼-±0.00以上土建工程」。**本件是发给投标人填报的空白招标工程量清单：综合单价与合价列全部为空，因此不含任何金额**；但**工程量列是真实的**，逐条载明清单项编码、项目名称、项目特征描述、计量单位与工程量。**工程量最大的若干清单项（原文）**：反坎（清单编码 011702005003）68.02 m2。这些工程量本身即材料强度数据，可与同项目建筑面积配合，推出每平米的混凝土方量、砌体方量、钢结构吨位等物耗指标（M10）。归属项目：2022.1中国移动粤港澳（广州）通信机楼二期工程。口径提醒：**招标阶段文件，非中标价与结算价；工程量为招标人给定的暂定量，结算按实际计量调整**。同项目控制价侧文件含相同工程量且附带金额，引用金额一律以控制价侧为准（见 batch_28/29）。,2026-08-16
docs/library/04_市场与研究/中文行业报告集/202L 数据中心新/2022.1中国移动粤港澳（广州）通信机楼二期工程/造价类资料（全程免费，得来不易需要完成一些小任务）2/工程量清单/工程量清单/中国移动粤港澳（广州）通信机楼二期工程施工总承包项目/B3通信机楼土建工程/B3通信机楼-基坑支护及土方开挖工程/3A_2022_粤港澳通信机楼二期造价B3通信机楼基坑支护及土方开_中国移动广东公司.xlsx,B3通信机楼-基坑支护及土方开挖工程.xlsx,3,A,2022,中国移动广东公司,M10/M14,【敏感待判·业主商业信息】**粤港澳通信机楼二期**项目造价文件（工程量清单侧），工程名称「B3通信机楼-基坑支护及土方开挖工程」。**本件是发给投标人填报的空白招标工程量清单：综合单价与合价列全部为空，因此不含任何金额**；但**工程量列是真实的**，逐条载明清单项编码、项目名称、项目特征描述、计量单位与工程量。本件未解析出分部分项清单条目（可能为封面、说明、汇总或非清单类文件），不含可落库的工程量。归属项目：2022.1中国移动粤港澳（广州）通信机楼二期工程。口径提醒：**招标阶段文件，非中标价与结算价；工程量为招标人给定的暂定量，结算按实际计量调整**。同项目控制价侧文件含相同工程量且附带金额，引用金额一律以控制价侧为准（见 batch_28/29）。,2026-08-16
docs/library/04_市场与研究/中文行业报告集/202L 数据中心新/2022.1中国移动粤港澳（广州）通信机楼二期工程/造价类资料（全程免费，得来不易需要完成一些小任务）2/工程量清单/工程量清单/中国移动粤港澳（广州）通信机楼二期工程施工总承包项目/B3通信机楼土建工程/B3通信机楼-桩基础工程/3A_2022_粤港澳通信机楼二期造价B3通信机楼桩基础工程_中国移动广东公司.xlsx,B3通信机楼-桩基础工程.xlsx,3,A,2022,中国移动广东公司,M10/M14,【敏感待判·业主商业信息】**粤港澳通信机楼二期**项目造价文件（工程量清单侧），工程名称「B3通信机楼-桩基础工程」。**本件是发给投标人填报的空白招标工程量清单：综合单价与合价列全部为空，因此不含任何金额**；但**工程量列是真实的**，逐条载明清单项编码、项目名称、项目特征描述、计量单位与工程量。本件未解析出分部分项清单条目（可能为封面、说明、汇总或非清单类文件），不含可落库的工程量。归属项目：2022.1中国移动粤港澳（广州）通信机楼二期工程。口径提醒：**招标阶段文件，非中标价与结算价；工程量为招标人给定的暂定量，结算按实际计量调整**。同项目控制价侧文件含相同工程量且附带金额，引用金额一律以控制价侧为准（见 batch_28/29）。,2026-08-16
docs/library/04_市场与研究/中文行业报告集/202L 数据中心新/2022.1中国移动粤港澳（广州）通信机楼二期工程/造价类资料（全程免费，得来不易需要完成一些小任务）2/工程量清单/工程量清单/中国移动粤港澳（广州）通信机楼二期工程施工总承包项目/室外工程/室外道路工程/3A_2022_粤港澳通信机楼二期造价室外道路工程_中国移动广东公司.xlsx,室外道路工程.xlsx,3,A,2022,中国移动广东公司,M10/M14,【敏感待判·业主商业信息】**粤港澳通信机楼二期**项目造价文件（工程量清单侧），工程名称「室外道路工程」。**本件是发给投标人填报的空白招标工程量清单：综合单价与合价列全部为空，因此不含任何金额**；但**工程量列是真实的**，逐条载明清单项编码、项目名称、项目特征描述、计量单位与工程量。本件未解析出分部分项清单条目（可能为封面、说明、汇总或非清单类文件），不含可落库的工程量。归属项目：2022.1中国移动粤港澳（广州）通信机楼二期工程。口径提醒：**招标阶段文件，非中标价与结算价；工程量为招标人给定的暂定量，结算按实际计量调整**。同项目控制价侧文件含相同工程量且附带金额，引用金额一律以控制价侧为准（见 batch_28/29）。,2026-08-16
docs/library/04_市场与研究/中文行业报告集/202L 数据中心新/2022.1中国移动粤港澳（广州）通信机楼二期工程/造价类资料（全程免费，得来不易需要完成一些小任务）2/工程量清单/工程量清单/中国移动粤港澳（广州）通信机楼二期工程施工总承包项目/室外工程/室外管线支架工程/3A_2022_粤港澳通信机楼二期造价室外管线支架工程_中国移动广东公司.xlsx,室外管线支架工程.xlsx,3,A,2022,中国移动广东公司,M10/M14,【敏感待判·业主商业信息】**粤港澳通信机楼二期**项目造价文件（工程量清单侧），工程名称「室外管线支架工程」。**本件是发给投标人填报的空白招标工程量清单：综合单价与合价列全部为空，因此不含任何金额**；但**工程量列是真实的**，逐条载明清单项编码、项目名称、项目特征描述、计量单位与工程量。本件未解析出分部分项清单条目（可能为封面、说明、汇总或非清单类文件），不含可落库的工程量。归属项目：2022.1中国移动粤港澳（广州）通信机楼二期工程。口径提醒：**招标阶段文件，非中标价与结算价；工程量为招标人给定的暂定量，结算按实际计量调整**。同项目控制价侧文件含相同工程量且附带金额，引用金额一律以控制价侧为准（见 batch_28/29）。,2026-08-16
docs/library/04_市场与研究/中文行业报告集/202L 数据中心新/2022.1中国移动粤港澳（广州）通信机楼二期工程/造价类资料（全程免费，得来不易需要完成一些小任务）2/工程量清单/工程量清单/中国移动粤港澳（广州）通信机楼二期工程施工总承包项目/室外工程/室外电气工程/4A_2022_粤港澳通信机楼二期造价室外电气工程_中国移动广东公司.xlsx,室外电气工程.xlsx,4,A,2022,中国移动广东公司,M10/M14,【敏感待判·业主商业信息】**粤港澳通信机楼二期**项目造价文件（工程量清单侧），工程名称「室外电气工程」。**本件是发给投标人填报的空白招标工程量清单：综合单价与合价列全部为空，因此不含任何金额**；但**工程量列是真实的**，逐条载明清单项编码、项目名称、项目特征描述、计量单位与工程量。**工程量最大的若干清单项（原文）**：高层施工增加（清单编码 031302007030）1.00 项；脚手架搭拆费（清单编码 031301017030）1.00 项。这些工程量本身即材料强度数据，可与同项目建筑面积配合，推出每平米的混凝土方量、砌体方量、钢结构吨位等物耗指标（M10）。归属项目：2022.1中国移动粤港澳（广州）通信机楼二期工程。口径提醒：**招标阶段文件，非中标价与结算价；工程量为招标人给定的暂定量，结算按实际计量调整**。同项目控制价侧文件含相同工程量且附带金额，引用金额一律以控制价侧为准（见 batch_28/29）。,2026-08-16
docs/library/04_市场与研究/中文行业报告集/202L 数据中心新/2022.1中国移动粤港澳（广州）通信机楼二期工程/造价类资料（全程免费，得来不易需要完成一些小任务）2/工程量清单/工程量清单/中国移动粤港澳（广州）通信机楼二期工程施工总承包项目/室外工程/门卫室土建工程/4A_2022_粤港澳通信机楼二期造价门卫室土建工程_中国移动广东公司.xlsx,门卫室土建工程.xlsx,4,A,2022,中国移动广东公司,M10/M14,【敏感待判·业主商业信息】**粤港澳通信机楼二期**项目造价文件（工程量清单侧），工程名称「门卫室土建工程」。**本件是发给投标人填报的空白招标工程量清单：综合单价与合价列全部为空，因此不含任何金额**；但**工程量列是真实的**，逐条载明清单项编码、项目名称、项目特征描述、计量单位与工程量。**工程量最大的若干清单项（原文）**：矩形柱（清单编码 011702002026）22.97 m2。这些工程量本身即材料强度数据，可与同项目建筑面积配合，推出每平米的混凝土方量、砌体方量、钢结构吨位等物耗指标（M10）。归属项目：2022.1中国移动粤港澳（广州）通信机楼二期工程。口径提醒：**招标阶段文件，非中标价与结算价；工程量为招标人给定的暂定量，结算按实际计量调整**。同项目控制价侧文件含相同工程量且附带金额，引用金额一律以控制价侧为准（见 batch_28/29）。,2026-08-16
docs/library/04_市场与研究/中文行业报告集/202L 数据中心新/2022.1中国移动粤港澳（广州）通信机楼二期工程/造价类资料（全程免费，得来不易需要完成一些小任务）2/工程量清单/工程量清单/中国移动粤港澳（广州）通信机楼二期工程施工总承包项目/室外工程/门卫室安装工程/4A_2022_粤港澳通信机楼二期造价门卫室安装工程_中国移动广东公司.xlsx,门卫室安装工程.xlsx,4,A,2022,中国移动广东公司,M10/M14,【敏感待判·业主商业信息】**粤港澳通信机楼二期**项目造价文件（工程量清单侧），工程名称「门卫室安装工程」。**本件是发给投标人填报的空白招标工程量清单：综合单价与合价列全部为空，因此不含任何金额**；但**工程量列是真实的**，逐条载明清单项编码、项目名称、项目特征描述、计量单位与工程量。**工程量最大的若干清单项（原文）**：高层施工增加（清单编码 031302007029）1.00 项；脚手架搭拆费（清单编码 031301017029）1.00 项；停车场管理设备（清单编码 030507016015）1.00 台。这些工程量本身即材料强度数据，可与同项目建筑面积配合，推出每平米的混凝土方量、砌体方量、钢结构吨位等物耗指标（M10）。归属项目：2022.1中国移动粤港澳（广州）通信机楼二期工程。口径提醒：**招标阶段文件，非中标价与结算价；工程量为招标人给定的暂定量，结算按实际计量调整**。同项目控制价侧文件含相同工程量且附带金额，引用金额一律以控制价侧为准（见 batch_28/29）。,2026-08-16
docs/library/04_市场与研究/中文行业报告集/202L 数据中心新/2022.1中国移动粤港澳（广州）通信机楼二期工程/造价类资料（全程免费，得来不易需要完成一些小任务）2/工程量清单/工程量清单/中国移动粤港澳（广州）通信机楼二期工程施工总承包项目/室外工程/室外围墙工程/3A_2022_粤港澳通信机楼二期造价室外围墙工程_中国移动广东公司.xlsx,室外围墙工程.xlsx,3,A,2022,中国移动广东公司,M10/M14,【敏感待判·业主商业信息】**粤港澳通信机楼二期**项目造价文件（工程量清单侧），工程名称「室外围墙工程」。**本件是发给投标人填报的空白招标工程量清单：综合单价与合价列全部为空，因此不含任何金额**；但**工程量列是真实的**，逐条载明清单项编码、项目名称、项目特征描述、计量单位与工程量。本件未解析出分部分项清单条目（可能为封面、说明、汇总或非清单类文件），不含可落库的工程量。归属项目：2022.1中国移动粤港澳（广州）通信机楼二期工程。口径提醒：**招标阶段文件，非中标价与结算价；工程量为招标人给定的暂定量，结算按实际计量调整**。同项目控制价侧文件含相同工程量且附带金额，引用金额一律以控制价侧为准（见 batch_28/29）。,2026-08-16
docs/library/04_市场与研究/中文行业报告集/202L 数据中心新/2022.1中国移动粤港澳（广州）通信机楼二期工程/造价类资料（全程免费，得来不易需要完成一些小任务）2/工程量清单/工程量清单/中国移动粤港澳（广州）通信机楼二期工程施工总承包项目/室外工程/室外围墙工程/3A_2022_粤港澳通信机楼二期造价室外围墙工程_中国移动广东公司_02.xlsx,室外围墙工程(1).xlsx,3,A,2022,中国移动广东公司,M10/M14,【敏感待判·业主商业信息】**粤港澳通信机楼二期**项目造价文件（工程量清单侧），工程名称「室外围墙工程」。**本件是发给投标人填报的空白招标工程量清单：综合单价与合价列全部为空，因此不含任何金额**；但**工程量列是真实的**，逐条载明清单项编码、项目名称、项目特征描述、计量单位与工程量。本件未解析出分部分项清单条目（可能为封面、说明、汇总或非清单类文件），不含可落库的工程量。归属项目：2022.1中国移动粤港澳（广州）通信机楼二期工程。同目录内存在多份同主题文件（原文件名不同、内容各自独立），重命名时按序号区分，序号无含义。口径提醒：**招标阶段文件，非中标价与结算价；工程量为招标人给定的暂定量，结算按实际计量调整**。同项目控制价侧文件含相同工程量且附带金额，引用金额一律以控制价侧为准（见 batch_28/29）。,2026-08-16
docs/library/04_市场与研究/中文行业报告集/202L 数据中心新/2022.1中国移动粤港澳（广州）通信机楼二期工程/造价类资料（全程免费，得来不易需要完成一些小任务）2/工程量清单/工程量清单/中国移动粤港澳（广州）通信机楼二期工程施工总承包项目/室外工程/室外挡土墙工程/3A_2022_粤港澳通信机楼二期造价室外挡土墙工程_中国移动广东公司.xlsx,室外挡土墙工程.xlsx,3,A,2022,中国移动广东公司,M10/M14,【敏感待判·业主商业信息】**粤港澳通信机楼二期**项目造价文件（工程量清单侧），工程名称「室外挡土墙工程」。**本件是发给投标人填报的空白招标工程量清单：综合单价与合价列全部为空，因此不含任何金额**；但**工程量列是真实的**，逐条载明清单项编码、项目名称、项目特征描述、计量单位与工程量。本件未解析出分部分项清单条目（可能为封面、说明、汇总或非清单类文件），不含可落库的工程量。归属项目：2022.1中国移动粤港澳（广州）通信机楼二期工程。口径提醒：**招标阶段文件，非中标价与结算价；工程量为招标人给定的暂定量，结算按实际计量调整**。同项目控制价侧文件含相同工程量且附带金额，引用金额一律以控制价侧为准（见 batch_28/29）。,2026-08-16
docs/library/04_市场与研究/中文行业报告集/202L 数据中心新/2022.1中国移动粤港澳（广州）通信机楼二期工程/造价类资料（全程免费，得来不易需要完成一些小任务）2/工程量清单/工程量清单/中国移动粤港澳（广州）通信机楼二期工程施工总承包项目/室外工程/室外油罐安装工程/4A_2022_粤港澳通信机楼二期造价室外油罐安装工程_中国移动广东公司.xlsx,室外油罐安装工程.xlsx,4,A,2022,中国移动广东公司,M10/M14,【敏感待判·业主商业信息】**粤港澳通信机楼二期**项目造价文件（工程量清单侧），工程名称「室外油罐安装工程」。**本件是发给投标人填报的空白招标工程量清单：综合单价与合价列全部为空，因此不含任何金额**；但**工程量列是真实的**，逐条载明清单项编码、项目名称、项目特征描述、计量单位与工程量。**工程量最大的若干清单项（原文）**：高层施工增加（清单编码 031302007028）1.00 项；脚手架搭拆费（清单编码 031301017028）1.00 项。这些工程量本身即材料强度数据，可与同项目建筑面积配合，推出每平米的混凝土方量、砌体方量、钢结构吨位等物耗指标（M10）。归属项目：2022.1中国移动粤港澳（广州）通信机楼二期工程。口径提醒：**招标阶段文件，非中标价与结算价；工程量为招标人给定的暂定量，结算按实际计量调整**。同项目控制价侧文件含相同工程量且附带金额，引用金额一律以控制价侧为准（见 batch_28/29）。,2026-08-16
docs/library/04_市场与研究/中文行业报告集/202L 数据中心新/2022.1中国移动粤港澳（广州）通信机楼二期工程/造价类资料（全程免费，得来不易需要完成一些小任务）2/工程量清单/工程量清单/中国移动粤港澳（广州）通信机楼二期工程施工总承包项目/室外工程/室外油罐安装工程/4A_2022_粤港澳通信机楼二期造价室外油罐安装工程_中国移动广东公司_02.xlsx,室外油罐安装工程(1).xlsx,4,A,2022,中国移动广东公司,M10/M14,【敏感待判·业主商业信息】**粤港澳通信机楼二期**项目造价文件（工程量清单侧），工程名称「室外油罐安装工程」。**本件是发给投标人填报的空白招标工程量清单：综合单价与合价列全部为空，因此不含任何金额**；但**工程量列是真实的**，逐条载明清单项编码、项目名称、项目特征描述、计量单位与工程量。**工程量最大的若干清单项（原文）**：高层施工增加（清单编码 031302007028）1.00 项；脚手架搭拆费（清单编码 031301017028）1.00 项。这些工程量本身即材料强度数据，可与同项目建筑面积配合，推出每平米的混凝土方量、砌体方量、钢结构吨位等物耗指标（M10）。归属项目：2022.1中国移动粤港澳（广州）通信机楼二期工程。同目录内存在多份同主题文件（原文件名不同、内容各自独立），重命名时按序号区分，序号无含义。口径提醒：**招标阶段文件，非中标价与结算价；工程量为招标人给定的暂定量，结算按实际计量调整**。同项目控制价侧文件含相同工程量且附带金额，引用金额一律以控制价侧为准（见 batch_28/29）。,2026-08-16
docs/library/04_市场与研究/中文行业报告集/202L 数据中心新/2022.1中国移动粤港澳（广州）通信机楼二期工程/造价类资料（全程免费，得来不易需要完成一些小任务）2/工程量清单/工程量清单/中国移动粤港澳（广州）通信机楼二期工程施工总承包项目/室外工程/室外油罐土建工程/3A_2022_粤港澳通信机楼二期造价室外油罐土建工程_中国移动广东公司.xlsx,室外油罐土建工程.xlsx,3,A,2022,中国移动广东公司,M10/M14,【敏感待判·业主商业信息】**粤港澳通信机楼二期**项目造价文件（工程量清单侧），工程名称「室外油罐土建工程」。**本件是发给投标人填报的空白招标工程量清单：综合单价与合价列全部为空，因此不含任何金额**；但**工程量列是真实的**，逐条载明清单项编码、项目名称、项目特征描述、计量单位与工程量。本件未解析出分部分项清单条目（可能为封面、说明、汇总或非清单类文件），不含可落库的工程量。归属项目：2022.1中国移动粤港澳（广州）通信机楼二期工程。口径提醒：**招标阶段文件，非中标价与结算价；工程量为招标人给定的暂定量，结算按实际计量调整**。同项目控制价侧文件含相同工程量且附带金额，引用金额一律以控制价侧为准（见 batch_28/29）。,2026-08-16
docs/library/04_市场与研究/中文行业报告集/202L 数据中心新/2022.1中国移动粤港澳（广州）通信机楼二期工程/造价类资料（全程免费，得来不易需要完成一些小任务）2/工程量清单/工程量清单/中国移动粤港澳（广州）通信机楼二期工程施工总承包项目/室外工程/室外油罐土建工程/3A_2022_粤港澳通信机楼二期造价室外油罐土建工程_中国移动广东公司_02.xlsx,室外油罐土建工程(1).xlsx,3,A,2022,中国移动广东公司,M10/M14,【敏感待判·业主商业信息】**粤港澳通信机楼二期**项目造价文件（工程量清单侧），工程名称「室外油罐土建工程」。**本件是发给投标人填报的空白招标工程量清单：综合单价与合价列全部为空，因此不含任何金额**；但**工程量列是真实的**，逐条载明清单项编码、项目名称、项目特征描述、计量单位与工程量。本件未解析出分部分项清单条目（可能为封面、说明、汇总或非清单类文件），不含可落库的工程量。归属项目：2022.1中国移动粤港澳（广州）通信机楼二期工程。同目录内存在多份同主题文件（原文件名不同、内容各自独立），重命名时按序号区分，序号无含义。口径提醒：**招标阶段文件，非中标价与结算价；工程量为招标人给定的暂定量，结算按实际计量调整**。同项目控制价侧文件含相同工程量且附带金额，引用金额一律以控制价侧为准（见 batch_28/29）。,2026-08-16
docs/library/04_市场与研究/中文行业报告集/202L 数据中心新/2022.1中国移动粤港澳（广州）通信机楼二期工程/造价类资料（全程免费，得来不易需要完成一些小任务）2/工程量清单/工程量清单/中国移动粤港澳（广州）通信机楼二期工程施工总承包项目/室外工程/室外绿化工程/3A_2022_粤港澳通信机楼二期造价室外绿化工程_中国移动广东公司.xlsx,室外绿化工程.xlsx,3,A,2022,中国移动广东公司,M10/M14,【敏感待判·业主商业信息】**粤港澳通信机楼二期**项目造价文件（工程量清单侧），工程名称「室外绿化工程」。**本件是发给投标人填报的空白招标工程量清单：综合单价与合价列全部为空，因此不含任何金额**；但**工程量列是真实的**，逐条载明清单项编码、项目名称、项目特征描述、计量单位与工程量。本件未解析出分部分项清单条目（可能为封面、说明、汇总或非清单类文件），不含可落库的工程量。归属项目：2022.1中国移动粤港澳（广州）通信机楼二期工程。口径提醒：**招标阶段文件，非中标价与结算价；工程量为招标人给定的暂定量，结算按实际计量调整**。同项目控制价侧文件含相同工程量且附带金额，引用金额一律以控制价侧为准（见 batch_28/29）。,2026-08-16
docs/library/04_市场与研究/中文行业报告集/202L 数据中心新/2022.1中国移动粤港澳（广州）通信机楼二期工程/造价类资料（全程免费，得来不易需要完成一些小任务）2/工程量清单/工程量清单/中国移动粤港澳（广州）通信机楼二期工程施工总承包项目/室外工程/市政给水工程/4A_2022_粤港澳通信机楼二期造价市政给水工程_中国移动广东公司.xlsx,市政给水工程.xlsx,4,A,2022,中国移动广东公司,M10/M14,【敏感待判·业主商业信息】**粤港澳通信机楼二期**项目造价文件（工程量清单侧），工程名称「市政给水工程」。**本件是发给投标人填报的空白招标工程量清单：综合单价与合价列全部为空，因此不含任何金额**；但**工程量列是真实的**，逐条载明清单项编码、项目名称、项目特征描述、计量单位与工程量。**工程量最大的若干清单项（原文）**：高层施工增加（清单编码 031302007031）1.00 项；脚手架搭拆费（清单编码 031301017031）1.00 项。这些工程量本身即材料强度数据，可与同项目建筑面积配合，推出每平米的混凝土方量、砌体方量、钢结构吨位等物耗指标（M10）。归属项目：2022.1中国移动粤港澳（广州）通信机楼二期工程。口径提醒：**招标阶段文件，非中标价与结算价；工程量为招标人给定的暂定量，结算按实际计量调整**。同项目控制价侧文件含相同工程量且附带金额，引用金额一律以控制价侧为准（见 batch_28/29）。,2026-08-16
docs/library/04_市场与研究/中文行业报告集/202L 数据中心新/2022.1中国移动粤港澳（广州）通信机楼二期工程/造价类资料（全程免费，得来不易需要完成一些小任务）2/工程量清单/工程量清单/中国移动粤港澳（广州）通信机楼二期工程施工总承包项目/室外工程/室外油机基础工程/3A_2022_粤港澳通信机楼二期造价室外油机基础工程_中国移动广东公司.xlsx,室外油机基础工程.xlsx,3,A,2022,中国移动广东公司,M10/M14,【敏感待判·业主商业信息】**粤港澳通信机楼二期**项目造价文件（工程量清单侧），工程名称「室外油机基础工程」。**本件是发给投标人填报的空白招标工程量清单：综合单价与合价列全部为空，因此不含任何金额**；但**工程量列是真实的**，逐条载明清单项编码、项目名称、项目特征描述、计量单位与工程量。本件未解析出分部分项清单条目（可能为封面、说明、汇总或非清单类文件），不含可落库的工程量。归属项目：2022.1中国移动粤港澳（广州）通信机楼二期工程。口径提醒：**招标阶段文件，非中标价与结算价；工程量为招标人给定的暂定量，结算按实际计量调整**。同项目控制价侧文件含相同工程量且附带金额，引用金额一律以控制价侧为准（见 batch_28/29）。,2026-08-16
docs/library/04_市场与研究/中文行业报告集/202L 数据中心新/2022.1中国移动粤港澳（广州）通信机楼二期工程/造价类资料（全程免费，得来不易需要完成一些小任务）2/工程量清单/工程量清单/中国移动粤港澳（广州）通信机楼二期工程施工总承包项目/室外工程/室外油机基础工程/3A_2022_粤港澳通信机楼二期造价室外油机基础工程_中国移动广东公司_02.xlsx,室外油机基础工程(1).xlsx,3,A,2022,中国移动广东公司,M10/M14,【敏感待判·业主商业信息】**粤港澳通信机楼二期**项目造价文件（工程量清单侧），工程名称「室外油机基础工程」。**本件是发给投标人填报的空白招标工程量清单：综合单价与合价列全部为空，因此不含任何金额**；但**工程量列是真实的**，逐条载明清单项编码、项目名称、项目特征描述、计量单位与工程量。本件未解析出分部分项清单条目（可能为封面、说明、汇总或非清单类文件），不含可落库的工程量。归属项目：2022.1中国移动粤港澳（广州）通信机楼二期工程。同目录内存在多份同主题文件（原文件名不同、内容各自独立），重命名时按序号区分，序号无含义。口径提醒：**招标阶段文件，非中标价与结算价；工程量为招标人给定的暂定量，结算按实际计量调整**。同项目控制价侧文件含相同工程量且附带金额，引用金额一律以控制价侧为准（见 batch_28/29）。,2026-08-16
docs/library/04_市场与研究/中文行业报告集/202L 数据中心新/2022.1中国移动粤港澳（广州）通信机楼二期工程/造价类资料（全程免费，得来不易需要完成一些小任务）2/工程量清单/工程量清单/中国移动粤港澳（广州）通信机楼二期工程施工总承包项目/室外工程/室外油管沟及散水暗沟工程/3A_2022_粤港澳通信机楼二期造价室外油管沟及散水暗沟工程_中国移动广东公司.xlsx,室外油管沟及散水暗沟工程(1).xlsx,3,A,2022,中国移动广东公司,M10/M14,【敏感待判·业主商业信息】**粤港澳通信机楼二期**项目造价文件（工程量清单侧），工程名称「室外油管沟及散水暗沟工程」。**本件是发给投标人填报的空白招标工程量清单：综合单价与合价列全部为空，因此不含任何金额**；但**工程量列是真实的**，逐条载明清单项编码、项目名称、项目特征描述、计量单位与工程量。本件未解析出分部分项清单条目（可能为封面、说明、汇总或非清单类文件），不含可落库的工程量。归属项目：2022.1中国移动粤港澳（广州）通信机楼二期工程。口径提醒：**招标阶段文件，非中标价与结算价；工程量为招标人给定的暂定量，结算按实际计量调整**。同项目控制价侧文件含相同工程量且附带金额，引用金额一律以控制价侧为准（见 batch_28/29）。,2026-08-16
docs/library/04_市场与研究/中文行业报告集/202L 数据中心新/2022.1中国移动粤港澳（广州）通信机楼二期工程/造价类资料（全程免费，得来不易需要完成一些小任务）2/工程量清单/工程量清单/中国移动粤港澳（广州）通信机楼二期工程施工总承包项目/室外工程/室外油管沟及散水暗沟工程/3A_2022_粤港澳通信机楼二期造价室外油管沟及散水暗沟工程_中国移动广东公司_02.xlsx,室外油管沟及散水暗沟工程.xlsx,3,A,2022,中国移动广东公司,M10/M14,【敏感待判·业主商业信息】**粤港澳通信机楼二期**项目造价文件（工程量清单侧），工程名称「室外油管沟及散水暗沟工程」。**本件是发给投标人填报的空白招标工程量清单：综合单价与合价列全部为空，因此不含任何金额**；但**工程量列是真实的**，逐条载明清单项编码、项目名称、项目特征描述、计量单位与工程量。本件未解析出分部分项清单条目（可能为封面、说明、汇总或非清单类文件），不含可落库的工程量。归属项目：2022.1中国移动粤港澳（广州）通信机楼二期工程。同目录内存在多份同主题文件（原文件名不同、内容各自独立），重命名时按序号区分，序号无含义。口径提醒：**招标阶段文件，非中标价与结算价；工程量为招标人给定的暂定量，结算按实际计量调整**。同项目控制价侧文件含相同工程量且附带金额，引用金额一律以控制价侧为准（见 batch_28/29）。,2026-08-16
docs/library/04_市场与研究/中文行业报告集/202L 数据中心新/2022.1中国移动粤港澳（广州）通信机楼二期工程/造价类资料（全程免费，得来不易需要完成一些小任务）2/工程量清单/工程量清单/中国移动粤港澳（广州）通信机楼二期工程施工总承包项目/室外工程/室外钢平台工程/3A_2022_粤港澳通信机楼二期造价室外钢平台工程_中国移动广东公司.xlsx,室外钢平台工程.xlsx,3,A,2022,中国移动广东公司,M10/M14,【敏感待判·业主商业信息】**粤港澳通信机楼二期**项目造价文件（工程量清单侧），工程名称「室外钢平台工程」。**本件是发给投标人填报的空白招标工程量清单：综合单价与合价列全部为空，因此不含任何金额**；但**工程量列是真实的**，逐条载明清单项编码、项目名称、项目特征描述、计量单位与工程量。本件未解析出分部分项清单条目（可能为封面、说明、汇总或非清单类文件），不含可落库的工程量。归属项目：2022.1中国移动粤港澳（广州）通信机楼二期工程。口径提醒：**招标阶段文件，非中标价与结算价；工程量为招标人给定的暂定量，结算按实际计量调整**。同项目控制价侧文件含相同工程量且附带金额，引用金额一律以控制价侧为准（见 batch_28/29）。,2026-08-16
docs/library/04_市场与研究/中文行业报告集/202L 数据中心新/2022.1中国移动粤港澳（广州）通信机楼二期工程/造价类资料（全程免费，得来不易需要完成一些小任务）2/工程量清单/工程量清单/中国移动粤港澳（广州）通信机楼二期工程施工总承包项目/室外工程/室外排水排污工程/4A_2022_粤港澳通信机楼二期造价室外排水排污工程_中国移动广东公司.xlsx,室外排水排污工程(2).xlsx,4,A,2022,中国移动广东公司,M10/M14,【敏感待判·业主商业信息】**粤港澳通信机楼二期**项目造价文件（工程量清单侧），工程名称「室外排水排污工程」。**本件是发给投标人填报的空白招标工程量清单：综合单价与合价列全部为空，因此不含任何金额**；但**工程量列是真实的**，逐条载明清单项编码、项目名称、项目特征描述、计量单位与工程量。**工程量最大的若干清单项（原文）**：高层施工增加（清单编码 031302007032）1.00 项；脚手架搭拆费（清单编码 031301017032）1.00 项。这些工程量本身即材料强度数据，可与同项目建筑面积配合，推出每平米的混凝土方量、砌体方量、钢结构吨位等物耗指标（M10）。归属项目：2022.1中国移动粤港澳（广州）通信机楼二期工程。口径提醒：**招标阶段文件，非中标价与结算价；工程量为招标人给定的暂定量，结算按实际计量调整**。同项目控制价侧文件含相同工程量且附带金额，引用金额一律以控制价侧为准（见 batch_28/29）。,2026-08-16
docs/library/04_市场与研究/中文行业报告集/202L 数据中心新/2022.1中国移动粤港澳（广州）通信机楼二期工程/造价类资料（全程免费，得来不易需要完成一些小任务）2/工程量清单/工程量清单/中国移动粤港澳（广州）通信机楼二期工程施工总承包项目/室外工程/室外广场工程/3A_2022_粤港澳通信机楼二期造价室外广场工程_中国移动广东公司.xlsx,室外广场工程(1).xlsx,3,A,2022,中国移动广东公司,M10/M14,【敏感待判·业主商业信息】**粤港澳通信机楼二期**项目造价文件（工程量清单侧），工程名称「室外广场工程」。**本件是发给投标人填报的空白招标工程量清单：综合单价与合价列全部为空，因此不含任何金额**；但**工程量列是真实的**，逐条载明清单项编码、项目名称、项目特征描述、计量单位与工程量。本件未解析出分部分项清单条目（可能为封面、说明、汇总或非清单类文件），不含可落库的工程量。归属项目：2022.1中国移动粤港澳（广州）通信机楼二期工程。口径提醒：**招标阶段文件，非中标价与结算价；工程量为招标人给定的暂定量，结算按实际计量调整**。同项目控制价侧文件含相同工程量且附带金额，引用金额一律以控制价侧为准（见 batch_28/29）。,2026-08-16
docs/library/04_市场与研究/中文行业报告集/202L 数据中心新/2022.1中国移动粤港澳（广州）通信机楼二期工程/造价类资料（全程免费，得来不易需要完成一些小任务）2/工程量清单/工程量清单/中国移动粤港澳（广州）通信机楼二期工程施工总承包项目/室外工程/室外油罐基坑支护及土方开挖工程/3A_2022_粤港澳通信机楼二期造价室外油罐基坑支护及土方开挖工_中国移动广东公司.xlsx,室外油罐基坑支护及土方开挖工程.xlsx,3,A,2022,中国移动广东公司,M10/M14,【敏感待判·业主商业信息】**粤港澳通信机楼二期**项目造价文件（工程量清单侧），工程名称「室外油罐基坑支护及土方开挖工程」。**本件是发给投标人填报的空白招标工程量清单：综合单价与合价列全部为空，因此不含任何金额**；但**工程量列是真实的**，逐条载明清单项编码、项目名称、项目特征描述、计量单位与工程量。本件未解析出分部分项清单条目（可能为封面、说明、汇总或非清单类文件），不含可落库的工程量。归属项目：2022.1中国移动粤港澳（广州）通信机楼二期工程。口径提醒：**招标阶段文件，非中标价与结算价；工程量为招标人给定的暂定量，结算按实际计量调整**。同项目控制价侧文件含相同工程量且附带金额，引用金额一律以控制价侧为准（见 batch_28/29）。,2026-08-16
docs/library/04_市场与研究/中文行业报告集/202L 数据中心新/2022.1中国移动粤港澳（广州）通信机楼二期工程/造价类资料（全程免费，得来不易需要完成一些小任务）2/工程量清单/工程量清单/中国移动粤港澳（广州）通信机楼二期工程施工总承包项目/室外工程/室外油罐基坑支护及土方开挖工程/3A_2022_粤港澳通信机楼二期造价室外油罐基坑支护及土方开挖工_中国移动广东公司_02.xlsx,室外油罐基坑支护及土方开挖工程(1).xlsx,3,A,2022,中国移动广东公司,M10/M14,【敏感待判·业主商业信息】**粤港澳通信机楼二期**项目造价文件（工程量清单侧），工程名称「室外油罐基坑支护及土方开挖工程」。**本件是发给投标人填报的空白招标工程量清单：综合单价与合价列全部为空，因此不含任何金额**；但**工程量列是真实的**，逐条载明清单项编码、项目名称、项目特征描述、计量单位与工程量。本件未解析出分部分项清单条目（可能为封面、说明、汇总或非清单类文件），不含可落库的工程量。归属项目：2022.1中国移动粤港澳（广州）通信机楼二期工程。同目录内存在多份同主题文件（原文件名不同、内容各自独立），重命名时按序号区分，序号无含义。口径提醒：**招标阶段文件，非中标价与结算价；工程量为招标人给定的暂定量，结算按实际计量调整**。同项目控制价侧文件含相同工程量且附带金额，引用金额一律以控制价侧为准（见 batch_28/29）。,2026-08-16
docs/library/04_市场与研究/中文行业报告集/202L 数据中心新/2022.1中国移动粤港澳（广州）通信机楼二期工程/造价类资料（全程免费，得来不易需要完成一些小任务）2/工程量清单/工程量清单/中国移动粤港澳（广州）通信机楼二期工程施工总承包项目/室外工程/原一期室外道路工程/3A_2022_粤港澳通信机楼二期造价原一期室外道路工程_中国移动广东公司.xlsx,原一期室外道路工程(1).xlsx,3,A,2022,中国移动广东公司,M10/M14,【敏感待判·业主商业信息】**粤港澳通信机楼二期**项目造价文件（工程量清单侧），工程名称「原一期室外道路工程」。**本件是发给投标人填报的空白招标工程量清单：综合单价与合价列全部为空，因此不含任何金额**；但**工程量列是真实的**，逐条载明清单项编码、项目名称、项目特征描述、计量单位与工程量。本件未解析出分部分项清单条目（可能为封面、说明、汇总或非清单类文件），不含可落库的工程量。归属项目：2022.1中国移动粤港澳（广州）通信机楼二期工程。口径提醒：**招标阶段文件，非中标价与结算价；工程量为招标人给定的暂定量，结算按实际计量调整**。同项目控制价侧文件含相同工程量且附带金额，引用金额一律以控制价侧为准（见 batch_28/29）。,2026-08-16
docs/library/04_市场与研究/中文行业报告集/202L 数据中心新/2022.1中国移动粤港澳（广州）通信机楼二期工程/造价类资料（全程免费，得来不易需要完成一些小任务）2/工程量清单/工程量清单/中国移动粤港澳（广州）通信机楼二期工程施工总承包项目/室外工程/原一期室外道路工程/3A_2022_粤港澳通信机楼二期造价原一期室外道路工程_中国移动广东公司_02.xlsx,原一期室外道路工程.xlsx,3,A,2022,中国移动广东公司,M10/M14,【敏感待判·业主商业信息】**粤港澳通信机楼二期**项目造价文件（工程量清单侧），工程名称「原一期室外道路工程」。**本件是发给投标人填报的空白招标工程量清单：综合单价与合价列全部为空，因此不含任何金额**；但**工程量列是真实的**，逐条载明清单项编码、项目名称、项目特征描述、计量单位与工程量。本件未解析出分部分项清单条目（可能为封面、说明、汇总或非清单类文件），不含可落库的工程量。归属项目：2022.1中国移动粤港澳（广州）通信机楼二期工程。同目录内存在多份同主题文件（原文件名不同、内容各自独立），重命名时按序号区分，序号无含义。口径提醒：**招标阶段文件，非中标价与结算价；工程量为招标人给定的暂定量，结算按实际计量调整**。同项目控制价侧文件含相同工程量且附带金额，引用金额一律以控制价侧为准（见 batch_28/29）。,2026-08-16
docs/library/04_市场与研究/中文行业报告集/202L 数据中心新/2022.1中国移动粤港澳（广州）通信机楼二期工程/造价类资料（全程免费，得来不易需要完成一些小任务）2/工程量清单/工程量清单/中国移动粤港澳（广州）通信机楼二期工程施工总承包项目/室外工程/场地工程/3A_2022_粤港澳通信机楼二期造价场地工程_中国移动广东公司.xlsx,场地工程.xlsx,3,A,2022,中国移动广东公司,M10/M14,【敏感待判·业主商业信息】**粤港澳通信机楼二期**项目造价文件（工程量清单侧），工程名称「场地工程」。**本件是发给投标人填报的空白招标工程量清单：综合单价与合价列全部为空，因此不含任何金额**；但**工程量列是真实的**，逐条载明清单项编码、项目名称、项目特征描述、计量单位与工程量。本件未解析出分部分项清单条目（可能为封面、说明、汇总或非清单类文件），不含可落库的工程量。归属项目：2022.1中国移动粤港澳（广州）通信机楼二期工程。口径提醒：**招标阶段文件，非中标价与结算价；工程量为招标人给定的暂定量，结算按实际计量调整**。同项目控制价侧文件含相同工程量且附带金额，引用金额一律以控制价侧为准（见 batch_28/29）。,2026-08-16
docs/library/04_市场与研究/中文行业报告集/202L 数据中心新/2022.1中国移动粤港澳（广州）通信机楼二期工程/造价类资料（全程免费，得来不易需要完成一些小任务）2/工程量清单/工程量清单/中国移动粤港澳（广州）通信机楼二期工程施工总承包项目/室外工程/室外蓄冷罐基础工程/3A_2022_粤港澳通信机楼二期造价室外蓄冷罐基础工程_中国移动广东公司.xlsx,室外蓄冷罐基础工程(1).xlsx,3,A,2022,中国移动广东公司,M10/M14,【敏感待判·业主商业信息】**粤港澳通信机楼二期**项目造价文件（工程量清单侧），工程名称「室外蓄冷罐基础工程」。**本件是发给投标人填报的空白招标工程量清单：综合单价与合价列全部为空，因此不含任何金额**；但**工程量列是真实的**，逐条载明清单项编码、项目名称、项目特征描述、计量单位与工程量。本件未解析出分部分项清单条目（可能为封面、说明、汇总或非清单类文件），不含可落库的工程量。归属项目：2022.1中国移动粤港澳（广州）通信机楼二期工程。口径提醒：**招标阶段文件，非中标价与结算价；工程量为招标人给定的暂定量，结算按实际计量调整**。同项目控制价侧文件含相同工程量且附带金额，引用金额一律以控制价侧为准（见 batch_28/29）。,2026-08-16
docs/library/04_市场与研究/中文行业报告集/202L 数据中心新/2022.1中国移动粤港澳（广州）通信机楼二期工程/造价类资料（全程免费，得来不易需要完成一些小任务）2/工程量清单/工程量清单/中国移动粤港澳（广州）通信机楼二期工程施工总承包项目/室外工程/室外蓄冷罐基础工程/3A_2022_粤港澳通信机楼二期造价室外蓄冷罐基础工程_中国移动广东公司_02.xlsx,室外蓄冷罐基础工程.xlsx,3,A,2022,中国移动广东公司,M10/M14,【敏感待判·业主商业信息】**粤港澳通信机楼二期**项目造价文件（工程量清单侧），工程名称「室外蓄冷罐基础工程」。**本件是发给投标人填报的空白招标工程量清单：综合单价与合价列全部为空，因此不含任何金额**；但**工程量列是真实的**，逐条载明清单项编码、项目名称、项目特征描述、计量单位与工程量。本件未解析出分部分项清单条目（可能为封面、说明、汇总或非清单类文件），不含可落库的工程量。归属项目：2022.1中国移动粤港澳（广州）通信机楼二期工程。同目录内存在多份同主题文件（原文件名不同、内容各自独立），重命名时按序号区分，序号无含义。口径提醒：**招标阶段文件，非中标价与结算价；工程量为招标人给定的暂定量，结算按实际计量调整**。同项目控制价侧文件含相同工程量且附带金额，引用金额一律以控制价侧为准（见 batch_28/29）。,2026-08-16
docs/library/04_市场与研究/中文行业报告集/202L 数据中心新/2022.1中国移动粤港澳（广州）通信机楼二期工程/造价类资料（全程免费，得来不易需要完成一些小任务）2/工程量清单/工程量清单/中国移动粤港澳（广州）通信机楼二期工程施工总承包项目/其他费用/临水、临电工程/4A_2022_粤港澳通信机楼二期造价临水临电工程_中国移动广东公司.xlsx,临水、临电工程.xlsx,4,A,2022,中国移动广东公司,M10/M14,【敏感待判·业主商业信息】**粤港澳通信机楼二期**项目造价文件（工程量清单侧），工程名称「临水、临电工程」。**本件是发给投标人填报的空白招标工程量清单：综合单价与合价列全部为空，因此不含任何金额**；但**工程量列是真实的**，逐条载明清单项编码、项目名称、项目特征描述、计量单位与工程量。**工程量最大的若干清单项（原文）**：高层施工增加（清单编码 031302007033）1.00 项；脚手架搭拆费（清单编码 031301017033）1.00 项。这些工程量本身即材料强度数据，可与同项目建筑面积配合，推出每平米的混凝土方量、砌体方量、钢结构吨位等物耗指标（M10）。归属项目：2022.1中国移动粤港澳（广州）通信机楼二期工程。口径提醒：**招标阶段文件，非中标价与结算价；工程量为招标人给定的暂定量，结算按实际计量调整**。同项目控制价侧文件含相同工程量且附带金额，引用金额一律以控制价侧为准（见 batch_28/29）。,2026-08-16
docs/library/04_市场与研究/中文行业报告集/202L 数据中心新/2022.1中国移动粤港澳（广州）通信机楼二期工程/造价类资料（全程免费，得来不易需要完成一些小任务）2/工程量清单/工程量清单/中国移动粤港澳（广州）通信机楼二期工程施工总承包项目/其他费用/工程保险费/3A_2022_粤港澳通信机楼二期造价工程保险费_中国移动广东公司.xlsx,工程保险费.xlsx,3,A,2022,中国移动广东公司,M10/M14,【敏感待判·业主商业信息】**粤港澳通信机楼二期**项目造价文件（工程量清单侧），工程名称「工程保险费」。**本件是发给投标人填报的空白招标工程量清单：综合单价与合价列全部为空，因此不含任何金额**；但**工程量列是真实的**，逐条载明清单项编码、项目名称、项目特征描述、计量单位与工程量。本件未解析出分部分项清单条目（可能为封面、说明、汇总或非清单类文件），不含可落库的工程量。归属项目：2022.1中国移动粤港澳（广州）通信机楼二期工程。口径提醒：**招标阶段文件，非中标价与结算价；工程量为招标人给定的暂定量，结算按实际计量调整**。同项目控制价侧文件含相同工程量且附带金额，引用金额一律以控制价侧为准（见 batch_28/29）。,2026-08-16
docs/library/04_市场与研究/中文行业报告集/202L 数据中心新/2022.1中国移动粤港澳（广州）通信机楼二期工程/造价类资料（全程免费，得来不易需要完成一些小任务）2/工程量清单/工程量清单/中国移动粤港澳（广州）通信机楼二期工程施工总承包项目/其他费用/防疫费/3A_2022_粤港澳通信机楼二期造价防疫费_中国移动广东公司.xlsx,防疫费.xlsx,3,A,2022,中国移动广东公司,M10/M14,【敏感待判·业主商业信息】**粤港澳通信机楼二期**项目造价文件（工程量清单侧），工程名称「防疫费」。**本件是发给投标人填报的空白招标工程量清单：综合单价与合价列全部为空，因此不含任何金额**；但**工程量列是真实的**，逐条载明清单项编码、项目名称、项目特征描述、计量单位与工程量。本件未解析出分部分项清单条目（可能为封面、说明、汇总或非清单类文件），不含可落库的工程量。归属项目：2022.1中国移动粤港澳（广州）通信机楼二期工程。口径提醒：**招标阶段文件，非中标价与结算价；工程量为招标人给定的暂定量，结算按实际计量调整**。同项目控制价侧文件含相同工程量且附带金额，引用金额一律以控制价侧为准（见 batch_28/29）。,2026-08-16
docs/library/04_市场与研究/中文行业报告集/202L 数据中心新/2022.1中国移动粤港澳（广州）通信机楼二期工程/造价类资料（全程免费，得来不易需要完成一些小任务）2/工程量清单/工程量清单/中国移动粤港澳（广州）通信机楼二期工程施工总承包项目/其他费用/防火门检验试验费/3A_2022_粤港澳通信机楼二期造价防火门检验试验费_中国移动广东公司.xlsx,防火门检验试验费.xlsx,3,A,2022,中国移动广东公司,M10/M14,【敏感待判·业主商业信息】**粤港澳通信机楼二期**项目造价文件（工程量清单侧），工程名称「防火门检验试验费」。**本件是发给投标人填报的空白招标工程量清单：综合单价与合价列全部为空，因此不含任何金额**；但**工程量列是真实的**，逐条载明清单项编码、项目名称、项目特征描述、计量单位与工程量。本件未解析出分部分项清单条目（可能为封面、说明、汇总或非清单类文件），不含可落库的工程量。归属项目：2022.1中国移动粤港澳（广州）通信机楼二期工程。口径提醒：**招标阶段文件，非中标价与结算价；工程量为招标人给定的暂定量，结算按实际计量调整**。同项目控制价侧文件含相同工程量且附带金额，引用金额一律以控制价侧为准（见 batch_28/29）。,2026-08-16
docs/library/04_市场与研究/中文行业报告集/202L 数据中心新/2022.1中国移动粤港澳（广州）通信机楼二期工程/造价类资料（全程免费，得来不易需要完成一些小任务）2/工程量清单/工程量清单/中国移动粤港澳（广州）通信机楼二期工程施工总承包项目/其他费用/房屋鉴定费/4A_2022_粤港澳通信机楼二期造价房屋鉴定费_中国移动广东公司.xlsx,房屋鉴定费.xlsx,4,A,2022,中国移动广东公司,M10/M14,"【敏感待判·业主商业信息】**粤港澳通信机楼二期**项目造价文件（工程量清单侧），工程名称「房屋鉴定费」。**本件是发给投标人填报的空白招标工程量清单：综合单价与合价列全部为空，因此不含任何金额**；但**工程量列是真实的**，逐条载明清单项编码、项目名称、项目特征描述、计量单位与工程量。**工程量最大的若干清单项（原文）**：房屋鉴定费（清单编码 01B001）25,000.00 m2。这些工程量本身即材料强度数据，可与同项目建筑面积配合，推出每平米的混凝土方量、砌体方量、钢结构吨位等物耗指标（M10）。归属项目：2022.1中国移动粤港澳（广州）通信机楼二期工程。口径提醒：**招标阶段文件，非中标价与结算价；工程量为招标人给定的暂定量，结算按实际计量调整**。同项目控制价侧文件含相同工程量且附带金额，引用金额一律以控制价侧为准（见 batch_28/29）。",2026-08-16
docs/library/04_市场与研究/中文行业报告集/202L 数据中心新/2022.1中国移动粤港澳（广州）通信机楼二期工程/造价类资料（全程免费，得来不易需要完成一些小任务）2/工程量清单/工程量清单/中国移动粤港澳（广州）通信机楼二期工程施工总承包项目/其他费用/白蚁防治费/4A_2022_粤港澳通信机楼二期造价白蚁防治费_中国移动广东公司.xlsx,白蚁防治费.xlsx,4,A,2022,中国移动广东公司,M10/M14,"【敏感待判·业主商业信息】**粤港澳通信机楼二期**项目造价文件（工程量清单侧），工程名称「白蚁防治费」。**本件是发给投标人填报的空白招标工程量清单：综合单价与合价列全部为空，因此不含任何金额**；但**工程量列是真实的**，逐条载明清单项编码、项目名称、项目特征描述、计量单位与工程量。**工程量最大的若干清单项（原文）**：白蚁防治费（±0.00以上）（清单编码 010101001002）74,129.00 m2；白蚁防治费（±0.00以下）（清单编码 010101001001）2,586.00 m2。这些工程量本身即材料强度数据，可与同项目建筑面积配合，推出每平米的混凝土方量、砌体方量、钢结构吨位等物耗指标（M10）。归属项目：2022.1中国移动粤港澳（广州）通信机楼二期工程。口径提醒：**招标阶段文件，非中标价与结算价；工程量为招标人给定的暂定量，结算按实际计量调整**。同项目控制价侧文件含相同工程量且附带金额，引用金额一律以控制价侧为准（见 batch_28/29）。",2026-08-16
docs/library/04_市场与研究/中文行业报告集/202L 数据中心新/2022.1中国移动粤港澳（广州）通信机楼二期工程/造价类资料（全程免费，得来不易需要完成一些小任务）2/工程量清单/工程量清单/中国移动粤港澳（广州）通信机楼二期工程施工总承包项目/其他费用/甲供材料保管费/3A_2022_粤港澳通信机楼二期造价甲供材料保管费_中国移动广东公司.xlsx,甲供材料保管费.xlsx,3,A,2022,中国移动广东公司,M10/M14,【敏感待判·业主商业信息】**粤港澳通信机楼二期**项目造价文件（工程量清单侧），工程名称「甲供材料保管费」。**本件是发给投标人填报的空白招标工程量清单：综合单价与合价列全部为空，因此不含任何金额**；但**工程量列是真实的**，逐条载明清单项编码、项目名称、项目特征描述、计量单位与工程量。本件未解析出分部分项清单条目（可能为封面、说明、汇总或非清单类文件），不含可落库的工程量。归属项目：2022.1中国移动粤港澳（广州）通信机楼二期工程。口径提醒：**招标阶段文件，非中标价与结算价；工程量为招标人给定的暂定量，结算按实际计量调整**。同项目控制价侧文件含相同工程量且附带金额，引用金额一律以控制价侧为准（见 batch_28/29）。,2026-08-16
docs/library/04_市场与研究/中文行业报告集/202L 数据中心新/2022.1中国移动粤港澳（广州）通信机楼二期工程/造价类资料（全程免费，得来不易需要完成一些小任务）2/工程量清单/工程量清单/中国移动粤港澳（广州）通信机楼二期工程施工总承包项目/其他费用/地下管线探测费/4A_2022_粤港澳通信机楼二期造价地下管线探测费_中国移动广东公司.xlsx,地下管线探测费.xlsx,4,A,2022,中国移动广东公司,M10/M14,"【敏感待判·业主商业信息】**粤港澳通信机楼二期**项目造价文件（工程量清单侧），工程名称「地下管线探测费」。**本件是发给投标人填报的空白招标工程量清单：综合单价与合价列全部为空，因此不含任何金额**；但**工程量列是真实的**，逐条载明清单项编码、项目名称、项目特征描述、计量单位与工程量。**工程量最大的若干清单项（原文）**：盲探管线（清单编码 01B002）30,506.67 m2。这些工程量本身即材料强度数据，可与同项目建筑面积配合，推出每平米的混凝土方量、砌体方量、钢结构吨位等物耗指标（M10）。归属项目：2022.1中国移动粤港澳（广州）通信机楼二期工程。口径提醒：**招标阶段文件，非中标价与结算价；工程量为招标人给定的暂定量，结算按实际计量调整**。同项目控制价侧文件含相同工程量且附带金额，引用金额一律以控制价侧为准（见 batch_28/29）。",2026-08-16
docs/library/04_市场与研究/中文行业报告集/202L 数据中心新/2022.1中国移动粤港澳（广州）通信机楼二期工程/造价类资料（全程免费，得来不易需要完成一些小任务）2/工程量清单/工程量清单/中国移动粤港澳（广州）通信机楼二期工程施工总承包项目/其他费用/建筑信息模型（BIM）技术应用费用/4A_2022_粤港澳通信机楼二期造价建筑信息模型BIM技术应用费_中国移动广东公司.xlsx,建筑信息模型（BIM）技术应用费用.xlsx,4,A,2022,中国移动广东公司,M10/M14,"【敏感待判·业主商业信息】**粤港澳通信机楼二期**项目造价文件（工程量清单侧），工程名称「建筑信息模型（BIM）技术应用费用」。**本件是发给投标人填报的空白招标工程量清单：综合单价与合价列全部为空，因此不含任何金额**；但**工程量列是真实的**，逐条载明清单项编码、项目名称、项目特征描述、计量单位与工程量。**工程量最大的若干清单项（原文）**：建筑信息模型（BIM）技术应用费用（清单编码 01B003）76,715.00 m2。这些工程量本身即材料强度数据，可与同项目建筑面积配合，推出每平米的混凝土方量、砌体方量、钢结构吨位等物耗指标（M10）。归属项目：2022.1中国移动粤港澳（广州）通信机楼二期工程。口径提醒：**招标阶段文件，非中标价与结算价；工程量为招标人给定的暂定量，结算按实际计量调整**。同项目控制价侧文件含相同工程量且附带金额，引用金额一律以控制价侧为准（见 batch_28/29）。",2026-08-16
docs/library/04_市场与研究/中文行业报告集/202L 数据中心新/2023.1广西桂北云计算产业园一期项目通信机楼土建工程/造价类资料（全程免费，得来不易需要完成一些小任务）1/3A_2023_桂北云计算产业园一期造价预算_工程档案.pdf,预算.pdf,3,A,2023,工程档案,M10/M14,【敏感待判·业主商业信息】**桂北云计算产业园一期**项目造价文件（造价文件侧），工程名称「预算」。本件汇总表未解析出总造价（可能为无金额的空表、说明性文件或非标准格式），金额一律标 [未核]。本件未解析出分部分项清单条目（可能为封面、说明、汇总或非清单类文件），不含可落库的工程量。归属项目：2023.1广西桂北云计算产业园一期项目通信机楼土建工程。口径提醒：**招标阶段文件，非中标价与结算价；工程量为招标人给定的暂定量，结算按实际计量调整**。同项目控制价侧文件含相同工程量且附带金额，引用金额一律以控制价侧为准（见 batch_28/29）。,2026-08-16
docs/library/04_市场与研究/中文行业报告集/202L 数据中心新/2023.3  宁德市大数据产业园及基础配套设施项目（一期）IT云平台/造价类资料（全程免费，得来不易需要完成一些小任务）1/工程量清单/3A_2023_宁德大数据产业园一期造价工程量清单编制说明1_工程档案.doc,工程量清单编制说明(1).doc,3,A,2023,工程档案,M10/M14,【敏感待判·业主商业信息】**宁德大数据产业园一期**项目造价文件（工程量清单侧），工程名称「工程量清单编制说明(1)」。**本件是发给投标人填报的空白招标工程量清单：综合单价与合价列全部为空，因此不含任何金额**；但**工程量列是真实的**，逐条载明清单项编码、项目名称、项目特征描述、计量单位与工程量。本件未解析出分部分项清单条目（可能为封面、说明、汇总或非清单类文件），不含可落库的工程量。归属项目：2023.3  宁德市大数据产业园及基础配套设施项目（一期）IT云平台。口径提醒：**招标阶段文件，非中标价与结算价；工程量为招标人给定的暂定量，结算按实际计量调整**。同项目控制价侧文件含相同工程量且附带金额，引用金额一律以控制价侧为准（见 batch_28/29）。,2026-08-16
docs/library/04_市场与研究/中文行业报告集/202L 数据中心新/2023.3  宁德市大数据产业园及基础配套设施项目（一期）IT云平台/造价类资料（全程免费，得来不易需要完成一些小任务）1/1控制价/4A_2023_宁德大数据产业园一期造价宁德市大数据产业园及基础配套_工程档案.xlsx,（招标控制价）宁德市大数据产业园及基础配套设施项目（一期）IT云平台.xlsx,4,A,2023,工程档案,M10/M14,【敏感待判·业主商业信息】**宁德大数据产业园一期**项目造价文件（控制价侧），工程名称「宁德市大数据产业园及基础配套设施项目（一期）IT云平台」。本件汇总表未解析出总造价（可能为无金额的空表、说明性文件或非标准格式），金额一律标 [未核]。**工程量最大的若干清单项（原文）**：接线盒（清单编码 030411006001）192.00 个；光缆（清单编码 030502007001）64.08 m；线管理器（清单编码 030502017004）40.00 个；线管理器（清单编码 030502017002）37.00 个；网络服务器（清单编码 030501013010）4.00 台；存储设备（清单编码 030501004004）3.00 台。这些工程量本身即材料强度数据，可与同项目建筑面积配合，推出每平米的混凝土方量、砌体方量、钢结构吨位等物耗指标（M10）。归属项目：2023.3  宁德市大数据产业园及基础配套设施项目（一期）IT云平台。口径提醒：**招标阶段文件，非中标价与结算价；工程量为招标人给定的暂定量，结算按实际计量调整**。同项目控制价侧文件含相同工程量且附带金额，引用金额一律以控制价侧为准（见 batch_28/29）。,2026-08-16
docs/library/04_市场与研究/中文行业报告集/202L 数据中心新/2023.3  宁德市大数据产业园及基础配套设施项目（一期）IT云平台/造价类资料（全程免费，得来不易需要完成一些小任务）1/1控制价/3A_2023_宁德大数据产业园一期造价封面_工程档案.docx,封面.docx,3,A,2023,工程档案,M10/M14,【敏感待判·业主商业信息】**宁德大数据产业园一期**项目造价文件（控制价侧），工程名称「封面」。本件汇总表未解析出总造价（可能为无金额的空表、说明性文件或非标准格式），金额一律标 [未核]。本件未解析出分部分项清单条目（可能为封面、说明、汇总或非清单类文件），不含可落库的工程量。归属项目：2023.3  宁德市大数据产业园及基础配套设施项目（一期）IT云平台。口径提醒：**招标阶段文件，非中标价与结算价；工程量为招标人给定的暂定量，结算按实际计量调整**。同项目控制价侧文件含相同工程量且附带金额，引用金额一律以控制价侧为准（见 batch_28/29）。,2026-08-16
docs/library/04_市场与研究/中文行业报告集/202L 数据中心新/2023.4 定兴县公安局智慧乡村、小区与指挥系统智慧化项目-机房/造价类资料（全程免费，得来不易需要完成一些小任务）1/定兴县公安局智慧乡村、小区与指挥系统智慧化项目-机房/3A_2023_定兴县公安机房造价定兴县公安局智慧乡村小区与指_工程档案.xlsx,定兴县公安局智慧乡村、小区与指挥系统智慧化项目-机房.xlsx,3,A,2023,工程档案,M10/M14,【敏感待判·业主商业信息】**定兴县公安机房**项目造价文件（造价文件侧），工程名称「定兴县公安局智慧乡村、小区与指挥系统智慧化项目-机房」。本件汇总表未解析出总造价（可能为无金额的空表、说明性文件或非标准格式），金额一律标 [未核]。本件未解析出分部分项清单条目（可能为封面、说明、汇总或非清单类文件），不含可落库的工程量。归属项目：2023.4 定兴县公安局智慧乡村、小区与指挥系统智慧化项目-机房。口径提醒：**招标阶段文件，非中标价与结算价；工程量为招标人给定的暂定量，结算按实际计量调整**。同项目控制价侧文件含相同工程量且附带金额，引用金额一律以控制价侧为准（见 batch_28/29）。,2026-08-16
docs/library/04_市场与研究/中文行业报告集/202L 数据中心新/2023.4 定兴县公安局智慧乡村、小区与指挥系统智慧化项目-机房/造价类资料（全程免费，得来不易需要完成一些小任务）1/定兴县公安局智慧乡村、小区与指挥系统智慧化项目-机房/定兴县公安局智慧乡村、小区与指挥系统智慧化项目/3A_2023_定兴县公安机房造价定兴县公安局智慧乡村小区与指_工程档案.xlsx,定兴县公安局智慧乡村、小区与指挥系统智慧化项目-机房.xlsx,3,A,2023,工程档案,M10/M14,【敏感待判·业主商业信息】**定兴县公安机房**项目造价文件（造价文件侧），工程名称「定兴县公安局智慧乡村、小区与指挥系统智慧化项目-机房」。本件汇总表未解析出总造价（可能为无金额的空表、说明性文件或非标准格式），金额一律标 [未核]。本件未解析出分部分项清单条目（可能为封面、说明、汇总或非清单类文件），不含可落库的工程量。归属项目：2023.4 定兴县公安局智慧乡村、小区与指挥系统智慧化项目-机房。口径提醒：**招标阶段文件，非中标价与结算价；工程量为招标人给定的暂定量，结算按实际计量调整**。同项目控制价侧文件含相同工程量且附带金额，引用金额一律以控制价侧为准（见 batch_28/29）。,2026-08-16
docs/library/04_市场与研究/中文行业报告集/202L 数据中心新/2023.4 定兴县公安局智慧乡村、小区与指挥系统智慧化项目-机房/造价类资料（全程免费，得来不易需要完成一些小任务）1/定兴县公安局智慧乡村、小区与指挥系统智慧化项目-机房/定兴县公安局智慧乡村、小区与指挥系统智慧化项目/机房-土建/4A_2023_定兴县公安机房造价机房土建_工程档案.xlsx,机房-土建.xlsx,4,A,2023,工程档案,M10/M14,【敏感待判·业主商业信息】**定兴县公安机房**项目造价文件（造价文件侧），工程名称「机房-土建」。本件汇总表未解析出总造价（可能为无金额的空表、说明性文件或非标准格式），金额一律标 [未核]。**工程量最大的若干清单项（原文）**：屋面卷材防水（清单编码 010902001001）332.48 m2；平整场地（清单编码 010101001001）324.41 m2；保温隔热楼地面（清单编码 011001005001）256.73 m2；外墙面真石漆-（除南侧墙面）（清单编码 011407001003）251.72 m2；块料墙面-南侧墙面（清单编码 011204003001）126.35 m2；砖地沟、明沟（清单编码 010401014001）106.58 m。这些工程量本身即材料强度数据，可与同项目建筑面积配合，推出每平米的混凝土方量、砌体方量、钢结构吨位等物耗指标（M10）。归属项目：2023.4 定兴县公安局智慧乡村、小区与指挥系统智慧化项目-机房。口径提醒：**招标阶段文件，非中标价与结算价；工程量为招标人给定的暂定量，结算按实际计量调整**。同项目控制价侧文件含相同工程量且附带金额，引用金额一律以控制价侧为准（见 batch_28/29）。,2026-08-16
docs/library/04_市场与研究/中文行业报告集/202L 数据中心新/2023.4 定兴县公安局智慧乡村、小区与指挥系统智慧化项目-机房/造价类资料（全程免费，得来不易需要完成一些小任务）1/定兴县公安局智慧乡村、小区与指挥系统智慧化项目-机房/定兴县公安局智慧乡村、小区与指挥系统智慧化项目/机房-安装/4A_2023_定兴县公安机房造价机房安装_工程档案.xlsx,机房-安装.xlsx,4,A,2023,工程档案,M10/M14,"【敏感待判·业主商业信息】**定兴县公安机房**项目造价文件（造价文件侧），工程名称「机房-安装」。本件汇总表未解析出总造价（可能为无金额的空表、说明性文件或非标准格式），金额一律标 [未核]。**工程量最大的若干清单项（原文）**：双绞线缆（清单编码 030502005002）10,800.00 m；配管（清单编码 030411001012）3,000.00 m；配线（清单编码 030411004019）1,129.51 m；配线（清单编码 030411004017）964.00 m；配线（清单编码 030411004009）540.99 m；配线（清单编码 030411004008）515.34 m。这些工程量本身即材料强度数据，可与同项目建筑面积配合，推出每平米的混凝土方量、砌体方量、钢结构吨位等物耗指标（M10）。归属项目：2023.4 定兴县公安局智慧乡村、小区与指挥系统智慧化项目-机房。口径提醒：**招标阶段文件，非中标价与结算价；工程量为招标人给定的暂定量，结算按实际计量调整**。同项目控制价侧文件含相同工程量且附带金额，引用金额一律以控制价侧为准（见 batch_28/29）。",2026-08-16
docs/library/04_市场与研究/中文行业报告集/202L 数据中心新/2024.11 安庆高铁新区高光谱卫星数据中心及卫星制造产线项目工业厂房-1#厂房/造价类资料（全程免费，得来不易需要完成一些小任务）1/图纸答疑/3A_2024_安庆高光谱卫星数据中心造价设计单位回复_工程档案.docx,设计单位回复.docx,3,A,2024,工程档案,M10/M14,【敏感待判·业主商业信息】**安庆高光谱卫星数据中心**项目造价文件（造价文件侧），工程名称「设计单位回复」。本件汇总表未解析出总造价（可能为无金额的空表、说明性文件或非标准格式），金额一律标 [未核]。本件未解析出分部分项清单条目（可能为封面、说明、汇总或非清单类文件），不含可落库的工程量。归属项目：2024.11 安庆高铁新区高光谱卫星数据中心及卫星制造产线项目工业厂房-1#厂房。口径提醒：**招标阶段文件，非中标价与结算价；工程量为招标人给定的暂定量，结算按实际计量调整**。同项目控制价侧文件含相同工程量且附带金额，引用金额一律以控制价侧为准（见 batch_28/29）。,2026-08-16
docs/library/04_市场与研究/中文行业报告集/202L 数据中心新/2024.11 安庆高铁新区高光谱卫星数据中心及卫星制造产线项目工业厂房-1#厂房/造价类资料（全程免费，得来不易需要完成一些小任务）1/图纸答疑/3A_2024_安庆高光谱卫星数据中心造价建设单位回复_工程档案.docx,建设单位回复.docx,3,A,2024,工程档案,M10/M14,【敏感待判·业主商业信息】**安庆高光谱卫星数据中心**项目造价文件（造价文件侧），工程名称「建设单位回复」。本件汇总表未解析出总造价（可能为无金额的空表、说明性文件或非标准格式），金额一律标 [未核]。本件未解析出分部分项清单条目（可能为封面、说明、汇总或非清单类文件），不含可落库的工程量。归属项目：2024.11 安庆高铁新区高光谱卫星数据中心及卫星制造产线项目工业厂房-1#厂房。口径提醒：**招标阶段文件，非中标价与结算价；工程量为招标人给定的暂定量，结算按实际计量调整**。同项目控制价侧文件含相同工程量且附带金额，引用金额一律以控制价侧为准（见 batch_28/29）。,2026-08-16
docs/library/04_市场与研究/中文行业报告集/202L 数据中心新/2024.12 中国移动（福建南平）延平通信枢纽楼/造价类资料（全程免费，得来不易需要完成一些小任务）1/计价20241202 - 副本/计价20241202 - 副本/3A_2024_南平延平通信枢纽楼造价有限空间风险源识别清单_中国移动福建公司.xlsx,有限空间风险源识别清单.xlsx,3,A,2024,中国移动福建公司,M10/M14,【敏感待判·业主商业信息】**南平延平通信枢纽楼**项目造价文件（工程量清单侧），工程名称「有限空间风险源识别清单」。**本件是发给投标人填报的空白招标工程量清单：综合单价与合价列全部为空，因此不含任何金额**；但**工程量列是真实的**，逐条载明清单项编码、项目名称、项目特征描述、计量单位与工程量。本件未解析出分部分项清单条目（可能为封面、说明、汇总或非清单类文件），不含可落库的工程量。归属项目：2024.12 中国移动（福建南平）延平通信枢纽楼。口径提醒：**招标阶段文件，非中标价与结算价；工程量为招标人给定的暂定量，结算按实际计量调整**。同项目控制价侧文件含相同工程量且附带金额，引用金额一律以控制价侧为准（见 batch_28/29）。,2026-08-16
docs/library/04_市场与研究/中文行业报告集/202L 数据中心新/2024.12 中国移动（福建南平）延平通信枢纽楼/造价类资料（全程免费，得来不易需要完成一些小任务）1/计价20241202 - 副本/计价20241202 - 副本/3A_2024_南平延平通信枢纽楼造价主要材料和设备项目与价格表_中国移动福建公司.xlsx,主要材料和设备项目与价格表.xlsx,3,A,2024,中国移动福建公司,M10/M14,【敏感待判·业主商业信息】**南平延平通信枢纽楼**项目造价文件（造价文件侧），工程名称「主要材料和设备项目与价格表」。本件汇总表未解析出总造价（可能为无金额的空表、说明性文件或非标准格式），金额一律标 [未核]。本件未解析出分部分项清单条目（可能为封面、说明、汇总或非清单类文件），不含可落库的工程量。归属项目：2024.12 中国移动（福建南平）延平通信枢纽楼。口径提醒：**招标阶段文件，非中标价与结算价；工程量为招标人给定的暂定量，结算按实际计量调整**。同项目控制价侧文件含相同工程量且附带金额，引用金额一律以控制价侧为准（见 batch_28/29）。,2026-08-16
docs/library/04_市场与研究/中文行业报告集/202L 数据中心新/2024.12 中国移动（福建南平）延平通信枢纽楼/造价类资料（全程免费，得来不易需要完成一些小任务）1/计价20241202 - 副本/计价20241202 - 副本/清单/4A_2024_南平延平通信枢纽楼造价中国移动福建南平延平通信枢纽_中国移动福建公司.xlsx,中国移动(福建南平)延平通信枢纽楼(招标清单).xlsx,4,A,2024,中国移动福建公司,M10/M14,"【敏感待判·业主商业信息】**南平延平通信枢纽楼**项目造价文件（工程量清单侧），工程名称「中国移动(福建南平)延平通信枢纽楼」。**本件是发给投标人填报的空白招标工程量清单：综合单价与合价列全部为空，因此不含任何金额**；但**工程量列是真实的**，逐条载明清单项编码、项目名称、项目特征描述、计量单位与工程量。**工程量最大的若干清单项（原文）**：回填方（清单编码 010103001005）2,713.00 m3；水泥混凝土（清单编码 040203007001）1,898.09 m2；天棚抹灰（清单编码 011301001001）1,876.38 m2；电渣压力焊接（清单编码 010516006003）1,594.00 个；电渣压力焊接（清单编码 010516006002）1,383.00 个；路床（槽）整形（清单编码 040202001001）1,362.05 m2。这些工程量本身即材料强度数据，可与同项目建筑面积配合，推出每平米的混凝土方量、砌体方量、钢结构吨位等物耗指标（M10）。归属项目：2024.12 中国移动（福建南平）延平通信枢纽楼。口径提醒：**招标阶段文件，非中标价与结算价；工程量为招标人给定的暂定量，结算按实际计量调整**。同项目控制价侧文件含相同工程量且附带金额，引用金额一律以控制价侧为准（见 batch_28/29）。",2026-08-16
docs/library/04_市场与研究/中文行业报告集/202L 数据中心新/2024.12 中国移动（福建南平）延平通信枢纽楼/造价类资料（全程免费，得来不易需要完成一些小任务）1/计价20241202 - 副本/计价20241202 - 副本/清单/3A_2024_南平延平通信枢纽楼造价2清单中国移动福建南平延平通_中国移动福建公司.doc,2.【清单】中国移动(福建南平)延平通信枢纽楼项目编制说明.doc,3,A,2024,中国移动福建公司,M10/M14,【敏感待判·业主商业信息】**南平延平通信枢纽楼**项目造价文件（工程量清单侧），工程名称「2.【清单】中国移动(福建南平)延平通信枢纽楼项目编制说明」。**本件是发给投标人填报的空白招标工程量清单：综合单价与合价列全部为空，因此不含任何金额**；但**工程量列是真实的**，逐条载明清单项编码、项目名称、项目特征描述、计量单位与工程量。本件未解析出分部分项清单条目（可能为封面、说明、汇总或非清单类文件），不含可落库的工程量。归属项目：2024.12 中国移动（福建南平）延平通信枢纽楼。口径提醒：**招标阶段文件，非中标价与结算价；工程量为招标人给定的暂定量，结算按实际计量调整**。同项目控制价侧文件含相同工程量且附带金额，引用金额一律以控制价侧为准（见 batch_28/29）。,2026-08-16
docs/library/04_市场与研究/中文行业报告集/202L 数据中心新/2024.12 中国移动（福建南平）延平通信枢纽楼/造价类资料（全程免费，得来不易需要完成一些小任务）1/计价20241202 - 副本/计价20241202 - 副本/1控制价/4A_2024_南平延平通信枢纽楼造价中国移动福建南平延平通信枢纽_中国移动福建公司.xlsx,中国移动(福建南平)延平通信枢纽楼(招标控制价).xlsx,4,A,2024,中国移动福建公司,M10/M14,"【敏感待判·业主商业信息】**南平延平通信枢纽楼**项目造价文件（控制价侧），工程名称「中国移动(福建南平)延平通信枢纽楼」。本件汇总表未解析出总造价（可能为无金额的空表、说明性文件或非标准格式），金额一律标 [未核]。**工程量最大的若干清单项（原文）**：回填方（清单编码 010103001005）2,713.00 m3；水泥混凝土（清单编码 040203007001）1,898.09 m2；天棚抹灰（清单编码 011301001001）1,876.38 m2；电渣压力焊接（清单编码 010516006003）1,594.00 个；电渣压力焊接（清单编码 010516006002）1,383.00 个；路床（槽）整形（清单编码 040202001001）1,362.05 m2。这些工程量本身即材料强度数据，可与同项目建筑面积配合，推出每平米的混凝土方量、砌体方量、钢结构吨位等物耗指标（M10）。归属项目：2024.12 中国移动（福建南平）延平通信枢纽楼。口径提醒：**招标阶段文件，非中标价与结算价；工程量为招标人给定的暂定量，结算按实际计量调整**。同项目控制价侧文件含相同工程量且附带金额，引用金额一律以控制价侧为准（见 batch_28/29）。",2026-08-16
docs/library/04_市场与研究/中文行业报告集/202L 数据中心新/2024.12 中国移动（福建南平）延平通信枢纽楼/造价类资料（全程免费，得来不易需要完成一些小任务）1/计价20241202 - 副本/计价20241202 - 副本/1控制价/3A_2024_南平延平通信枢纽楼造价2招标控制价中国移动福建南平_中国移动福建公司.doc,2.【招标控制价】中国移动(福建南平)延平通信枢纽楼项目编制说明.doc,3,A,2024,中国移动福建公司,M10/M14,【敏感待判·业主商业信息】**南平延平通信枢纽楼**项目造价文件（控制价侧），工程名称「2.【招标控制价】中国移动(福建南平)延平通信枢纽楼项目编制说明」。本件汇总表未解析出总造价（可能为无金额的空表、说明性文件或非标准格式），金额一律标 [未核]。本件未解析出分部分项清单条目（可能为封面、说明、汇总或非清单类文件），不含可落库的工程量。归属项目：2024.12 中国移动（福建南平）延平通信枢纽楼。口径提醒：**招标阶段文件，非中标价与结算价；工程量为招标人给定的暂定量，结算按实际计量调整**。同项目控制价侧文件含相同工程量且附带金额，引用金额一律以控制价侧为准（见 batch_28/29）。,2026-08-16
docs/library/04_市场与研究/中文行业报告集/202L 数据中心新/2024.12 中国联通茂名新建通信局房项目一期（中国联通茂名5G边缘计算中心（一期））初设深度/造价类资料（全程免费，得来不易需要完成一些小任务）1/附件1-工程量清单/中国联通茂名新建通信局房项目一期（中国联通茂名5G边缘计算中心（一期））工程总承包（EPC）项目--1控制价/3A_2024_茂名联通5G边缘计算中心造价一封面及汇总表招_中国联通广东公司.xlsx,一、封面及汇总表（招）.xlsx,3,A,2024,中国联通广东公司,M10/M14,【敏感待判·业主商业信息】**茂名联通5G边缘计算中心**项目造价文件（控制价侧），工程名称「一、封面及汇总表（招）」。本件汇总表未解析出总造价（可能为无金额的空表、说明性文件或非标准格式），金额一律标 [未核]。本件未解析出分部分项清单条目（可能为封面、说明、汇总或非清单类文件），不含可落库的工程量。归属项目：2024.12 中国联通茂名新建通信局房项目一期（中国联通茂名5G边缘计算中心（一期））初设深度。口径提醒：**招标阶段文件，非中标价与结算价；工程量为招标人给定的暂定量，结算按实际计量调整**。同项目控制价侧文件含相同工程量且附带金额，引用金额一律以控制价侧为准（见 batch_28/29）。,2026-08-16
docs/library/04_市场与研究/中文行业报告集/202L 数据中心新/2024.12 中国联通茂名新建通信局房项目一期（中国联通茂名5G边缘计算中心（一期））初设深度/造价类资料（全程免费，得来不易需要完成一些小任务）1/附件1-工程量清单/中国联通茂名新建通信局房项目一期（中国联通茂名5G边缘计算中心（一期））工程总承包（EPC）项目--1工程量清单/3A_2024_茂名联通5G边缘计算中心造价一封面及汇总表招_中国联通广东公司.xlsx,一、封面及汇总表（招）.xlsx,3,A,2024,中国联通广东公司,M10/M14,【敏感待判·业主商业信息】**茂名联通5G边缘计算中心**项目造价文件（工程量清单侧），工程名称「一、封面及汇总表（招）」。**本件是发给投标人填报的空白招标工程量清单：综合单价与合价列全部为空，因此不含任何金额**；但**工程量列是真实的**，逐条载明清单项编码、项目名称、项目特征描述、计量单位与工程量。本件未解析出分部分项清单条目（可能为封面、说明、汇总或非清单类文件），不含可落库的工程量。归属项目：2024.12 中国联通茂名新建通信局房项目一期（中国联通茂名5G边缘计算中心（一期））初设深度。口径提醒：**招标阶段文件，非中标价与结算价；工程量为招标人给定的暂定量，结算按实际计量调整**。同项目控制价侧文件含相同工程量且附带金额，引用金额一律以控制价侧为准（见 batch_28/29）。,2026-08-16
docs/library/04_市场与研究/中文行业报告集/202L 数据中心新/2024.2 国家工业信息安全发展研究中心•华南分中心星河东悦汇载体项目/造价类资料（全程免费，得来不易需要完成一些小任务）1/工程量清单EX/4A_2024_国家工信安全华南分中心造价国家工业信息安全发展研究中心_工程档案.xlsx,国家工业信息安全发展研究中心·华南分中心星河东悦汇载体项目-装饰部分.xlsx,4,A,2024,工程档案,M10/M14,【敏感待判·业主商业信息】**国家工信安全华南分中心**项目造价文件（工程量清单侧），工程名称「国家工业信息安全发展研究中心·华南分中心星河东悦汇载体项目-装饰部分」。**本件是发给投标人填报的空白招标工程量清单：综合单价与合价列全部为空，因此不含任何金额**；但**工程量列是真实的**，逐条载明清单项编码、项目名称、项目特征描述、计量单位与工程量。**工程量最大的若干清单项（原文）**：（清单编码 011406001004）403.25 m2；（清单编码 011103001006）200.75 m2；（清单编码 011601001001）131.03 m3；（清单编码 011502001005）91.65 m；（清单编码 011502001004）57.47 m；（清单编码 011609001001）53.22 m。这些工程量本身即材料强度数据，可与同项目建筑面积配合，推出每平米的混凝土方量、砌体方量、钢结构吨位等物耗指标（M10）。归属项目：2024.2 国家工业信息安全发展研究中心•华南分中心星河东悦汇载体项目。口径提醒：**招标阶段文件，非中标价与结算价；工程量为招标人给定的暂定量，结算按实际计量调整**。同项目控制价侧文件含相同工程量且附带金额，引用金额一律以控制价侧为准（见 batch_28/29）。,2026-08-16
docs/library/04_市场与研究/中文行业报告集/202L 数据中心新/2024.2 国家工业信息安全发展研究中心•华南分中心星河东悦汇载体项目/造价类资料（全程免费，得来不易需要完成一些小任务）1/工程量清单EX/3A_2024_国家工信安全华南分中心造价单项工程招标控制价汇总表_工程档案.xlsx,单项工程招标控制价汇总表.xlsx,3,A,2024,工程档案,M10/M14,【敏感待判·业主商业信息】**国家工信安全华南分中心**项目造价文件（控制价侧），工程名称「单项工程招标控制价汇总表」。本件汇总表未解析出总造价（可能为无金额的空表、说明性文件或非标准格式），金额一律标 [未核]。本件未解析出分部分项清单条目（可能为封面、说明、汇总或非清单类文件），不含可落库的工程量。归属项目：2024.2 国家工业信息安全发展研究中心•华南分中心星河东悦汇载体项目。口径提醒：**招标阶段文件，非中标价与结算价；工程量为招标人给定的暂定量，结算按实际计量调整**。同项目控制价侧文件含相同工程量且附带金额，引用金额一律以控制价侧为准（见 batch_28/29）。,2026-08-16
docs/library/04_市场与研究/中文行业报告集/202L 数据中心新/2024.3 重庆移动忠县分公司生产调度用房建设项目 机房楼/造价类资料（全程免费，得来不易需要完成一些小任务）1/3A_2024_忠县生产调度用房造价工程量清单_中国移动重庆公司.pdf,工程量清单.pdf,3,A,2024,中国移动重庆公司,M10/M14,【敏感待判·业主商业信息】**忠县生产调度用房**项目造价文件（工程量清单侧），工程名称「工程量清单」。**本件是发给投标人填报的空白招标工程量清单：综合单价与合价列全部为空，因此不含任何金额**；但**工程量列是真实的**，逐条载明清单项编码、项目名称、项目特征描述、计量单位与工程量。本件未解析出分部分项清单条目（可能为封面、说明、汇总或非清单类文件），不含可落库的工程量。归属项目：2024.3 重庆移动忠县分公司生产调度用房建设项目 机房楼。口径提醒：**招标阶段文件，非中标价与结算价；工程量为招标人给定的暂定量，结算按实际计量调整**。同项目控制价侧文件含相同工程量且附带金额，引用金额一律以控制价侧为准（见 batch_28/29）。,2026-08-16
docs/library/04_市场与研究/中文行业报告集/202L 数据中心新/2024.7 中国电信重庆公司科学城数据中心运维楼土建项目/造价类资料（全程免费，得来不易需要完成一些小任务）1/3A_2024_科学城运维楼造价工程量清单_中国电信重庆公司.pdf,工程量清单.pdf,3,A,2024,中国电信重庆公司,M10/M14,【敏感待判·业主商业信息】**科学城运维楼**项目造价文件（工程量清单侧），工程名称「工程量清单」。**本件是发给投标人填报的空白招标工程量清单：综合单价与合价列全部为空，因此不含任何金额**；但**工程量列是真实的**，逐条载明清单项编码、项目名称、项目特征描述、计量单位与工程量。本件未解析出分部分项清单条目（可能为封面、说明、汇总或非清单类文件），不含可落库的工程量。归属项目：2024.7 中国电信重庆公司科学城数据中心运维楼土建项目。口径提醒：**招标阶段文件，非中标价与结算价；工程量为招标人给定的暂定量，结算按实际计量调整**。同项目控制价侧文件含相同工程量且附带金额，引用金额一律以控制价侧为准（见 batch_28/29）。,2026-08-16
docs/library/04_市场与研究/中文行业报告集/202L 数据中心新/2024.8 中国电信云计算重庆基地项目（四期）土建/造价类资料（全程免费，得来不易需要完成一些小任务）1/3A_2024_电信重庆基地四期造价附件一技术规范书汇总0716_中国电信重庆公司.pdf,附件一技术规范书-汇总0716.pdf,3,A,2024,中国电信重庆公司,M10/M14,【敏感待判·业主商业信息】**电信重庆基地四期**项目造价文件（造价文件侧），工程名称「附件一技术规范书-汇总0716」。本件汇总表未解析出总造价（可能为无金额的空表、说明性文件或非标准格式），金额一律标 [未核]。本件未解析出分部分项清单条目（可能为封面、说明、汇总或非清单类文件），不含可落库的工程量。归属项目：2024.8 中国电信云计算重庆基地项目（四期）土建。口径提醒：**招标阶段文件，非中标价与结算价；工程量为招标人给定的暂定量，结算按实际计量调整**。同项目控制价侧文件含相同工程量且附带金额，引用金额一律以控制价侧为准（见 batch_28/29）。,2026-08-16
docs/library/04_市场与研究/中文行业报告集/202L 数据中心新/2024.8 中国电信云计算重庆基地项目（四期）土建/造价类资料（全程免费，得来不易需要完成一些小任务）1/3A_2024_电信重庆基地四期造价附件四主要设计技术要求1_中国电信重庆公司.pdf,附件四主要设计技术要求 (1).pdf,3,A,2024,中国电信重庆公司,M10/M14,【敏感待判·业主商业信息】**电信重庆基地四期**项目造价文件（造价文件侧），工程名称「附件四主要设计技术要求 (1)」。本件汇总表未解析出总造价（可能为无金额的空表、说明性文件或非标准格式），金额一律标 [未核]。本件未解析出分部分项清单条目（可能为封面、说明、汇总或非清单类文件），不含可落库的工程量。归属项目：2024.8 中国电信云计算重庆基地项目（四期）土建。口径提醒：**招标阶段文件，非中标价与结算价；工程量为招标人给定的暂定量，结算按实际计量调整**。同项目控制价侧文件含相同工程量且附带金额，引用金额一律以控制价侧为准（见 batch_28/29）。,2026-08-16
docs/library/04_市场与研究/中文行业报告集/202L 数据中心新/2024.8 中国电信云计算重庆基地项目（四期）土建/造价类资料（全程免费，得来不易需要完成一些小任务）1/3A_2024_电信重庆基地四期造价附件八最高限价及安全文明施工_中国电信重庆公司.pdf,附件八最高限价及安全文明施工费说明.pdf,3,A,2024,中国电信重庆公司,M10/M14,【敏感待判·业主商业信息】**电信重庆基地四期**项目造价文件（造价文件侧），工程名称「附件八最高限价及安全文明施工费说明」。本件汇总表未解析出总造价（可能为无金额的空表、说明性文件或非标准格式），金额一律标 [未核]。本件未解析出分部分项清单条目（可能为封面、说明、汇总或非清单类文件），不含可落库的工程量。归属项目：2024.8 中国电信云计算重庆基地项目（四期）土建。口径提醒：**招标阶段文件，非中标价与结算价；工程量为招标人给定的暂定量，结算按实际计量调整**。同项目控制价侧文件含相同工程量且附带金额，引用金额一律以控制价侧为准（见 batch_28/29）。,2026-08-16
docs/library/04_市场与研究/中文行业报告集/202L 数据中心新/2024.8 中国电信云计算重庆基地项目（四期）土建/造价类资料（全程免费，得来不易需要完成一些小任务）1/3A_2024_电信重庆基地四期造价工程量清单_中国电信重庆公司.pdf,工程量清单.pdf,3,A,2024,中国电信重庆公司,M10/M14,【敏感待判·业主商业信息】**电信重庆基地四期**项目造价文件（工程量清单侧），工程名称「工程量清单」。**本件是发给投标人填报的空白招标工程量清单：综合单价与合价列全部为空，因此不含任何金额**；但**工程量列是真实的**，逐条载明清单项编码、项目名称、项目特征描述、计量单位与工程量。本件未解析出分部分项清单条目（可能为封面、说明、汇总或非清单类文件），不含可落库的工程量。归属项目：2024.8 中国电信云计算重庆基地项目（四期）土建。口径提醒：**招标阶段文件，非中标价与结算价；工程量为招标人给定的暂定量，结算按实际计量调整**。同项目控制价侧文件含相同工程量且附带金额，引用金额一律以控制价侧为准（见 batch_28/29）。,2026-08-16
docs/library/04_市场与研究/中文行业报告集/202L 数据中心新/2025.3 全国一体化工业大数据山东云中心省会经济圈区域分中心项目1号楼、1a地下室、2-A号楼、2-B号/造价类资料（全程免费，得来不易需要完成一些小任务）1/全国一体化工业大数据山东云中心省会经济圈区域分中心项目1号楼、1a地下室、2-A号楼、2-B号楼总承包（续建）项目-清单/1a#地下室/安装工程/3A_2025_山东云中心省会经济圈分中心造价安装工程_工程档案.xlsx,安装工程.xlsx,3,A,2025,工程档案,M10/M14,【敏感待判·业主商业信息】**山东云中心省会经济圈分中心**项目造价文件（工程量清单侧），工程名称「安装工程」。**本件是发给投标人填报的空白招标工程量清单：综合单价与合价列全部为空，因此不含任何金额**；但**工程量列是真实的**，逐条载明清单项编码、项目名称、项目特征描述、计量单位与工程量。本件未解析出分部分项清单条目（可能为封面、说明、汇总或非清单类文件），不含可落库的工程量。归属项目：2025.3 全国一体化工业大数据山东云中心省会经济圈区域分中心项目1号楼、1a地下室、2-A号楼、2-B号。口径提醒：**招标阶段文件，非中标价与结算价；工程量为招标人给定的暂定量，结算按实际计量调整**。同项目控制价侧文件含相同工程量且附带金额，引用金额一律以控制价侧为准（见 batch_28/29）。,2026-08-16
docs/library/04_市场与研究/中文行业报告集/202L 数据中心新/2025.3 全国一体化工业大数据山东云中心省会经济圈区域分中心项目1号楼、1a地下室、2-A号楼、2-B号/造价类资料（全程免费，得来不易需要完成一些小任务）1/全国一体化工业大数据山东云中心省会经济圈区域分中心项目1号楼、1a地下室、2-A号楼、2-B号楼总承包（续建）项目-清单/1#楼/安装工程/3A_2025_山东云中心省会经济圈分中心造价安装工程_工程档案.xlsx,安装工程.xlsx,3,A,2025,工程档案,M10/M14,【敏感待判·业主商业信息】**山东云中心省会经济圈分中心**项目造价文件（工程量清单侧），工程名称「安装工程」。**本件是发给投标人填报的空白招标工程量清单：综合单价与合价列全部为空，因此不含任何金额**；但**工程量列是真实的**，逐条载明清单项编码、项目名称、项目特征描述、计量单位与工程量。本件未解析出分部分项清单条目（可能为封面、说明、汇总或非清单类文件），不含可落库的工程量。归属项目：2025.3 全国一体化工业大数据山东云中心省会经济圈区域分中心项目1号楼、1a地下室、2-A号楼、2-B号。口径提醒：**招标阶段文件，非中标价与结算价；工程量为招标人给定的暂定量，结算按实际计量调整**。同项目控制价侧文件含相同工程量且附带金额，引用金额一律以控制价侧为准（见 batch_28/29）。,2026-08-16
docs/library/04_市场与研究/中文行业报告集/202L 数据中心新/2025.3 全国一体化工业大数据山东云中心省会经济圈区域分中心项目1号楼、1a地下室、2-A号楼、2-B号/造价类资料（全程免费，得来不易需要完成一些小任务）1/全国一体化工业大数据山东云中心省会经济圈区域分中心项目1号楼、1a地下室、2-A号楼、2-B号楼总承包（续建）项目-清单/1#楼/装饰工程/3A_2025_山东云中心省会经济圈分中心造价装饰工程_工程档案.xlsx,装饰工程.xlsx,3,A,2025,工程档案,M10/M14,【敏感待判·业主商业信息】**山东云中心省会经济圈分中心**项目造价文件（工程量清单侧），工程名称「装饰工程」。**本件是发给投标人填报的空白招标工程量清单：综合单价与合价列全部为空，因此不含任何金额**；但**工程量列是真实的**，逐条载明清单项编码、项目名称、项目特征描述、计量单位与工程量。本件未解析出分部分项清单条目（可能为封面、说明、汇总或非清单类文件），不含可落库的工程量。归属项目：2025.3 全国一体化工业大数据山东云中心省会经济圈区域分中心项目1号楼、1a地下室、2-A号楼、2-B号。口径提醒：**招标阶段文件，非中标价与结算价；工程量为招标人给定的暂定量，结算按实际计量调整**。同项目控制价侧文件含相同工程量且附带金额，引用金额一律以控制价侧为准（见 batch_28/29）。,2026-08-16
docs/library/04_市场与研究/中文行业报告集/202L 数据中心新/2025.3 全国一体化工业大数据山东云中心省会经济圈区域分中心项目1号楼、1a地下室、2-A号楼、2-B号/造价类资料（全程免费，得来不易需要完成一些小任务）1/全国一体化工业大数据山东云中心省会经济圈区域分中心项目1号楼、1a地下室、2-A号楼、2-B号楼总承包（续建）项目-清单/2-B#/安装工程/3A_2025_山东云中心省会经济圈分中心造价安装工程_工程档案.xlsx,安装工程.xlsx,3,A,2025,工程档案,M10/M14,【敏感待判·业主商业信息】**山东云中心省会经济圈分中心**项目造价文件（工程量清单侧），工程名称「安装工程」。**本件是发给投标人填报的空白招标工程量清单：综合单价与合价列全部为空，因此不含任何金额**；但**工程量列是真实的**，逐条载明清单项编码、项目名称、项目特征描述、计量单位与工程量。本件未解析出分部分项清单条目（可能为封面、说明、汇总或非清单类文件），不含可落库的工程量。归属项目：2025.3 全国一体化工业大数据山东云中心省会经济圈区域分中心项目1号楼、1a地下室、2-A号楼、2-B号。口径提醒：**招标阶段文件，非中标价与结算价；工程量为招标人给定的暂定量，结算按实际计量调整**。同项目控制价侧文件含相同工程量且附带金额，引用金额一律以控制价侧为准（见 batch_28/29）。,2026-08-16
docs/library/04_市场与研究/中文行业报告集/202L 数据中心新/2025.3 全国一体化工业大数据山东云中心省会经济圈区域分中心项目1号楼、1a地下室、2-A号楼、2-B号/造价类资料（全程免费，得来不易需要完成一些小任务）1/全国一体化工业大数据山东云中心省会经济圈区域分中心项目1号楼、1a地下室、2-A号楼、2-B号楼总承包（续建）项目-清单/2-B#/建筑工程/3A_2025_山东云中心省会经济圈分中心造价建筑工程_工程档案.xlsx,建筑工程.xlsx,3,A,2025,工程档案,M10/M14,【敏感待判·业主商业信息】**山东云中心省会经济圈分中心**项目造价文件（工程量清单侧），工程名称「建筑工程」。**本件是发给投标人填报的空白招标工程量清单：综合单价与合价列全部为空，因此不含任何金额**；但**工程量列是真实的**，逐条载明清单项编码、项目名称、项目特征描述、计量单位与工程量。本件未解析出分部分项清单条目（可能为封面、说明、汇总或非清单类文件），不含可落库的工程量。归属项目：2025.3 全国一体化工业大数据山东云中心省会经济圈区域分中心项目1号楼、1a地下室、2-A号楼、2-B号。口径提醒：**招标阶段文件，非中标价与结算价；工程量为招标人给定的暂定量，结算按实际计量调整**。同项目控制价侧文件含相同工程量且附带金额，引用金额一律以控制价侧为准（见 batch_28/29）。,2026-08-16
docs/library/04_市场与研究/中文行业报告集/202L 数据中心新/2025.3 全国一体化工业大数据山东云中心省会经济圈区域分中心项目1号楼、1a地下室、2-A号楼、2-B号/造价类资料（全程免费，得来不易需要完成一些小任务）1/全国一体化工业大数据山东云中心省会经济圈区域分中心项目1号楼、1a地下室、2-A号楼、2-B号楼总承包（续建）项目-清单/2-B#/装饰工程/3A_2025_山东云中心省会经济圈分中心造价装饰工程_工程档案.xlsx,装饰工程.xlsx,3,A,2025,工程档案,M10/M14,【敏感待判·业主商业信息】**山东云中心省会经济圈分中心**项目造价文件（工程量清单侧），工程名称「装饰工程」。**本件是发给投标人填报的空白招标工程量清单：综合单价与合价列全部为空，因此不含任何金额**；但**工程量列是真实的**，逐条载明清单项编码、项目名称、项目特征描述、计量单位与工程量。本件未解析出分部分项清单条目（可能为封面、说明、汇总或非清单类文件），不含可落库的工程量。归属项目：2025.3 全国一体化工业大数据山东云中心省会经济圈区域分中心项目1号楼、1a地下室、2-A号楼、2-B号。口径提醒：**招标阶段文件，非中标价与结算价；工程量为招标人给定的暂定量，结算按实际计量调整**。同项目控制价侧文件含相同工程量且附带金额，引用金额一律以控制价侧为准（见 batch_28/29）。,2026-08-16
docs/library/04_市场与研究/中文行业报告集/202L 数据中心新/2025.3 全国一体化工业大数据山东云中心省会经济圈区域分中心项目1号楼、1a地下室、2-A号楼、2-B号/造价类资料（全程免费，得来不易需要完成一些小任务）1/全国一体化工业大数据山东云中心省会经济圈区域分中心项目1号楼、1a地下室、2-A号楼、2-B号楼总承包（续建）项目-清单/2-A#/安装工程/3A_2025_山东云中心省会经济圈分中心造价安装工程_工程档案.xlsx,安装工程.xlsx,3,A,2025,工程档案,M10/M14,【敏感待判·业主商业信息】**山东云中心省会经济圈分中心**项目造价文件（工程量清单侧），工程名称「安装工程」。**本件是发给投标人填报的空白招标工程量清单：综合单价与合价列全部为空，因此不含任何金额**；但**工程量列是真实的**，逐条载明清单项编码、项目名称、项目特征描述、计量单位与工程量。本件未解析出分部分项清单条目（可能为封面、说明、汇总或非清单类文件），不含可落库的工程量。归属项目：2025.3 全国一体化工业大数据山东云中心省会经济圈区域分中心项目1号楼、1a地下室、2-A号楼、2-B号。口径提醒：**招标阶段文件，非中标价与结算价；工程量为招标人给定的暂定量，结算按实际计量调整**。同项目控制价侧文件含相同工程量且附带金额，引用金额一律以控制价侧为准（见 batch_28/29）。,2026-08-16
docs/library/04_市场与研究/中文行业报告集/202L 数据中心新/2025.3 全国一体化工业大数据山东云中心省会经济圈区域分中心项目1号楼、1a地下室、2-A号楼、2-B号/造价类资料（全程免费，得来不易需要完成一些小任务）1/全国一体化工业大数据山东云中心省会经济圈区域分中心项目1号楼、1a地下室、2-A号楼、2-B号楼总承包（续建）项目-清单/2-A#/建筑工程/3A_2025_山东云中心省会经济圈分中心造价建筑工程_工程档案.xlsx,建筑工程.xlsx,3,A,2025,工程档案,M10/M14,【敏感待判·业主商业信息】**山东云中心省会经济圈分中心**项目造价文件（工程量清单侧），工程名称「建筑工程」。**本件是发给投标人填报的空白招标工程量清单：综合单价与合价列全部为空，因此不含任何金额**；但**工程量列是真实的**，逐条载明清单项编码、项目名称、项目特征描述、计量单位与工程量。本件未解析出分部分项清单条目（可能为封面、说明、汇总或非清单类文件），不含可落库的工程量。归属项目：2025.3 全国一体化工业大数据山东云中心省会经济圈区域分中心项目1号楼、1a地下室、2-A号楼、2-B号。口径提醒：**招标阶段文件，非中标价与结算价；工程量为招标人给定的暂定量，结算按实际计量调整**。同项目控制价侧文件含相同工程量且附带金额，引用金额一律以控制价侧为准（见 batch_28/29）。,2026-08-16
docs/library/04_市场与研究/中文行业报告集/202L 数据中心新/2025.3 全国一体化工业大数据山东云中心省会经济圈区域分中心项目1号楼、1a地下室、2-A号楼、2-B号/造价类资料（全程免费，得来不易需要完成一些小任务）1/全国一体化工业大数据山东云中心省会经济圈区域分中心项目1号楼、1a地下室、2-A号楼、2-B号楼总承包（续建）项目-清单/2-A#/装饰工程/3A_2025_山东云中心省会经济圈分中心造价装饰工程_工程档案.xlsx,装饰工程.xlsx,3,A,2025,工程档案,M10/M14,【敏感待判·业主商业信息】**山东云中心省会经济圈分中心**项目造价文件（工程量清单侧），工程名称「装饰工程」。**本件是发给投标人填报的空白招标工程量清单：综合单价与合价列全部为空，因此不含任何金额**；但**工程量列是真实的**，逐条载明清单项编码、项目名称、项目特征描述、计量单位与工程量。本件未解析出分部分项清单条目（可能为封面、说明、汇总或非清单类文件），不含可落库的工程量。归属项目：2025.3 全国一体化工业大数据山东云中心省会经济圈区域分中心项目1号楼、1a地下室、2-A号楼、2-B号。口径提醒：**招标阶段文件，非中标价与结算价；工程量为招标人给定的暂定量，结算按实际计量调整**。同项目控制价侧文件含相同工程量且附带金额，引用金额一律以控制价侧为准（见 batch_28/29）。,2026-08-16
docs/library/04_市场与研究/中文行业报告集/202L 数据中心新/2025.3 全国一体化工业大数据山东云中心省会经济圈区域分中心项目1号楼、1a地下室、2-A号楼、2-B号/造价类资料（全程免费，得来不易需要完成一些小任务）1/全国一体化工业大数据山东云中心省会经济圈区域分中心项目1号楼、1a地下室、2-A号楼、2-B号楼总承包（续建）项目-清单/2-A#/零星工程/3A_2025_山东云中心省会经济圈分中心造价零星工程_工程档案.xlsx,零星工程.xlsx,3,A,2025,工程档案,M10/M14,【敏感待判·业主商业信息】**山东云中心省会经济圈分中心**项目造价文件（工程量清单侧），工程名称「零星工程」。**本件是发给投标人填报的空白招标工程量清单：综合单价与合价列全部为空，因此不含任何金额**；但**工程量列是真实的**，逐条载明清单项编码、项目名称、项目特征描述、计量单位与工程量。本件未解析出分部分项清单条目（可能为封面、说明、汇总或非清单类文件），不含可落库的工程量。归属项目：2025.3 全国一体化工业大数据山东云中心省会经济圈区域分中心项目1号楼、1a地下室、2-A号楼、2-B号。口径提醒：**招标阶段文件，非中标价与结算价；工程量为招标人给定的暂定量，结算按实际计量调整**。同项目控制价侧文件含相同工程量且附带金额，引用金额一律以控制价侧为准（见 batch_28/29）。,2026-08-16
docs/library/04_市场与研究/中文行业报告集/202L 数据中心新/2025.3 全国一体化工业大数据山东云中心省会经济圈区域分中心项目1号楼、1a地下室、2-A号楼、2-B号/造价类资料（全程免费，得来不易需要完成一些小任务）1/全国一体化工业大数据山东云中心省会经济圈区域分中心项目1号楼、1a地下室、2-A号楼、2-B号楼总承包（续建）项目-清单/蓄冷罐基础/建筑工程/3A_2025_山东云中心省会经济圈分中心造价建筑工程_工程档案.xlsx,建筑工程.xlsx,3,A,2025,工程档案,M10/M14,【敏感待判·业主商业信息】**山东云中心省会经济圈分中心**项目造价文件（工程量清单侧），工程名称「建筑工程」。**本件是发给投标人填报的空白招标工程量清单：综合单价与合价列全部为空，因此不含任何金额**；但**工程量列是真实的**，逐条载明清单项编码、项目名称、项目特征描述、计量单位与工程量。本件未解析出分部分项清单条目（可能为封面、说明、汇总或非清单类文件），不含可落库的工程量。归属项目：2025.3 全国一体化工业大数据山东云中心省会经济圈区域分中心项目1号楼、1a地下室、2-A号楼、2-B号。口径提醒：**招标阶段文件，非中标价与结算价；工程量为招标人给定的暂定量，结算按实际计量调整**。同项目控制价侧文件含相同工程量且附带金额，引用金额一律以控制价侧为准（见 batch_28/29）。,2026-08-16
docs/library/04_市场与研究/中文行业报告集/202L 数据中心新/2025.4 南安市供电公司备用调度指挥数据中心DF/造价类资料（全程免费，得来不易需要完成一些小任务）1/发网南安市供电公司备用调度指挥数据中心预算（发布1）/4A_2025_南安供电备用调度数据中心造价南安市供电公司备用调度指挥数_国网福建南安.xlsx,1、【清单】南安市供电公司备用调度指挥数据中心.xlsx,4,A,2025,国网福建南安,M10/M14,"【敏感待判·业主商业信息】**南安供电备用调度数据中心**项目造价文件（工程量清单侧），工程名称「南安市供电公司备用调度指挥数据中心」。**本件是发给投标人填报的空白招标工程量清单：综合单价与合价列全部为空，因此不含任何金额**；但**工程量列是真实的**，逐条载明清单项编码、项目名称、项目特征描述、计量单位与工程量。**工程量最大的若干清单项（原文）**：平面砂浆找平层（清单编码 011101006076）3,603.09 m2；细石混凝土楼地面（清单编码 011101003014）3,105.53 m2；平面砂浆找平层（清单编码 011101006027）3,105.53 m2；抹灰面油漆涂料（清单编码 011406001036）2,914.19 m2；电渣压力焊接（清单编码 010516006008）2,387.00 个；细石混凝土楼地面（清单编码 011101003019）1,789.94 m2。这些工程量本身即材料强度数据，可与同项目建筑面积配合，推出每平米的混凝土方量、砌体方量、钢结构吨位等物耗指标（M10）。归属项目：2025.4 南安市供电公司备用调度指挥数据中心DF。口径提醒：**招标阶段文件，非中标价与结算价；工程量为招标人给定的暂定量，结算按实际计量调整**。同项目控制价侧文件含相同工程量且附带金额，引用金额一律以控制价侧为准（见 batch_28/29）。",2026-08-16
docs/library/04_市场与研究/中文行业报告集/202L 数据中心新/2025.4 南安市供电公司备用调度指挥数据中心DF/造价类资料（全程免费，得来不易需要完成一些小任务）1/发网南安市供电公司备用调度指挥数据中心预算（发布1）/3A_2025_南安供电备用调度数据中心造价3主要材料和设备项目与价格表_国网福建南安.xlsx,3、主要材料和设备项目与价格表.xlsx,3,A,2025,国网福建南安,M10/M14,【敏感待判·业主商业信息】**南安供电备用调度数据中心**项目造价文件（造价文件侧），工程名称「3、主要材料和设备项目与价格表」。本件汇总表未解析出总造价（可能为无金额的空表、说明性文件或非标准格式），金额一律标 [未核]。本件未解析出分部分项清单条目（可能为封面、说明、汇总或非清单类文件），不含可落库的工程量。归属项目：2025.4 南安市供电公司备用调度指挥数据中心DF。口径提醒：**招标阶段文件，非中标价与结算价；工程量为招标人给定的暂定量，结算按实际计量调整**。同项目控制价侧文件含相同工程量且附带金额，引用金额一律以控制价侧为准（见 batch_28/29）。,2026-08-16
docs/library/04_市场与研究/中文行业报告集/202L 数据中心新/2025.4 南安市供电公司备用调度指挥数据中心DF/造价类资料（全程免费，得来不易需要完成一些小任务）1/发网南安市供电公司备用调度指挥数据中心预算（发布1）/3A_2025_南安供电备用调度数据中心造价建筑工程招标控制价编制说明南_国网福建南安.doc,【建筑工程招标控制价编制说明】南安市供电公司备用调度指挥数据中心.doc,3,A,2025,国网福建南安,M10/M14,【敏感待判·业主商业信息】**南安供电备用调度数据中心**项目造价文件（控制价侧），工程名称「【建筑工程招标控制价编制说明】南安市供电公司备用调度指挥数据中心」。本件汇总表未解析出总造价（可能为无金额的空表、说明性文件或非标准格式），金额一律标 [未核]。本件未解析出分部分项清单条目（可能为封面、说明、汇总或非清单类文件），不含可落库的工程量。归属项目：2025.4 南安市供电公司备用调度指挥数据中心DF。口径提醒：**招标阶段文件，非中标价与结算价；工程量为招标人给定的暂定量，结算按实际计量调整**。同项目控制价侧文件含相同工程量且附带金额，引用金额一律以控制价侧为准（见 batch_28/29）。,2026-08-16
docs/library/04_市场与研究/中文行业报告集/202L 数据中心新/2025.4 南安市供电公司备用调度指挥数据中心DF/造价类资料（全程免费，得来不易需要完成一些小任务）1/发网南安市供电公司备用调度指挥数据中心预算（发布1）/4A_2025_南安供电备用调度数据中心造价南安市供电公司备用调度指挥数_国网福建南安_02.xlsx,2、【控制价】南安市供电公司备用调度指挥数据中心.xlsx,4,A,2025,国网福建南安,M10/M14,"【敏感待判·业主商业信息】**南安供电备用调度数据中心**项目造价文件（控制价侧），工程名称「南安市供电公司备用调度指挥数据中心」。本件汇总表未解析出总造价（可能为无金额的空表、说明性文件或非标准格式），金额一律标 [未核]。**工程量最大的若干清单项（原文）**：平面砂浆找平层（清单编码 011101006076）3,603.09 m2；细石混凝土楼地面（清单编码 011101003014）3,105.53 m2；平面砂浆找平层（清单编码 011101006027）3,105.53 m2；抹灰面油漆涂料（清单编码 011406001036）2,914.19 m2；电渣压力焊接（清单编码 010516006008）2,387.00 个；细石混凝土楼地面（清单编码 011101003019）1,789.94 m2。这些工程量本身即材料强度数据，可与同项目建筑面积配合，推出每平米的混凝土方量、砌体方量、钢结构吨位等物耗指标（M10）。归属项目：2025.4 南安市供电公司备用调度指挥数据中心DF。同目录内存在多份同主题文件（原文件名不同、内容各自独立），重命名时按序号区分，序号无含义。口径提醒：**招标阶段文件，非中标价与结算价；工程量为招标人给定的暂定量，结算按实际计量调整**。同项目控制价侧文件含相同工程量且附带金额，引用金额一律以控制价侧为准（见 batch_28/29）。",2026-08-16
docs/library/04_市场与研究/中文行业报告集/202L 数据中心新/2025.7 成都华微高端集成电路研发及产业基地数据机房项目/造价类资料（全程免费，得来不易需要完成一些小任务）1/3A_2025_成都华微数据机房造价清单_工程档案.pdf,清单.pdf,3,A,2025,工程档案,M10/M14,【敏感待判·业主商业信息】**成都华微数据机房**项目造价文件（工程量清单侧），工程名称「清单」。**本件是发给投标人填报的空白招标工程量清单：综合单价与合价列全部为空，因此不含任何金额**；但**工程量列是真实的**，逐条载明清单项编码、项目名称、项目特征描述、计量单位与工程量。本件未解析出分部分项清单条目（可能为封面、说明、汇总或非清单类文件），不含可落库的工程量。归属项目：2025.7 成都华微高端集成电路研发及产业基地数据机房项目。口径提醒：**招标阶段文件，非中标价与结算价；工程量为招标人给定的暂定量，结算按实际计量调整**。同项目控制价侧文件含相同工程量且附带金额，引用金额一律以控制价侧为准（见 batch_28/29）。,2026-08-16
