new_path,old_name,importance,confidence,year,org,module,summary,scored
docs/library/04_市场与研究/AI与算力/Z4 人工智能/赠送服务,赠送服务,3,A,2022,工程档案,M05/M10,【目录级登记·图纸与素材普查，非逐份精读】本行覆盖目录 `04_市场与研究/AI与算力/Z4 人工智能/赠送服务` 及其 1 个子目录下的 **1 个图纸/素材文件**，不逐份打分。构成：位图.jpg 1 份。样例文件名：更新说明.jpg。归属项目／板块：04_市场与研究。**为什么不逐份精读也不改名**：这些是 CAD 图纸与三维/位图素材，文字位于矢量路径中、提取不出可用文本（本项目实测同类施工图 PDF 仅能提出 0～500 字符，且多为字形损坏的乱码）；且 dwg 之间存在外部参照（xref），**逐份改名会打断参照关系、破坏图纸可用性**，故按协议只做普查打标。**用法**：需要具体图面信息时，按本行给出的目录定位后用 CAD 打开，或对少量关键图走 render.py 出图后视觉读；目录名本身（专业/楼栋/图别）已具备检索价值，是这批素材的主要索引方式。,2026-08-16
docs/library/04_市场与研究/中文行业报告集/202L 数据中心新/2016.1 中国联通湖南长沙云计算中心一期IDC机房、动力中心、动力楼、通信枢纽楼建设工程,2016.1 中国联通湖南长沙云计算中心一期IDC机房、动力中心、动力楼、通信枢纽楼建设工程,3,A,2016,工程档案,M05/M10,【目录级登记·图纸与素材普查，非逐份精读】本行覆盖目录 `04_市场与研究/中文行业报告集/202L 数据中心新/2016.1 中国联通湖南长沙云计算中心一期IDC机房、动力中心、动力楼、通信枢纽楼建设工程` 及其 2 个子目录下的 **8 个图纸/素材文件**，不逐份打分。构成：AutoCAD 图纸.dwg 8 份。样例文件名：联通项目人防结构0721.dwg；0721wpjw1.dwg；基本模型配筋结果.dwg；防水板模型结果.dwg；0721wpj1.dwg。归属项目／板块：2016.1 中国联通湖南长沙云计算中心一期IDC机房、动力中心、动力楼、通信枢纽楼建设工程。**为什么不逐份精读也不改名**：这些是 CAD 图纸与三维/位图素材，文字位于矢量路径中、提取不出可用文本（本项目实测同类施工图 PDF 仅能提出 0～500 字符，且多为字形损坏的乱码）；且 dwg 之间存在外部参照（xref），**逐份改名会打断参照关系、破坏图纸可用性**，故按协议只做普查打标。**用法**：需要具体图面信息时，按本行给出的目录定位后用 CAD 打开，或对少量关键图走 render.py 出图后视觉读；目录名本身（专业/楼栋/图别）已具备检索价值，是这批素材的主要索引方式。,2026-08-16
docs/library/04_市场与研究/中文行业报告集/202L 数据中心新/2016.12 华为(永州)云计算数据中心设计项目,2016.12 华为(永州)云计算数据中心设计项目,3,A,2016,工程档案,M05/M10,【目录级登记·图纸与素材普查，非逐份精读】本行覆盖目录 `04_市场与研究/中文行业报告集/202L 数据中心新/2016.12 华为(永州)云计算数据中心设计项目` 及其 15 个子目录下的 **40 个图纸/素材文件**，不逐份打分。构成：AutoCAD 图纸.dwg 40 份。样例文件名：HUAWEIYZIDC-SITE-ZPM_t3.dwg；HUAWEIYZIDC-ST-1-Note.dwg；HUAWEIYZIDC-ST-1-FD-xr.dwg；HUAWEIYZIDC-ST-1-CO-xr.dwg；HUAWEIYZIDC-ST-1-FD-Beam-xr.dwg。归属项目／板块：2016.12 华为(永州)云计算数据中心设计项目。**为什么不逐份精读也不改名**：这些是 CAD 图纸与三维/位图素材，文字位于矢量路径中、提取不出可用文本（本项目实测同类施工图 PDF 仅能提出 0～500 字符，且多为字形损坏的乱码）；且 dwg 之间存在外部参照（xref），**逐份改名会打断参照关系、破坏图纸可用性**，故按协议只做普查打标。**用法**：需要具体图面信息时，按本行给出的目录定位后用 CAD 打开，或对少量关键图走 render.py 出图后视觉读；目录名本身（专业/楼栋/图别）已具备检索价值，是这批素材的主要索引方式。,2026-08-16
docs/library/04_市场与研究/中文行业报告集/202L 数据中心新/2018.11 长寿物联网应用示范基地机房工程,2018.11 长寿物联网应用示范基地机房工程,3,A,2018,工程档案,M05/M10,【目录级登记·图纸与素材普查，非逐份精读】本行覆盖目录 `04_市场与研究/中文行业报告集/202L 数据中心新/2018.11 长寿物联网应用示范基地机房工程` 及其 11 个子目录下的 **39 个图纸/素材文件**，不逐份打分。构成：AutoCAD 图纸.dwg 39 份。样例文件名：长寿物流园节能保温范围图.dwg；长寿物联网辅助用房车道雨棚结构图.dwg；长寿物联网油罐池结构图.dwg；长寿物联网机房结构图.dwg；长寿物联网辅助用房结构图.dwg。归属项目／板块：2018.11 长寿物联网应用示范基地机房工程。**为什么不逐份精读也不改名**：这些是 CAD 图纸与三维/位图素材，文字位于矢量路径中、提取不出可用文本（本项目实测同类施工图 PDF 仅能提出 0～500 字符，且多为字形损坏的乱码）；且 dwg 之间存在外部参照（xref），**逐份改名会打断参照关系、破坏图纸可用性**，故按协议只做普查打标。**用法**：需要具体图面信息时，按本行给出的目录定位后用 CAD 打开，或对少量关键图走 render.py 出图后视觉读；目录名本身（专业/楼栋/图别）已具备检索价值，是这批素材的主要索引方式。,2026-08-16
docs/library/04_市场与研究/中文行业报告集/202L 数据中心新/2018.7中国移动（河北廊坊）数据中心二期工程,2018.7中国移动（河北廊坊）数据中心二期工程,3,A,2018,工程档案,M05/M10,【目录级登记·图纸与素材普查，非逐份精读】本行覆盖目录 `04_市场与研究/中文行业报告集/202L 数据中心新/2018.7中国移动（河北廊坊）数据中心二期工程` 及其 7 个子目录下的 **35 个图纸/素材文件**，不逐份打分。构成：AutoCAD 图纸.dwg 35 份。样例文件名：移动数据中心二期工程5#、6#、7#楼桩.dwg；廊坊动力中心结构施工图（二期）2018-04.dwg；7#楼（4号数据中心机房)2018.7.dwg；6#楼（3#数据中心机房)2018.7.11设计说明、减震设计、型钢混凝土.dwg；6#楼（3号数据中心机房)2018.7.dwg。归属项目／板块：2018.7中国移动（河北廊坊）数据中心二期工程。**为什么不逐份精读也不改名**：这些是 CAD 图纸与三维/位图素材，文字位于矢量路径中、提取不出可用文本（本项目实测同类施工图 PDF 仅能提出 0～500 字符，且多为字形损坏的乱码）；且 dwg 之间存在外部参照（xref），**逐份改名会打断参照关系、破坏图纸可用性**，故按协议只做普查打标。**用法**：需要具体图面信息时，按本行给出的目录定位后用 CAD 打开，或对少量关键图走 render.py 出图后视觉读；目录名本身（专业/楼栋/图别）已具备检索价值，是这批素材的主要索引方式。,2026-08-16
docs/library/04_市场与研究/中文行业报告集/202L 数据中心新/2019.6 重庆有线水土综合枢纽基地建设项目,2019.6 重庆有线水土综合枢纽基地建设项目,3,A,2019,工程档案,M05/M10,【目录级登记·图纸与素材普查，非逐份精读】本行覆盖目录 `04_市场与研究/中文行业报告集/202L 数据中心新/2019.6 重庆有线水土综合枢纽基地建设项目` 及其 13 个子目录下的 **57 个图纸/素材文件**，不逐份打分。构成：AutoCAD 图纸.dwg 47 份、位图.jpg 10 份。样例文件名：节能专篇8.13.dwg；结构施工图20190912.dwg；暖施外审修改8.22发甲方.dwg；03 柱状图.dwg；00 图例.dwg。归属项目／板块：2019.6 重庆有线水土综合枢纽基地建设项目。**为什么不逐份精读也不改名**：这些是 CAD 图纸与三维/位图素材，文字位于矢量路径中、提取不出可用文本（本项目实测同类施工图 PDF 仅能提出 0～500 字符，且多为字形损坏的乱码）；且 dwg 之间存在外部参照（xref），**逐份改名会打断参照关系、破坏图纸可用性**，故按协议只做普查打标。**用法**：需要具体图面信息时，按本行给出的目录定位后用 CAD 打开，或对少量关键图走 render.py 出图后视觉读；目录名本身（专业/楼栋/图别）已具备检索价值，是这批素材的主要索引方式。,2026-08-16
docs/library/04_市场与研究/中文行业报告集/202L 数据中心新/2019.7 中国移动南方基地二期工程二阶段项目,2019.7 中国移动南方基地二期工程二阶段项目,3,A,2019,工程档案,M05/M10,【目录级登记·图纸与素材普查，非逐份精读】本行覆盖目录 `04_市场与研究/中文行业报告集/202L 数据中心新/2019.7 中国移动南方基地二期工程二阶段项目` 及其 103 个子目录下的 **497 个图纸/素材文件**，不逐份打分。构成：AutoCAD 图纸.dwg 475 份、位图.jpg 17 份、位图.png 5 份。样例文件名：20.1栋家具参照.dwg；20.2栋建筑底图.dwg；20.4栋建筑底图.dwg；20.2栋家具参照.dwg；20.1栋建筑底图.dwg。归属项目／板块：2019.7 中国移动南方基地二期工程二阶段项目。**为什么不逐份精读也不改名**：这些是 CAD 图纸与三维/位图素材，文字位于矢量路径中、提取不出可用文本（本项目实测同类施工图 PDF 仅能提出 0～500 字符，且多为字形损坏的乱码）；且 dwg 之间存在外部参照（xref），**逐份改名会打断参照关系、破坏图纸可用性**，故按协议只做普查打标。**用法**：需要具体图面信息时，按本行给出的目录定位后用 CAD 打开，或对少量关键图走 render.py 出图后视觉读；目录名本身（专业/楼栋/图别）已具备检索价值，是这批素材的主要索引方式。,2026-08-16
docs/library/04_市场与研究/中文行业报告集/202L 数据中心新/2019.7中国电信云计算重庆基地二期工程,2019.7中国电信云计算重庆基地二期工程,3,A,2019,工程档案,M05/M10,【目录级登记·图纸与素材普查，非逐份精读】本行覆盖目录 `04_市场与研究/中文行业报告集/202L 数据中心新/2019.7中国电信云计算重庆基地二期工程` 及其 22 个子目录下的 **78 个图纸/素材文件**，不逐份打分。构成：AutoCAD 图纸.dwg 67 份、位图.jpg 11 份。样例文件名：重庆二期节能专篇-F栋_t3_t3.dwg；保温范围及大样_t3_t3.dwg；F栋机房楼_t3.dwg；重庆二期节能专篇-E栋_t3_t3.dwg；保温范围及大样_t3_t3.dwg。归属项目／板块：2019.7中国电信云计算重庆基地二期工程。**为什么不逐份精读也不改名**：这些是 CAD 图纸与三维/位图素材，文字位于矢量路径中、提取不出可用文本（本项目实测同类施工图 PDF 仅能提出 0～500 字符，且多为字形损坏的乱码）；且 dwg 之间存在外部参照（xref），**逐份改名会打断参照关系、破坏图纸可用性**，故按协议只做普查打标。**用法**：需要具体图面信息时，按本行给出的目录定位后用 CAD 打开，或对少量关键图走 render.py 出图后视觉读；目录名本身（专业/楼栋/图别）已具备检索价值，是这批素材的主要索引方式。,2026-08-16
docs/library/04_市场与研究/中文行业报告集/202L 数据中心新/2019.8 中国移动广西公司来宾综合业务接入机房工程,2019.8 中国移动广西公司来宾综合业务接入机房工程,3,A,2019,工程档案,M05/M10,【目录级登记·图纸与素材普查，非逐份精读】本行覆盖目录 `04_市场与研究/中文行业报告集/202L 数据中心新/2019.8 中国移动广西公司来宾综合业务接入机房工程` 及其 15 个子目录下的 **122 个图纸/素材文件**，不逐份打分。构成：AutoCAD 图纸.dwg 102 份、位图.bmp 20 份。样例文件名：191012来宾综合业务接入机房_暖施.dwg；基础初设.dwg；基础初设_recover.dwg；新建文件.dwg；新建文件1.dwg。归属项目／板块：2019.8 中国移动广西公司来宾综合业务接入机房工程。**为什么不逐份精读也不改名**：这些是 CAD 图纸与三维/位图素材，文字位于矢量路径中、提取不出可用文本（本项目实测同类施工图 PDF 仅能提出 0～500 字符，且多为字形损坏的乱码）；且 dwg 之间存在外部参照（xref），**逐份改名会打断参照关系、破坏图纸可用性**，故按协议只做普查打标。**用法**：需要具体图面信息时，按本行给出的目录定位后用 CAD 打开，或对少量关键图走 render.py 出图后视觉读；目录名本身（专业/楼栋/图别）已具备检索价值，是这批素材的主要索引方式。,2026-08-16
docs/library/04_市场与研究/中文行业报告集/202L 数据中心新/2020.3 中国电信浙江公司金华林田数据中心项目,2020.3 中国电信浙江公司金华林田数据中心项目,3,A,2020,工程档案,M05/M10,【目录级登记·图纸与素材普查，非逐份精读】本行覆盖目录 `04_市场与研究/中文行业报告集/202L 数据中心新/2020.3 中国电信浙江公司金华林田数据中心项目` 及其 4 个子目录下的 **22 个图纸/素材文件**，不逐份打分。构成：AutoCAD 图纸.dwg 22 份。样例文件名：林田数据中心--总水施.dwg；总平面图--给排水_t3.dwg；金华电信林田弱电施工图-总图_t3.dwg；金华电信四期电施0313.dwg；金华电信四期消防报警20200310.dwg。归属项目／板块：2020.3 中国电信浙江公司金华林田数据中心项目。**为什么不逐份精读也不改名**：这些是 CAD 图纸与三维/位图素材，文字位于矢量路径中、提取不出可用文本（本项目实测同类施工图 PDF 仅能提出 0～500 字符，且多为字形损坏的乱码）；且 dwg 之间存在外部参照（xref），**逐份改名会打断参照关系、破坏图纸可用性**，故按协议只做普查打标。**用法**：需要具体图面信息时，按本行给出的目录定位后用 CAD 打开，或对少量关键图走 render.py 出图后视觉读；目录名本身（专业/楼栋/图别）已具备检索价值，是这批素材的主要索引方式。,2026-08-16
docs/library/04_市场与研究/中文行业报告集/202L 数据中心新/2020.4 大数据应用工厂项目,2020.4 大数据应用工厂项目,3,A,2020,工程档案,M05/M10,【目录级登记·图纸与素材普查，非逐份精读】本行覆盖目录 `04_市场与研究/中文行业报告集/202L 数据中心新/2020.4 大数据应用工厂项目` 及其 6 个子目录下的 **7 个图纸/素材文件**，不逐份打分。构成：AutoCAD 图纸.dwg 7 份。样例文件名：大数据总图2020.04.07(已核面）.dwg；云龙大数据产业园结构修改版_t3.dwg；云龙大数据产业园B栋暖施2020.4.3(1).dwg；给排水-云龙大数据产业园B栋-.dwg；大数据室外消防给水总图20200411.dwg。归属项目／板块：2020.4 大数据应用工厂项目。**为什么不逐份精读也不改名**：这些是 CAD 图纸与三维/位图素材，文字位于矢量路径中、提取不出可用文本（本项目实测同类施工图 PDF 仅能提出 0～500 字符，且多为字形损坏的乱码）；且 dwg 之间存在外部参照（xref），**逐份改名会打断参照关系、破坏图纸可用性**，故按协议只做普查打标。**用法**：需要具体图面信息时，按本行给出的目录定位后用 CAD 打开，或对少量关键图走 render.py 出图后视觉读；目录名本身（专业/楼栋/图别）已具备检索价值，是这批素材的主要索引方式。,2026-08-16
docs/library/04_市场与研究/中文行业报告集/202L 数据中心新/2020.5 大数据安全产业示范基地及国家大数据安全靶场（数据区）,2020.5 大数据安全产业示范基地及国家大数据安全靶场（数据区）,3,A,2020,工程档案,M05/M10,【目录级登记·图纸与素材普查，非逐份精读】本行覆盖目录 `04_市场与研究/中文行业报告集/202L 数据中心新/2020.5 大数据安全产业示范基地及国家大数据安全靶场（数据区）` 及其 156 个子目录下的 **1278 个图纸/素材文件**，不逐份打分。构成：AutoCAD 图纸.dwg 1278 份。样例文件名：5#楼-JG[2020-08-03].dwg；WPJ9.DWG；WPJ8.DWG；WPJ3.DWG；WPJ2.DWG。归属项目／板块：2020.5 大数据安全产业示范基地及国家大数据安全靶场（数据区）。**为什么不逐份精读也不改名**：这些是 CAD 图纸与三维/位图素材，文字位于矢量路径中、提取不出可用文本（本项目实测同类施工图 PDF 仅能提出 0～500 字符，且多为字形损坏的乱码）；且 dwg 之间存在外部参照（xref），**逐份改名会打断参照关系、破坏图纸可用性**，故按协议只做普查打标。**用法**：需要具体图面信息时，按本行给出的目录定位后用 CAD 打开，或对少量关键图走 render.py 出图后视觉读；目录名本身（专业/楼栋/图别）已具备检索价值，是这批素材的主要索引方式。,2026-08-16
docs/library/04_市场与研究/中文行业报告集/202L 数据中心新/2020.7 福建广电网络莆田NGB业务中心（机房）,2020.7 福建广电网络莆田NGB业务中心（机房）,3,A,2020,工程档案,M05/M10,【目录级登记·图纸与素材普查，非逐份精读】本行覆盖目录 `04_市场与研究/中文行业报告集/202L 数据中心新/2020.7 福建广电网络莆田NGB业务中心（机房）` 及其 4 个子目录下的 **10 个图纸/素材文件**，不逐份打分。构成：AutoCAD 图纸.dwg 10 份。样例文件名：莆田广电机房（结施）20210113.dwg；1.31施工图-广电基坑.dwg；1.31总平图-广电基坑.dwg；广电总平面水施工图(1)_t3.dwg；广电电气总平面施工图20210308_t3.dwg。归属项目／板块：2020.7 福建广电网络莆田NGB业务中心（机房）。**为什么不逐份精读也不改名**：这些是 CAD 图纸与三维/位图素材，文字位于矢量路径中、提取不出可用文本（本项目实测同类施工图 PDF 仅能提出 0～500 字符，且多为字形损坏的乱码）；且 dwg 之间存在外部参照（xref），**逐份改名会打断参照关系、破坏图纸可用性**，故按协议只做普查打标。**用法**：需要具体图面信息时，按本行给出的目录定位后用 CAD 打开，或对少量关键图走 render.py 出图后视觉读；目录名本身（专业/楼栋/图别）已具备检索价值，是这批素材的主要索引方式。,2026-08-16
docs/library/04_市场与研究/中文行业报告集/202L 数据中心新/2021.1 六安电信信息化中心和六安电信云计算数据中心项目,2021.1 六安电信信息化中心和六安电信云计算数据中心项目,3,A,2021,工程档案,M05/M10,【目录级登记·图纸与素材普查，非逐份精读】本行覆盖目录 `04_市场与研究/中文行业报告集/202L 数据中心新/2021.1 六安电信信息化中心和六安电信云计算数据中心项目` 及其 11 个子目录下的 **90 个图纸/素材文件**，不逐份打分。构成：AutoCAD 图纸.dwg 63 份、位图.jpg 17 份、位图.png 10 份。样例文件名：DS-01_t3室外景观电气.dwg；六安电信信息化中心-水施.dwg；六安电信信息化中心-建筑.dwg；六安电信信息化中心-暖通.dwg；六安电信信息化中心-结构.dwg。归属项目／板块：2021.1 六安电信信息化中心和六安电信云计算数据中心项目。**为什么不逐份精读也不改名**：这些是 CAD 图纸与三维/位图素材，文字位于矢量路径中、提取不出可用文本（本项目实测同类施工图 PDF 仅能提出 0～500 字符，且多为字形损坏的乱码）；且 dwg 之间存在外部参照（xref），**逐份改名会打断参照关系、破坏图纸可用性**，故按协议只做普查打标。**用法**：需要具体图面信息时，按本行给出的目录定位后用 CAD 打开，或对少量关键图走 render.py 出图后视觉读；目录名本身（专业/楼栋/图别）已具备检索价值，是这批素材的主要索引方式。,2026-08-16
docs/library/04_市场与研究/中文行业报告集/202L 数据中心新/2022.11 中国移动（重庆）江南数据中心建设项目（一期）,2022.11 中国移动（重庆）江南数据中心建设项目（一期）,3,A,2022,工程档案,M05/M10,【目录级登记·图纸与素材普查，非逐份精读】本行覆盖目录 `04_市场与研究/中文行业报告集/202L 数据中心新/2022.11 中国移动（重庆）江南数据中心建设项目（一期）` 及其 65 个子目录下的 **198 个图纸/素材文件**，不逐份打分。构成：AutoCAD 图纸.dwg 178 份、位图.jpg 17 份、位图.png 3 份。样例文件名：图纸目录-1---20221229.png；图纸目录-2---20221229.png；1、1108-3#楼-精装平面图_t3_t20V5.dwg；3、1108-3#楼-参观走廊立面_t3_t20V5.dwg；4、1108-3#楼-门厅立面图_t3_t20V5.dwg。归属项目／板块：2022.11 中国移动（重庆）江南数据中心建设项目（一期）。**为什么不逐份精读也不改名**：这些是 CAD 图纸与三维/位图素材，文字位于矢量路径中、提取不出可用文本（本项目实测同类施工图 PDF 仅能提出 0～500 字符，且多为字形损坏的乱码）；且 dwg 之间存在外部参照（xref），**逐份改名会打断参照关系、破坏图纸可用性**，故按协议只做普查打标。**用法**：需要具体图面信息时，按本行给出的目录定位后用 CAD 打开，或对少量关键图走 render.py 出图后视觉读；目录名本身（专业/楼栋/图别）已具备检索价值，是这批素材的主要索引方式。,2026-08-16
docs/library/04_市场与研究/中文行业报告集/202L 数据中心新/2022.1中国移动粤港澳（广州）通信机楼二期工程,2022.1中国移动粤港澳（广州）通信机楼二期工程,3,A,2022,工程档案,M05/M10,【目录级登记·图纸与素材普查，非逐份精读】本行覆盖目录 `04_市场与研究/中文行业报告集/202L 数据中心新/2022.1中国移动粤港澳（广州）通信机楼二期工程` 及其 19 个子目录下的 **49 个图纸/素材文件**，不逐份打分。构成：AutoCAD 图纸.dwg 49 份。样例文件名：B1节能专篇_t3.dwg；B2节能专篇3_t3.dwg；广州移动二期大样图20211229_t3.dwg；B3节能专篇_t3.dwg；总平面图_t3.dwg。归属项目／板块：2022.1中国移动粤港澳（广州）通信机楼二期工程。**为什么不逐份精读也不改名**：这些是 CAD 图纸与三维/位图素材，文字位于矢量路径中、提取不出可用文本（本项目实测同类施工图 PDF 仅能提出 0～500 字符，且多为字形损坏的乱码）；且 dwg 之间存在外部参照（xref），**逐份改名会打断参照关系、破坏图纸可用性**，故按协议只做普查打标。**用法**：需要具体图面信息时，按本行给出的目录定位后用 CAD 打开，或对少量关键图走 render.py 出图后视觉读；目录名本身（专业/楼栋/图别）已具备检索价值，是这批素材的主要索引方式。,2026-08-16
docs/library/04_市场与研究/中文行业报告集/202L 数据中心新/2023.1广西桂北云计算产业园一期项目通信机楼土建工程,2023.1广西桂北云计算产业园一期项目通信机楼土建工程,3,A,2023,工程档案,M05/M10,【目录级登记·图纸与素材普查，非逐份精读】本行覆盖目录 `04_市场与研究/中文行业报告集/202L 数据中心新/2023.1广西桂北云计算产业园一期项目通信机楼土建工程` 及其 8 个子目录下的 **14 个图纸/素材文件**，不逐份打分。构成：AutoCAD 图纸.dwg 14 份。样例文件名：G-05~G-23广西桂北云计算产业园通信机楼结构图.dwg；G-01~02结构总说明.dwg；G-03梁平法大样.dwg；G-04旋挖钻孔灌注桩设计说明.dwg；G-24施工图设计安全风险提示.dwg。归属项目／板块：2023.1广西桂北云计算产业园一期项目通信机楼土建工程。**为什么不逐份精读也不改名**：这些是 CAD 图纸与三维/位图素材，文字位于矢量路径中、提取不出可用文本（本项目实测同类施工图 PDF 仅能提出 0～500 字符，且多为字形损坏的乱码）；且 dwg 之间存在外部参照（xref），**逐份改名会打断参照关系、破坏图纸可用性**，故按协议只做普查打标。**用法**：需要具体图面信息时，按本行给出的目录定位后用 CAD 打开，或对少量关键图走 render.py 出图后视觉读；目录名本身（专业/楼栋/图别）已具备检索价值，是这批素材的主要索引方式。,2026-08-16
docs/library/04_市场与研究/中文行业报告集/202L 数据中心新/2023.2 中国移动（济宁）数据中心,2023.2 中国移动（济宁）数据中心,3,A,2023,工程档案,M05/M10,"【目录级登记·图纸与素材普查，非逐份精读】本行覆盖目录 `04_市场与研究/中文行业报告集/202L 数据中心新/2023.2 中国移动（济宁）数据中心` 及其 12 个子目录下的 **37 个图纸/素材文件**，不逐份打分。构成：AutoCAD 图纸.dwg 27 份、位图.jpg 10 份。样例文件名：中国移动（济宁）数据中心室外工程结施(1).dwg；济宁数据中心室外管线图（电源部分，2023,3,6）.dwg；给排水-济宁总图.dwg；05-中号四通型人孔平面图.dwg；06-中号四通型人孔断面图.dwg。归属项目／板块：2023.2 中国移动（济宁）数据中心。**为什么不逐份精读也不改名**：这些是 CAD 图纸与三维/位图素材，文字位于矢量路径中、提取不出可用文本（本项目实测同类施工图 PDF 仅能提出 0～500 字符，且多为字形损坏的乱码）；且 dwg 之间存在外部参照（xref），**逐份改名会打断参照关系、破坏图纸可用性**，故按协议只做普查打标。**用法**：需要具体图面信息时，按本行给出的目录定位后用 CAD 打开，或对少量关键图走 render.py 出图后视觉读；目录名本身（专业/楼栋/图别）已具备检索价值，是这批素材的主要索引方式。",2026-08-16
docs/library/04_市场与研究/中文行业报告集/202L 数据中心新/2023.3  宁德市大数据产业园及基础配套设施项目（一期）IT云平台,2023.3  宁德市大数据产业园及基础配套设施项目（一期）IT云平台,3,A,2023,工程档案,M05/M10,【目录级登记·图纸与素材普查，非逐份精读】本行覆盖目录 `04_市场与研究/中文行业报告集/202L 数据中心新/2023.3  宁德市大数据产业园及基础配套设施项目（一期）IT云平台` 及其 2 个子目录下的 **2 个图纸/素材文件**，不逐份打分。构成：AutoCAD 图纸.dwg 2 份。样例文件名：机房楼及运维楼综合布线系统.dwg；商务云机房1A、政务云机房1B机柜立面图.dwg。归属项目／板块：2023.3  宁德市大数据产业园及基础配套设施项目（一期）IT云平台。**为什么不逐份精读也不改名**：这些是 CAD 图纸与三维/位图素材，文字位于矢量路径中、提取不出可用文本（本项目实测同类施工图 PDF 仅能提出 0～500 字符，且多为字形损坏的乱码）；且 dwg 之间存在外部参照（xref），**逐份改名会打断参照关系、破坏图纸可用性**，故按协议只做普查打标。**用法**：需要具体图面信息时，按本行给出的目录定位后用 CAD 打开，或对少量关键图走 render.py 出图后视觉读；目录名本身（专业/楼栋/图别）已具备检索价值，是这批素材的主要索引方式。,2026-08-16
docs/library/04_市场与研究/中文行业报告集/202L 数据中心新/2023.4 定兴县公安局智慧乡村、小区与指挥系统智慧化项目-机房,2023.4 定兴县公安局智慧乡村、小区与指挥系统智慧化项目-机房,3,A,2023,工程档案,M05/M10,【目录级登记·图纸与素材普查，非逐份精读】本行覆盖目录 `04_市场与研究/中文行业报告集/202L 数据中心新/2023.4 定兴县公安局智慧乡村、小区与指挥系统智慧化项目-机房` 及其 5 个子目录下的 **6 个图纸/素材文件**，不逐份打分。构成：AutoCAD 图纸.dwg 6 份。样例文件名：暖施---数据机房2023.09.03.dwg；给排水-定兴县公安局智慧乡村、小区与指挥系统智慧化项目_t8.dwg；机房_结施_审查回复_[2023-09-03]_t7.dwg；电气-定兴县公安局智慧乡村项目-2023.1010_t3.dwg；建施02-数据机房-建筑-装修部分修改0822.dwg。归属项目／板块：2023.4 定兴县公安局智慧乡村、小区与指挥系统智慧化项目-机房。**为什么不逐份精读也不改名**：这些是 CAD 图纸与三维/位图素材，文字位于矢量路径中、提取不出可用文本（本项目实测同类施工图 PDF 仅能提出 0～500 字符，且多为字形损坏的乱码）；且 dwg 之间存在外部参照（xref），**逐份改名会打断参照关系、破坏图纸可用性**，故按协议只做普查打标。**用法**：需要具体图面信息时，按本行给出的目录定位后用 CAD 打开，或对少量关键图走 render.py 出图后视觉读；目录名本身（专业/楼栋/图别）已具备检索价值，是这批素材的主要索引方式。,2026-08-16
docs/library/04_市场与研究/中文行业报告集/202L 数据中心新/2023.8中国电信浙江公司金华婺城数据中心项目,2023.8中国电信浙江公司金华婺城数据中心项目,3,A,2023,工程档案,M05/M10,【目录级登记·图纸与素材普查，非逐份精读】本行覆盖目录 `04_市场与研究/中文行业报告集/202L 数据中心新/2023.8中国电信浙江公司金华婺城数据中心项目` 及其 4 个子目录下的 **34 个图纸/素材文件**，不逐份打分。构成：AutoCAD 图纸.dwg 34 份。样例文件名：20230816电施-金华电信婺城数据中心五期（总图）-王.dwg；婺城智能化总平面施工图20230803.dwg；20230816电施-金华电信婺城数据中心五期（说明、配电、接地、光伏）-王_t3.dwg；金华婺城建施0816_t3.dwg；门卫-建施_t3.dwg。归属项目／板块：2023.8中国电信浙江公司金华婺城数据中心项目。**为什么不逐份精读也不改名**：这些是 CAD 图纸与三维/位图素材，文字位于矢量路径中、提取不出可用文本（本项目实测同类施工图 PDF 仅能提出 0～500 字符，且多为字形损坏的乱码）；且 dwg 之间存在外部参照（xref），**逐份改名会打断参照关系、破坏图纸可用性**，故按协议只做普查打标。**用法**：需要具体图面信息时，按本行给出的目录定位后用 CAD 打开，或对少量关键图走 render.py 出图后视觉读；目录名本身（专业/楼栋/图别）已具备检索价值，是这批素材的主要索引方式。,2026-08-16
docs/library/04_市场与研究/中文行业报告集/202L 数据中心新/2024.12 中国移动（福建南平）延平通信枢纽楼,2024.12 中国移动（福建南平）延平通信枢纽楼,3,A,2024,工程档案,M05/M10,【目录级登记·图纸与素材普查，非逐份精读】本行覆盖目录 `04_市场与研究/中文行业报告集/202L 数据中心新/2024.12 中国移动（福建南平）延平通信枢纽楼` 及其 5 个子目录下的 **22 个图纸/素材文件**，不逐份打分。构成：AutoCAD 图纸.dwg 22 份。样例文件名：结构.dwg；南平建筑施工图20241112改外立面_t3.dwg；暖通.dwg；南平 水+气体_t3.dwg；外线+海绵_t3.dwg。归属项目／板块：2024.12 中国移动（福建南平）延平通信枢纽楼。**为什么不逐份精读也不改名**：这些是 CAD 图纸与三维/位图素材，文字位于矢量路径中、提取不出可用文本（本项目实测同类施工图 PDF 仅能提出 0～500 字符，且多为字形损坏的乱码）；且 dwg 之间存在外部参照（xref），**逐份改名会打断参照关系、破坏图纸可用性**，故按协议只做普查打标。**用法**：需要具体图面信息时，按本行给出的目录定位后用 CAD 打开，或对少量关键图走 render.py 出图后视觉读；目录名本身（专业/楼栋/图别）已具备检索价值，是这批素材的主要索引方式。,2026-08-16
docs/library/04_市场与研究/中文行业报告集/202L 数据中心新/2024.12 中国联通茂名新建通信局房项目一期（中国联通茂名5G边缘计算中心（一期））初设深度,2024.12 中国联通茂名新建通信局房项目一期（中国联通茂名5G边缘计算中心（一期））初设深度,3,A,2024,工程档案,M05/M10,【目录级登记·图纸与素材普查，非逐份精读】本行覆盖目录 `04_市场与研究/中文行业报告集/202L 数据中心新/2024.12 中国联通茂名新建通信局房项目一期（中国联通茂名5G边缘计算中心（一期））初设深度` 及其 12 个子目录下的 **42 个图纸/素材文件**，不逐份打分。构成：AutoCAD 图纸.dwg 42 份。样例文件名：茂名通信机房楼-建筑 20241121_t3(2).dwg；20240925-中国联通茂名新建通信局房项目（中国联通茂名5G边缘计算中心）规划总平面图_t3.dwg；给排水---室外工程_t3.dwg；给排水---通信机房楼_t3.dwg；茂名油罐池、雨水池和假负载基础(1).dwg。归属项目／板块：2024.12 中国联通茂名新建通信局房项目一期（中国联通茂名5G边缘计算中心（一期））初设深度。**为什么不逐份精读也不改名**：这些是 CAD 图纸与三维/位图素材，文字位于矢量路径中、提取不出可用文本（本项目实测同类施工图 PDF 仅能提出 0～500 字符，且多为字形损坏的乱码）；且 dwg 之间存在外部参照（xref），**逐份改名会打断参照关系、破坏图纸可用性**，故按协议只做普查打标。**用法**：需要具体图面信息时，按本行给出的目录定位后用 CAD 打开，或对少量关键图走 render.py 出图后视觉读；目录名本身（专业/楼栋/图别）已具备检索价值，是这批素材的主要索引方式。,2026-08-16
docs/library/04_市场与研究/中文行业报告集/202L 数据中心新/2024.2 国家工业信息安全发展研究中心•华南分中心星河东悦汇载体项目,2024.2 国家工业信息安全发展研究中心•华南分中心星河东悦汇载体项目,3,A,2024,工程档案,M05/M10,【目录级登记·图纸与素材普查，非逐份精读】本行覆盖目录 `04_市场与研究/中文行业报告集/202L 数据中心新/2024.2 国家工业信息安全发展研究中心•华南分中心星河东悦汇载体项目` 及其 1 个子目录下的 **7 个图纸/素材文件**，不逐份打分。构成：AutoCAD 图纸.dwg 7 份。样例文件名：02-星河东悦汇载体项目C-19&20立面施工图.dwg；06-星河东悦汇载体项目C-19&20电气施工图.dwg；01-星河东悦汇载体项目C-19&20平面施工图.dwg；07-星河东悦汇载体项目C-19&20暖通施工图.dwg；03-星河东悦汇载体项目C-19&20大样节点.dwg。归属项目／板块：2024.2 国家工业信息安全发展研究中心•华南分中心星河东悦汇载体项目。**为什么不逐份精读也不改名**：这些是 CAD 图纸与三维/位图素材，文字位于矢量路径中、提取不出可用文本（本项目实测同类施工图 PDF 仅能提出 0～500 字符，且多为字形损坏的乱码）；且 dwg 之间存在外部参照（xref），**逐份改名会打断参照关系、破坏图纸可用性**，故按协议只做普查打标。**用法**：需要具体图面信息时，按本行给出的目录定位后用 CAD 打开，或对少量关键图走 render.py 出图后视觉读；目录名本身（专业/楼栋/图别）已具备检索价值，是这批素材的主要索引方式。,2026-08-16
docs/library/04_市场与研究/中文行业报告集/202L 数据中心新/2024.3 重庆移动忠县分公司生产调度用房建设项目 机房楼,2024.3 重庆移动忠县分公司生产调度用房建设项目 机房楼,3,A,2024,工程档案,M05/M10,【目录级登记·图纸与素材普查，非逐份精读】本行覆盖目录 `04_市场与研究/中文行业报告集/202L 数据中心新/2024.3 重庆移动忠县分公司生产调度用房建设项目 机房楼` 及其 33 个子目录下的 **121 个图纸/素材文件**，不逐份打分。构成：AutoCAD 图纸.dwg 88 份、位图.bmp 17 份、位图.jpg 9 份、位图.png 7 份。样例文件名：忠县移动暖通施工图2024.3.20.dwg；0318-2024-0119 忠县-室内装修施工图_t8.dwg；0318-2024-0119 忠县-室内装修施工图-设计说明和目录_t8.dwg；重庆忠县生产调度用房建设项目-生产调度楼装配式专项设计（二）.dwg；重庆忠县生产调度用房建设项目-生产调度楼装配式专项设计（一）.dwg。归属项目／板块：2024.3 重庆移动忠县分公司生产调度用房建设项目 机房楼。**为什么不逐份精读也不改名**：这些是 CAD 图纸与三维/位图素材，文字位于矢量路径中、提取不出可用文本（本项目实测同类施工图 PDF 仅能提出 0～500 字符，且多为字形损坏的乱码）；且 dwg 之间存在外部参照（xref），**逐份改名会打断参照关系、破坏图纸可用性**，故按协议只做普查打标。**用法**：需要具体图面信息时，按本行给出的目录定位后用 CAD 打开，或对少量关键图走 render.py 出图后视觉读；目录名本身（专业/楼栋/图别）已具备检索价值，是这批素材的主要索引方式。,2026-08-16
docs/library/04_市场与研究/中文行业报告集/202L 数据中心新/2024.7 中国电信重庆公司科学城数据中心运维楼土建项目,2024.7 中国电信重庆公司科学城数据中心运维楼土建项目,3,A,2024,工程档案,M05/M10,【目录级登记·图纸与素材普查，非逐份精读】本行覆盖目录 `04_市场与研究/中文行业报告集/202L 数据中心新/2024.7 中国电信重庆公司科学城数据中心运维楼土建项目` 及其 18 个子目录下的 **36 个图纸/素材文件**，不逐份打分。构成：AutoCAD 图纸.dwg 35 份、位图.jpg 1 份。样例文件名：平面图.dwg；剖面图.dwg；成品座椅.jpg；屋顶景观(天正版）_t20V2.dwg；屋顶景观1_t3.dwg。归属项目／板块：2024.7 中国电信重庆公司科学城数据中心运维楼土建项目。**为什么不逐份精读也不改名**：这些是 CAD 图纸与三维/位图素材，文字位于矢量路径中、提取不出可用文本（本项目实测同类施工图 PDF 仅能提出 0～500 字符，且多为字形损坏的乱码）；且 dwg 之间存在外部参照（xref），**逐份改名会打断参照关系、破坏图纸可用性**，故按协议只做普查打标。**用法**：需要具体图面信息时，按本行给出的目录定位后用 CAD 打开，或对少量关键图走 render.py 出图后视觉读；目录名本身（专业/楼栋/图别）已具备检索价值，是这批素材的主要索引方式。,2026-08-16
docs/library/04_市场与研究/中文行业报告集/202L 数据中心新/2024.8 中国建设银行浙江省分行档案数据中心项目DF,2024.8 中国建设银行浙江省分行档案数据中心项目DF,3,A,2024,工程档案,M05/M10,【目录级登记·图纸与素材普查，非逐份精读】本行覆盖目录 `04_市场与研究/中文行业报告集/202L 数据中心新/2024.8 中国建设银行浙江省分行档案数据中心项目DF` 及其 28 个子目录下的 **837 个图纸/素材文件**，不逐份打分。构成：AutoCAD 打印格式.dwf 830 份、位图.jpg 7 份。样例文件名：HX1303.1J-10D4-Z-01_电气总平面图[A1]ZP.dwf；HX1303.1J-10D4-Z-ML_图纸目录[A3]ML.dwf；HX1303.1J-10D1-Z-ML1_目录[A3].dwf；HX1303.1J-10D1-Z-02_总平面消防设计图[A1].dwf；HX1303.1J-10D1-Z-01_总平面定位图[A1].dwf。归属项目／板块：2024.8 中国建设银行浙江省分行档案数据中心项目DF。**为什么不逐份精读也不改名**：这些是 CAD 图纸与三维/位图素材，文字位于矢量路径中、提取不出可用文本（本项目实测同类施工图 PDF 仅能提出 0～500 字符，且多为字形损坏的乱码）；且 dwg 之间存在外部参照（xref），**逐份改名会打断参照关系、破坏图纸可用性**，故按协议只做普查打标。**用法**：需要具体图面信息时，按本行给出的目录定位后用 CAD 打开，或对少量关键图走 render.py 出图后视觉读；目录名本身（专业/楼栋/图别）已具备检索价值，是这批素材的主要索引方式。,2026-08-16
docs/library/04_市场与研究/中文行业报告集/202L 数据中心新/2024.8 中国电信云计算重庆基地项目（四期）土建,2024.8 中国电信云计算重庆基地项目（四期）土建,3,A,2024,工程档案,M05/M10,【目录级登记·图纸与素材普查，非逐份精读】本行覆盖目录 `04_市场与研究/中文行业报告集/202L 数据中心新/2024.8 中国电信云计算重庆基地项目（四期）土建` 及其 16 个子目录下的 **40 个图纸/素材文件**，不逐份打分。构成：AutoCAD 图纸.dwg 36 份、位图.png 4 份。样例文件名：给排水-总图.dwg；重庆基地四期总图-电气图纸0628.dwg；暖施-室外水管总图（水土四期）531.dwg；室外弱电图纸.dwg；总图详图.dwg。归属项目／板块：2024.8 中国电信云计算重庆基地项目（四期）土建。**为什么不逐份精读也不改名**：这些是 CAD 图纸与三维/位图素材，文字位于矢量路径中、提取不出可用文本（本项目实测同类施工图 PDF 仅能提出 0～500 字符，且多为字形损坏的乱码）；且 dwg 之间存在外部参照（xref），**逐份改名会打断参照关系、破坏图纸可用性**，故按协议只做普查打标。**用法**：需要具体图面信息时，按本行给出的目录定位后用 CAD 打开，或对少量关键图走 render.py 出图后视觉读；目录名本身（专业/楼栋/图别）已具备检索价值，是这批素材的主要索引方式。,2026-08-16
docs/library/04_市场与研究/中文行业报告集/202L 数据中心新/2024.9 中国移动衢州双港通信枢纽建设项目（一期）,2024.9 中国移动衢州双港通信枢纽建设项目（一期）,3,A,2024,工程档案,M05/M10,"【目录级登记·图纸与素材普查，非逐份精读】本行覆盖目录 `04_市场与研究/中文行业报告集/202L 数据中心新/2024.9 中国移动衢州双港通信枢纽建设项目（一期）` 及其 23 个子目录下的 **109 个图纸/素材文件**，不逐份打分。构成：AutoCAD 图纸.dwg 89 份、位图.png 10 份、位图.jpg 5 份、AutoCAD 打印格式.dwf 5 份。样例文件名：中国移动衢州双港通信枢纽建设项目（一期）土建工程-水池泵房-消防弱电_t3.dwg；中国移动衢州双港通信枢纽项目室外工程-智能化_t3.dwg；中国移动衢州双港通信枢纽建设项目（一期）土建工程-1#通信机房-消防弱电_t3.dwg；改-0712改-土建-水池泵房结构图.dwg；结施22-23LT1,2结构图.dwg。归属项目／板块：2024.9 中国移动衢州双港通信枢纽建设项目（一期）。**为什么不逐份精读也不改名**：这些是 CAD 图纸与三维/位图素材，文字位于矢量路径中、提取不出可用文本（本项目实测同类施工图 PDF 仅能提出 0～500 字符，且多为字形损坏的乱码）；且 dwg 之间存在外部参照（xref），**逐份改名会打断参照关系、破坏图纸可用性**，故按协议只做普查打标。**用法**：需要具体图面信息时，按本行给出的目录定位后用 CAD 打开，或对少量关键图走 render.py 出图后视觉读；目录名本身（专业/楼栋/图别）已具备检索价值，是这批素材的主要索引方式。",2026-08-16
docs/library/04_市场与研究/中文行业报告集/202L 数据中心新/2025.2 产业园大数据中心建设项目,2025.2 产业园大数据中心建设项目,3,A,2025,工程档案,M05/M10,【目录级登记·图纸与素材普查，非逐份精读】本行覆盖目录 `04_市场与研究/中文行业报告集/202L 数据中心新/2025.2 产业园大数据中心建设项目` 及其 6 个子目录下的 **20 个图纸/素材文件**，不逐份打分。构成：AutoCAD 图纸.dwg 20 份。样例文件名：产业园大数据中心建设项目--系统图.dwg；产业园大数据中心建设项目--室外总平图.dwg；产业园大数据中心建设项目--3-1#、3-2#、4#弱电平面图.dwg；产业园大数据中心建设项目--6#7#弱电平面图.dwg；产业园大数据中心建设项目--5#楼弱电平面图.dwg。归属项目／板块：2025.2 产业园大数据中心建设项目。**为什么不逐份精读也不改名**：这些是 CAD 图纸与三维/位图素材，文字位于矢量路径中、提取不出可用文本（本项目实测同类施工图 PDF 仅能提出 0～500 字符，且多为字形损坏的乱码）；且 dwg 之间存在外部参照（xref），**逐份改名会打断参照关系、破坏图纸可用性**，故按协议只做普查打标。**用法**：需要具体图面信息时，按本行给出的目录定位后用 CAD 打开，或对少量关键图走 render.py 出图后视觉读；目录名本身（专业/楼栋/图别）已具备检索价值，是这批素材的主要索引方式。,2026-08-16
docs/library/04_市场与研究/中文行业报告集/202L 数据中心新/2025.2 黄岩区大闸路以东、永丰路以北地块建设工程（电信置换项目）,2025.2 黄岩区大闸路以东、永丰路以北地块建设工程（电信置换项目）,3,A,2025,工程档案,M05/M10,【目录级登记·图纸与素材普查，非逐份精读】本行覆盖目录 `04_市场与研究/中文行业报告集/202L 数据中心新/2025.2 黄岩区大闸路以东、永丰路以北地块建设工程（电信置换项目）` 及其 6 个子目录下的 **37 个图纸/素材文件**，不逐份打分。构成：AutoCAD 图纸.dwg 37 份。样例文件名：台州智算中心基坑围护设计方案（PC桩）2025.01.11.dwg；总施v2_t3.dwg；总水施2025.01.16_t3.dwg；台州电信埋地油罐结施.dwg；油罐建施_t3.dwg。归属项目／板块：2025.2 黄岩区大闸路以东、永丰路以北地块建设工程（电信置换项目）。**为什么不逐份精读也不改名**：这些是 CAD 图纸与三维/位图素材，文字位于矢量路径中、提取不出可用文本（本项目实测同类施工图 PDF 仅能提出 0～500 字符，且多为字形损坏的乱码）；且 dwg 之间存在外部参照（xref），**逐份改名会打断参照关系、破坏图纸可用性**，故按协议只做普查打标。**用法**：需要具体图面信息时，按本行给出的目录定位后用 CAD 打开，或对少量关键图走 render.py 出图后视觉读；目录名本身（专业/楼栋/图别）已具备检索价值，是这批素材的主要索引方式。,2026-08-16
docs/library/04_市场与研究/中文行业报告集/202L 数据中心新/2025.3 全国一体化工业大数据山东云中心省会经济圈区域分中心项目1号楼、1a地下室、2-A号楼、2-B号,2025.3 全国一体化工业大数据山东云中心省会经济圈区域分中心项目1号楼、1a地下室、2-A号楼、2-B号,3,A,2025,工程档案,M05/M10,【目录级登记·图纸与素材普查，非逐份精读】本行覆盖目录 `04_市场与研究/中文行业报告集/202L 数据中心新/2025.3 全国一体化工业大数据山东云中心省会经济圈区域分中心项目1号楼、1a地下室、2-A号楼、2-B号` 及其 21 个子目录下的 **36 个图纸/素材文件**，不逐份打分。构成：AutoCAD 图纸.dwg 36 份。样例文件名：全国一体化工业大数据山东云中心省会经济圈区域分中心项目1a地下室 结构图20221117_t3.dwg；1a地下室_t8.dwg；鲁北大数据中心2#楼给排水2-A-意见修改_t3.dwg；2-A电气平面图_t3.dwg；2A消防_t3.dwg。归属项目／板块：2025.3 全国一体化工业大数据山东云中心省会经济圈区域分中心项目1号楼、1a地下室、2-A号楼、2-B号。**为什么不逐份精读也不改名**：这些是 CAD 图纸与三维/位图素材，文字位于矢量路径中、提取不出可用文本（本项目实测同类施工图 PDF 仅能提出 0～500 字符，且多为字形损坏的乱码）；且 dwg 之间存在外部参照（xref），**逐份改名会打断参照关系、破坏图纸可用性**，故按协议只做普查打标。**用法**：需要具体图面信息时，按本行给出的目录定位后用 CAD 打开，或对少量关键图走 render.py 出图后视觉读；目录名本身（专业/楼栋/图别）已具备检索价值，是这批素材的主要索引方式。,2026-08-16
docs/library/04_市场与研究/中文行业报告集/202L 数据中心新/2025.3 汶川县财政片区更新改造项目和阿坝州汶川县新型智慧城市建设项目(城市运营中心机房),2025.3 汶川县财政片区更新改造项目和阿坝州汶川县新型智慧城市建设项目(城市运营中心机房),3,A,2025,工程档案,M05/M10,【目录级登记·图纸与素材普查，非逐份精读】本行覆盖目录 `04_市场与研究/中文行业报告集/202L 数据中心新/2025.3 汶川县财政片区更新改造项目和阿坝州汶川县新型智慧城市建设项目(城市运营中心机房)` 及其 32 个子目录下的 **116 个图纸/素材文件**，不逐份打分。构成：AutoCAD 图纸.dwg 111 份、位图.jpg 4 份、位图.png 1 份。样例文件名：1#，2#，3#住宅楼-电施送财评.dwg；1、2F裙房电气施工图_t8.dwg；电气强弱电总图_t8.dwg；结构设计总说明.dwg；结施-3#楼1、2LT.dwg。归属项目／板块：2025.3 汶川县财政片区更新改造项目和阿坝州汶川县新型智慧城市建设项目(城市运营中心机房)。**为什么不逐份精读也不改名**：这些是 CAD 图纸与三维/位图素材，文字位于矢量路径中、提取不出可用文本（本项目实测同类施工图 PDF 仅能提出 0～500 字符，且多为字形损坏的乱码）；且 dwg 之间存在外部参照（xref），**逐份改名会打断参照关系、破坏图纸可用性**，故按协议只做普查打标。**用法**：需要具体图面信息时，按本行给出的目录定位后用 CAD 打开，或对少量关键图走 render.py 出图后视觉读；目录名本身（专业/楼栋/图别）已具备检索价值，是这批素材的主要索引方式。,2026-08-16
docs/library/04_市场与研究/中文行业报告集/202L 数据中心新/2025.7 成都华微高端集成电路研发及产业基地数据机房项目,2025.7 成都华微高端集成电路研发及产业基地数据机房项目,3,A,2025,工程档案,M05/M10,【目录级登记·图纸与素材普查，非逐份精读】本行覆盖目录 `04_市场与研究/中文行业报告集/202L 数据中心新/2025.7 成都华微高端集成电路研发及产业基地数据机房项目` 及其 1 个子目录下的 **1 个图纸/素材文件**，不逐份打分。构成：AutoCAD 图纸.dwg 1 份。样例文件名：成都华微高端集成电路研发及产业基地数据机房项目设计图.dwg。归属项目／板块：2025.7 成都华微高端集成电路研发及产业基地数据机房项目。**为什么不逐份精读也不改名**：这些是 CAD 图纸与三维/位图素材，文字位于矢量路径中、提取不出可用文本（本项目实测同类施工图 PDF 仅能提出 0～500 字符，且多为字形损坏的乱码）；且 dwg 之间存在外部参照（xref），**逐份改名会打断参照关系、破坏图纸可用性**，故按协议只做普查打标。**用法**：需要具体图面信息时，按本行给出的目录定位后用 CAD 打开，或对少量关键图走 render.py 出图后视觉读；目录名本身（专业/楼栋/图别）已具备检索价值，是这批素材的主要索引方式。,2026-08-16
docs/library/04_市场与研究/中文行业报告集/数据中心IDC云计算合集/重要信息（必看）,重要信息（必看）,3,A,2022,工程档案,M05/M10,【目录级登记·图纸与素材普查，非逐份精读】本行覆盖目录 `04_市场与研究/中文行业报告集/数据中心IDC云计算合集/重要信息（必看）` 及其 1 个子目录下的 **2 个图纸/素材文件**，不逐份打分。构成：位图.png 2 份。样例文件名：网盘下载慢？看这里.png；领取免费资料，看这里.png。归属项目／板块：04_市场与研究。**为什么不逐份精读也不改名**：这些是 CAD 图纸与三维/位图素材，文字位于矢量路径中、提取不出可用文本（本项目实测同类施工图 PDF 仅能提出 0～500 字符，且多为字形损坏的乱码）；且 dwg 之间存在外部参照（xref），**逐份改名会打断参照关系、破坏图纸可用性**，故按协议只做普查打标。**用法**：需要具体图面信息时，按本行给出的目录定位后用 CAD 打开，或对少量关键图走 render.py 出图后视觉读；目录名本身（专业/楼栋/图别）已具备检索价值，是这批素材的主要索引方式。,2026-08-16
docs/library/04_市场与研究/中文行业报告集/数据中心智算中心方案报告合集1610份-（2026年6月更新）持续更新认准【精选资料小站】/数据中心,数据中心,3,A,2026,工程档案,M05/M10,【目录级登记·图纸与素材普查，非逐份精读】本行覆盖目录 `04_市场与研究/中文行业报告集/数据中心智算中心方案报告合集1610份-（2026年6月更新）持续更新认准【精选资料小站】/数据中心` 及其 2 个子目录下的 **15 个图纸/素材文件**，不逐份打分。构成：位图.jpg 13 份、位图.tif 1 份、位图.png 1 份。样例文件名：定制化IDC解决方案宣传图片.jpg；信息安全服务资质三级（应急处理）.jpg；信息安全服务资质三级（安全运维）2019.jpg；Uptime M&O.jpg；ISO20000.jpg。归属项目／板块：04_市场与研究。**为什么不逐份精读也不改名**：这些是 CAD 图纸与三维/位图素材，文字位于矢量路径中、提取不出可用文本（本项目实测同类施工图 PDF 仅能提出 0～500 字符，且多为字形损坏的乱码）；且 dwg 之间存在外部参照（xref），**逐份改名会打断参照关系、破坏图纸可用性**，故按协议只做普查打标。**用法**：需要具体图面信息时，按本行给出的目录定位后用 CAD 打开，或对少量关键图走 render.py 出图后视觉读；目录名本身（专业/楼栋/图别）已具备检索价值，是这批素材的主要索引方式。,2026-08-16
docs/library/04_市场与研究/中文行业报告集/智算中心合集,智算中心合集,3,A,2022,工程档案,M05/M10,【目录级登记·图纸与素材普查，非逐份精读】本行覆盖目录 `04_市场与研究/中文行业报告集/智算中心合集` 及其 1 个子目录下的 **2 个图纸/素材文件**，不逐份打分。构成：Photoshop 源文件.psd 2 份。样例文件名：超算中心.psd；超算中心2.psd。归属项目／板块：04_市场与研究。**为什么不逐份精读也不改名**：这些是 CAD 图纸与三维/位图素材，文字位于矢量路径中、提取不出可用文本（本项目实测同类施工图 PDF 仅能提出 0～500 字符，且多为字形损坏的乱码）；且 dwg 之间存在外部参照（xref），**逐份改名会打断参照关系、破坏图纸可用性**，故按协议只做普查打标。**用法**：需要具体图面信息时，按本行给出的目录定位后用 CAD 打开，或对少量关键图走 render.py 出图后视觉读；目录名本身（专业/楼栋/图别）已具备检索价值，是这批素材的主要索引方式。,2026-08-16
docs/library/04_市场与研究/中文行业报告集/智算中心合集/智算,智算,3,A,2022,工程档案,M05/M10,【目录级登记·图纸与素材普查，非逐份精读】本行覆盖目录 `04_市场与研究/中文行业报告集/智算中心合集/智算` 及其 1 个子目录下的 **1 个图纸/素材文件**，不逐份打分。构成：位图.jpg 1 份。样例文件名：可加我们智慧客服 售后服务无忧 同时邀请我们进智慧交流群.jpg。归属项目／板块：04_市场与研究。**为什么不逐份精读也不改名**：这些是 CAD 图纸与三维/位图素材，文字位于矢量路径中、提取不出可用文本（本项目实测同类施工图 PDF 仅能提出 0～500 字符，且多为字形损坏的乱码）；且 dwg 之间存在外部参照（xref），**逐份改名会打断参照关系、破坏图纸可用性**，故按协议只做普查打标。**用法**：需要具体图面信息时，按本行给出的目录定位后用 CAD 打开，或对少量关键图走 render.py 出图后视觉读；目录名本身（专业/楼栋/图别）已具备检索价值，是这批素材的主要索引方式。,2026-08-16
docs/library/04_市场与研究/英文机构报告/AQ458-2026年7月 Data Center IT Capex Forecast,AQ458-2026年7月 Data Center IT Capex Forecast,3,A,2026,工程档案,M05/M10,【目录级登记·图纸与素材普查，非逐份精读】本行覆盖目录 `04_市场与研究/英文机构报告/AQ458-2026年7月 Data Center IT Capex Forecast` 及其 1 个子目录下的 **3 个图纸/素材文件**，不逐份打分。构成：位图.jpg 3 份。样例文件名：屏幕截图 2026-08-05 184306.jpg；屏幕截图 2026-08-05 184325.jpg；屏幕截图 2026-08-05 184252.jpg。归属项目／板块：04_市场与研究。**为什么不逐份精读也不改名**：这些是 CAD 图纸与三维/位图素材，文字位于矢量路径中、提取不出可用文本（本项目实测同类施工图 PDF 仅能提出 0～500 字符，且多为字形损坏的乱码）；且 dwg 之间存在外部参照（xref），**逐份改名会打断参照关系、破坏图纸可用性**，故按协议只做普查打标。**用法**：需要具体图面信息时，按本行给出的目录定位后用 CAD 打开，或对少量关键图走 render.py 出图后视觉读；目录名本身（专业/楼栋/图别）已具备检索价值，是这批素材的主要索引方式。,2026-08-16
docs/library/04_市场与研究/英文机构报告/BQ161-全球数据中心电力基础设施市场 Global Data Center Power Infrastructure Market 2025-2035,BQ161-全球数据中心电力基础设施市场 Global Data Center Power Infrastructure Market 2025-2035,3,A,2025,工程档案,M05/M10,【目录级登记·图纸与素材普查，非逐份精读】本行覆盖目录 `04_市场与研究/英文机构报告/BQ161-全球数据中心电力基础设施市场 Global Data Center Power Infrastructure Market 2025-2035` 及其 1 个子目录下的 **1 个图纸/素材文件**，不逐份打分。构成：位图.jpg 1 份。样例文件名：屏幕截图 2025-09-07 214717.jpg。归属项目／板块：04_市场与研究。**为什么不逐份精读也不改名**：这些是 CAD 图纸与三维/位图素材，文字位于矢量路径中、提取不出可用文本（本项目实测同类施工图 PDF 仅能提出 0～500 字符，且多为字形损坏的乱码）；且 dwg 之间存在外部参照（xref），**逐份改名会打断参照关系、破坏图纸可用性**，故按协议只做普查打标。**用法**：需要具体图面信息时，按本行给出的目录定位后用 CAD 打开，或对少量关键图走 render.py 出图后视觉读；目录名本身（专业/楼栋/图别）已具备检索价值，是这批素材的主要索引方式。,2026-08-16
docs/library/04_市场与研究/英文机构报告/BQ179-数据中心托管市场 Data Center Colocation,BQ179-数据中心托管市场 Data Center Colocation,3,A,2022,工程档案,M05/M10,【目录级登记·图纸与素材普查，非逐份精读】本行覆盖目录 `04_市场与研究/英文机构报告/BQ179-数据中心托管市场 Data Center Colocation` 及其 1 个子目录下的 **1 个图纸/素材文件**，不逐份打分。构成：位图.jpg 1 份。样例文件名：屏幕截图 2025-10-01 230839.jpg。归属项目／板块：04_市场与研究。**为什么不逐份精读也不改名**：这些是 CAD 图纸与三维/位图素材，文字位于矢量路径中、提取不出可用文本（本项目实测同类施工图 PDF 仅能提出 0～500 字符，且多为字形损坏的乱码）；且 dwg 之间存在外部参照（xref），**逐份改名会打断参照关系、破坏图纸可用性**，故按协议只做普查打标。**用法**：需要具体图面信息时，按本行给出的目录定位后用 CAD 打开，或对少量关键图走 render.py 出图后视觉读；目录名本身（专业/楼栋/图别）已具备检索价值，是这批素材的主要索引方式。,2026-08-16
docs/library/04_市场与研究/英文机构报告/Q177-Yole查询 Generative AI 2025 Computing AI Data Center,Q177-Yole查询 Generative AI 2025 Computing AI Data Center,3,A,2025,工程档案,M05/M10,【目录级登记·图纸与素材普查，非逐份精读】本行覆盖目录 `04_市场与研究/英文机构报告/Q177-Yole查询 Generative AI 2025 Computing AI Data Center` 及其 1 个子目录下的 **3 个图纸/素材文件**，不逐份打分。构成：位图.jpg 3 份。样例文件名：屏幕截图 2025-07-03 192531.jpg；屏幕截图 2025-07-03 192603.jpg；屏幕截图 2025-07-03 192703.jpg。归属项目／板块：04_市场与研究。**为什么不逐份精读也不改名**：这些是 CAD 图纸与三维/位图素材，文字位于矢量路径中、提取不出可用文本（本项目实测同类施工图 PDF 仅能提出 0～500 字符，且多为字形损坏的乱码）；且 dwg 之间存在外部参照（xref），**逐份改名会打断参照关系、破坏图纸可用性**，故按协议只做普查打标。**用法**：需要具体图面信息时，按本行给出的目录定位后用 CAD 打开，或对少量关键图走 render.py 出图后视觉读；目录名本身（专业/楼栋/图别）已具备检索价值，是这批素材的主要索引方式。,2026-08-16
docs/library/06_工程图纸,06_工程图纸,3,A,2022,工程档案,M05/M10,【目录级登记·图纸与素材普查，非逐份精读】本行覆盖目录 `06_工程图纸` 及其 1 个子目录下的 **1 个图纸/素材文件**，不逐份打分。构成：AutoCAD 图纸.dwg 1 份。样例文件名：YX-900295弱电机柜CAD图.dwg。归属项目／板块：06_工程图纸。**为什么不逐份精读也不改名**：这些是 CAD 图纸与三维/位图素材，文字位于矢量路径中、提取不出可用文本（本项目实测同类施工图 PDF 仅能提出 0～500 字符，且多为字形损坏的乱码）；且 dwg 之间存在外部参照（xref），**逐份改名会打断参照关系、破坏图纸可用性**，故按协议只做普查打标。**用法**：需要具体图面信息时，按本行给出的目录定位后用 CAD 打开，或对少量关键图走 render.py 出图后视觉读；目录名本身（专业/楼栋/图别）已具备检索价值，是这批素材的主要索引方式。,2026-08-16
docs/library/06_工程图纸/01/02项目【华东地区 2019.6出版 无清单】xx国际信息中心机楼工程/电信5#楼邮电院校审修改版2019.08.05,电信5#楼邮电院校审修改版2019.08.05,3,A,2019,工程档案,M05/M10,【目录级登记·图纸与素材普查，非逐份精读】本行覆盖目录 `06_工程图纸/01/02项目【华东地区 2019.6出版 无清单】xx国际信息中心机楼工程/电信5#楼邮电院校审修改版2019.08.05` 及其 6 个子目录下的 **17 个图纸/素材文件**，不逐份打分。构成：AutoCAD 图纸.dwg 17 份。样例文件名：5#楼楼梯20190611.dwg；绿色节能专篇.dwg；5#楼基础0625(校对修改版).dwg；5#楼结构-梁板柱20190625.dwg；5#楼结构-墙身20190611.dwg。归属项目／板块：06_工程图纸。**为什么不逐份精读也不改名**：这些是 CAD 图纸与三维/位图素材，文字位于矢量路径中、提取不出可用文本（本项目实测同类施工图 PDF 仅能提出 0～500 字符，且多为字形损坏的乱码）；且 dwg 之间存在外部参照（xref），**逐份改名会打断参照关系、破坏图纸可用性**，故按协议只做普查打标。**用法**：需要具体图面信息时，按本行给出的目录定位后用 CAD 打开，或对少量关键图走 render.py 出图后视觉读；目录名本身（专业/楼栋/图别）已具备检索价值，是这批素材的主要索引方式。,2026-08-16
docs/library/06_工程图纸/01/02项目【华东地区 2019.6出版 无清单】xx国际信息中心机楼工程/电信6#楼邮电院校审修改版2019.08.05,电信6#楼邮电院校审修改版2019.08.05,3,A,2019,工程档案,M05/M10,【目录级登记·图纸与素材普查，非逐份精读】本行覆盖目录 `06_工程图纸/01/02项目【华东地区 2019.6出版 无清单】xx国际信息中心机楼工程/电信6#楼邮电院校审修改版2019.08.05` 及其 5 个子目录下的 **19 个图纸/素材文件**，不逐份打分。构成：AutoCAD 图纸.dwg 19 份。样例文件名：6#水.dwg；6#建筑.dwg；6#结构-目录0621.dwg；绿色节能专篇.dwg；6#楼基础20190715.dwg。归属项目／板块：06_工程图纸。**为什么不逐份精读也不改名**：这些是 CAD 图纸与三维/位图素材，文字位于矢量路径中、提取不出可用文本（本项目实测同类施工图 PDF 仅能提出 0～500 字符，且多为字形损坏的乱码）；且 dwg 之间存在外部参照（xref），**逐份改名会打断参照关系、破坏图纸可用性**，故按协议只做普查打标。**用法**：需要具体图面信息时，按本行给出的目录定位后用 CAD 打开，或对少量关键图走 render.py 出图后视觉读；目录名本身（专业/楼栋/图别）已具备检索价值，是这批素材的主要索引方式。,2026-08-16
docs/library/06_工程图纸/01/02项目【华东地区 2019.6出版 无清单】xx国际信息中心机楼工程/电信三期6#基坑围护设计,电信三期6#基坑围护设计,3,A,2019,工程档案,M05/M10,【目录级登记·图纸与素材普查，非逐份精读】本行覆盖目录 `06_工程图纸/01/02项目【华东地区 2019.6出版 无清单】xx国际信息中心机楼工程/电信三期6#基坑围护设计` 及其 1 个子目录下的 **9 个图纸/素材文件**，不逐份打分。构成：AutoCAD 图纸.dwg 9 份。样例文件名：G00-封页+目录.dwg；G03-基坑围护平面布置图.dwg；G02-基坑围护周边环境图.dwg；G07-基坑监测平面布置图.dwg；G06-基坑降水平面布置图.dwg。归属项目／板块：06_工程图纸。**为什么不逐份精读也不改名**：这些是 CAD 图纸与三维/位图素材，文字位于矢量路径中、提取不出可用文本（本项目实测同类施工图 PDF 仅能提出 0～500 字符，且多为字形损坏的乱码）；且 dwg 之间存在外部参照（xref），**逐份改名会打断参照关系、破坏图纸可用性**，故按协议只做普查打标。**用法**：需要具体图面信息时，按本行给出的目录定位后用 CAD 打开，或对少量关键图走 render.py 出图后视觉读；目录名本身（专业/楼栋/图别）已具备检索价值，是这批素材的主要索引方式。,2026-08-16
docs/library/06_工程图纸/01/02项目【华东地区 2019.6出版 无清单】xx国际信息中心机楼工程/电信三期基坑围护设计,电信三期基坑围护设计,3,A,2019,工程档案,M05/M10,【目录级登记·图纸与素材普查，非逐份精读】本行覆盖目录 `06_工程图纸/01/02项目【华东地区 2019.6出版 无清单】xx国际信息中心机楼工程/电信三期基坑围护设计` 及其 1 个子目录下的 **9 个图纸/素材文件**，不逐份打分。构成：AutoCAD 图纸.dwg 9 份。样例文件名：G00-封页+目录.dwg；G03-基坑围护平面布置图.dwg；G02-基坑围护周边环境图.dwg；G07-基坑监测平面布置图.dwg；G06-基坑降水平面布置图.dwg。归属项目／板块：06_工程图纸。**为什么不逐份精读也不改名**：这些是 CAD 图纸与三维/位图素材，文字位于矢量路径中、提取不出可用文本（本项目实测同类施工图 PDF 仅能提出 0～500 字符，且多为字形损坏的乱码）；且 dwg 之间存在外部参照（xref），**逐份改名会打断参照关系、破坏图纸可用性**，故按协议只做普查打标。**用法**：需要具体图面信息时，按本行给出的目录定位后用 CAD 打开，或对少量关键图走 render.py 出图后视觉读；目录名本身（专业/楼栋/图别）已具备检索价值，是这批素材的主要索引方式。,2026-08-16
docs/library/06_工程图纸/01/04项目【华东地区 2017出版 无清单】xx电信通信机楼项目/建施,建施,3,A,2017,工程档案,M05/M10,【目录级登记·图纸与素材普查，非逐份精读】本行覆盖目录 `06_工程图纸/01/04项目【华东地区 2017出版 无清单】xx电信通信机楼项目/建施` 及其 1 个子目录下的 **1 个图纸/素材文件**，不逐份打分。构成：AutoCAD 图纸.dwg 1 份。样例文件名：建施0718_t3.dwg。归属项目／板块：06_工程图纸。**为什么不逐份精读也不改名**：这些是 CAD 图纸与三维/位图素材，文字位于矢量路径中、提取不出可用文本（本项目实测同类施工图 PDF 仅能提出 0～500 字符，且多为字形损坏的乱码）；且 dwg 之间存在外部参照（xref），**逐份改名会打断参照关系、破坏图纸可用性**，故按协议只做普查打标。**用法**：需要具体图面信息时，按本行给出的目录定位后用 CAD 打开，或对少量关键图走 render.py 出图后视觉读；目录名本身（专业/楼栋/图别）已具备检索价值，是这批素材的主要索引方式。,2026-08-16
docs/library/06_工程图纸/01/04项目【华东地区 2017出版 无清单】xx电信通信机楼项目/弱电,弱电,3,A,2017,工程档案,M05/M10,【目录级登记·图纸与素材普查，非逐份精读】本行覆盖目录 `06_工程图纸/01/04项目【华东地区 2017出版 无清单】xx电信通信机楼项目/弱电` 及其 1 个子目录下的 **2 个图纸/素材文件**，不逐份打分。构成：AutoCAD 图纸.dwg 2 份。样例文件名：金华二期弱电平面图、系统图0718.dwg；金华二期弱电总平面图0718.dwg。归属项目／板块：06_工程图纸。**为什么不逐份精读也不改名**：这些是 CAD 图纸与三维/位图素材，文字位于矢量路径中、提取不出可用文本（本项目实测同类施工图 PDF 仅能提出 0～500 字符，且多为字形损坏的乱码）；且 dwg 之间存在外部参照（xref），**逐份改名会打断参照关系、破坏图纸可用性**，故按协议只做普查打标。**用法**：需要具体图面信息时，按本行给出的目录定位后用 CAD 打开，或对少量关键图走 render.py 出图后视觉读；目录名本身（专业/楼栋/图别）已具备检索价值，是这批素材的主要索引方式。,2026-08-16
docs/library/06_工程图纸/01/04项目【华东地区 2017出版 无清单】xx电信通信机楼项目/总平,总平,3,A,2017,工程档案,M05/M10,【目录级登记·图纸与素材普查，非逐份精读】本行覆盖目录 `06_工程图纸/01/04项目【华东地区 2017出版 无清单】xx电信通信机楼项目/总平` 及其 1 个子目录下的 **6 个图纸/素材文件**，不逐份打分。构成：AutoCAD 图纸.dwg 6 份。样例文件名：金华电信罗店楼审查（总水施修）2017.7.17.dwg；A1.dwg；总施01总平面图_t3.dwg；金华电信总图电施170712.dwg；总施目录、总施03.dwg。归属项目／板块：06_工程图纸。**为什么不逐份精读也不改名**：这些是 CAD 图纸与三维/位图素材，文字位于矢量路径中、提取不出可用文本（本项目实测同类施工图 PDF 仅能提出 0～500 字符，且多为字形损坏的乱码）；且 dwg 之间存在外部参照（xref），**逐份改名会打断参照关系、破坏图纸可用性**，故按协议只做普查打标。**用法**：需要具体图面信息时，按本行给出的目录定位后用 CAD 打开，或对少量关键图走 render.py 出图后视觉读；目录名本身（专业/楼栋/图别）已具备检索价值，是这批素材的主要索引方式。,2026-08-16
docs/library/06_工程图纸/01/04项目【华东地区 2017出版 无清单】xx电信通信机楼项目/暖通,暖通,3,A,2017,工程档案,M05/M10,【目录级登记·图纸与素材普查，非逐份精读】本行覆盖目录 `06_工程图纸/01/04项目【华东地区 2017出版 无清单】xx电信通信机楼项目/暖通` 及其 1 个子目录下的 **1 个图纸/素材文件**，不逐份打分。构成：AutoCAD 图纸.dwg 1 份。样例文件名：罗店工业园通信机楼（暖通1版出图）.dwg。归属项目／板块：06_工程图纸。**为什么不逐份精读也不改名**：这些是 CAD 图纸与三维/位图素材，文字位于矢量路径中、提取不出可用文本（本项目实测同类施工图 PDF 仅能提出 0～500 字符，且多为字形损坏的乱码）；且 dwg 之间存在外部参照（xref），**逐份改名会打断参照关系、破坏图纸可用性**，故按协议只做普查打标。**用法**：需要具体图面信息时，按本行给出的目录定位后用 CAD 打开，或对少量关键图走 render.py 出图后视觉读；目录名本身（专业/楼栋/图别）已具备检索价值，是这批素材的主要索引方式。,2026-08-16
docs/library/06_工程图纸/01/04项目【华东地区 2017出版 无清单】xx电信通信机楼项目/消防,消防,3,A,2017,工程档案,M05/M10,【目录级登记·图纸与素材普查，非逐份精读】本行覆盖目录 `06_工程图纸/01/04项目【华东地区 2017出版 无清单】xx电信通信机楼项目/消防` 及其 1 个子目录下的 **2 个图纸/素材文件**，不逐份打分。构成：AutoCAD 图纸.dwg 2 份。样例文件名：金华电信罗店楼（气消施出版）2017.7.17.dwg；中国电信金华罗店工业园通信机楼－消防报警V1.dwg。归属项目／板块：06_工程图纸。**为什么不逐份精读也不改名**：这些是 CAD 图纸与三维/位图素材，文字位于矢量路径中、提取不出可用文本（本项目实测同类施工图 PDF 仅能提出 0～500 字符，且多为字形损坏的乱码）；且 dwg 之间存在外部参照（xref），**逐份改名会打断参照关系、破坏图纸可用性**，故按协议只做普查打标。**用法**：需要具体图面信息时，按本行给出的目录定位后用 CAD 打开，或对少量关键图走 render.py 出图后视觉读；目录名本身（专业/楼栋/图别）已具备检索价值，是这批素材的主要索引方式。,2026-08-16
docs/library/06_工程图纸/01/04项目【华东地区 2017出版 无清单】xx电信通信机楼项目/电气,电气,3,A,2017,工程档案,M05/M10,【目录级登记·图纸与素材普查，非逐份精读】本行覆盖目录 `06_工程图纸/01/04项目【华东地区 2017出版 无清单】xx电信通信机楼项目/电气` 及其 1 个子目录下的 **1 个图纸/素材文件**，不逐份打分。构成：AutoCAD 图纸.dwg 1 份。样例文件名：金华电信二期电施170712.dwg。归属项目／板块：06_工程图纸。**为什么不逐份精读也不改名**：这些是 CAD 图纸与三维/位图素材，文字位于矢量路径中、提取不出可用文本（本项目实测同类施工图 PDF 仅能提出 0～500 字符，且多为字形损坏的乱码）；且 dwg 之间存在外部参照（xref），**逐份改名会打断参照关系、破坏图纸可用性**，故按协议只做普查打标。**用法**：需要具体图面信息时，按本行给出的目录定位后用 CAD 打开，或对少量关键图走 render.py 出图后视觉读；目录名本身（专业/楼栋/图别）已具备检索价值，是这批素材的主要索引方式。,2026-08-16
docs/library/06_工程图纸/01/04项目【华东地区 2017出版 无清单】xx电信通信机楼项目/结施汇总（1版）,结施汇总（1版）,3,A,2017,工程档案,M05/M10,【目录级登记·图纸与素材普查，非逐份精读】本行覆盖目录 `06_工程图纸/01/04项目【华东地区 2017出版 无清单】xx电信通信机楼项目/结施汇总（1版）` 及其 1 个子目录下的 **3 个图纸/素材文件**，不逐份打分。构成：AutoCAD 图纸.dwg 3 份。样例文件名：金华电信罗店楼结构说明.dwg；金华电信罗店楼地下结构.dwg；金华电信罗店楼地上结构.dwg。归属项目／板块：06_工程图纸。**为什么不逐份精读也不改名**：这些是 CAD 图纸与三维/位图素材，文字位于矢量路径中、提取不出可用文本（本项目实测同类施工图 PDF 仅能提出 0～500 字符，且多为字形损坏的乱码）；且 dwg 之间存在外部参照（xref），**逐份改名会打断参照关系、破坏图纸可用性**，故按协议只做普查打标。**用法**：需要具体图面信息时，按本行给出的目录定位后用 CAD 打开，或对少量关键图走 render.py 出图后视觉读；目录名本身（专业/楼栋/图别）已具备检索价值，是这批素材的主要索引方式。,2026-08-16
docs/library/06_工程图纸/01/04项目【华东地区 2017出版 无清单】xx电信通信机楼项目/给排水,给排水,3,A,2017,工程档案,M05/M10,【目录级登记·图纸与素材普查，非逐份精读】本行覆盖目录 `06_工程图纸/01/04项目【华东地区 2017出版 无清单】xx电信通信机楼项目/给排水` 及其 1 个子目录下的 **1 个图纸/素材文件**，不逐份打分。构成：AutoCAD 图纸.dwg 1 份。样例文件名：金华电信罗店楼审查（水施修）2017.7.17_t3.dwg。归属项目／板块：06_工程图纸。**为什么不逐份精读也不改名**：这些是 CAD 图纸与三维/位图素材，文字位于矢量路径中、提取不出可用文本（本项目实测同类施工图 PDF 仅能提出 0～500 字符，且多为字形损坏的乱码）；且 dwg 之间存在外部参照（xref），**逐份改名会打断参照关系、破坏图纸可用性**，故按协议只做普查打标。**用法**：需要具体图面信息时，按本行给出的目录定位后用 CAD 打开，或对少量关键图走 render.py 出图后视觉读；目录名本身（专业/楼栋/图别）已具备检索价值，是这批素材的主要索引方式。,2026-08-16
docs/library/06_工程图纸/01/05项目【华中地区 2016出版 带清单EXCEL表格】xx联通计算中心一期工程/IDC动力中心,IDC动力中心,3,A,2016,工程档案,M05/M10,【目录级登记·图纸与素材普查，非逐份精读】本行覆盖目录 `06_工程图纸/01/05项目【华中地区 2016出版 带清单EXCEL表格】xx联通计算中心一期工程/IDC动力中心` 及其 1 个子目录下的 **6 个图纸/素材文件**，不逐份打分。构成：AutoCAD 图纸.dwg 6 份。样例文件名：IDC动力中心弱电_t3.dwg；动力中心 结施20160713_t3.dwg；（发宋姐）动力中心气体灭火t3_t3.dwg；IDC动力中心配电.dwg；20160624 长沙IDC动力中心给排水施工图（审查修改）_t3.dwg。归属项目／板块：06_工程图纸。**为什么不逐份精读也不改名**：这些是 CAD 图纸与三维/位图素材，文字位于矢量路径中、提取不出可用文本（本项目实测同类施工图 PDF 仅能提出 0～500 字符，且多为字形损坏的乱码）；且 dwg 之间存在外部参照（xref），**逐份改名会打断参照关系、破坏图纸可用性**，故按协议只做普查打标。**用法**：需要具体图面信息时，按本行给出的目录定位后用 CAD 打开，或对少量关键图走 render.py 出图后视觉读；目录名本身（专业/楼栋/图别）已具备检索价值，是这批素材的主要索引方式。,2026-08-16
docs/library/06_工程图纸/01/05项目【华中地区 2016出版 带清单EXCEL表格】xx联通计算中心一期工程/IDC机楼,IDC机楼,3,A,2016,工程档案,M05/M10,【目录级登记·图纸与素材普查，非逐份精读】本行覆盖目录 `06_工程图纸/01/05项目【华中地区 2016出版 带清单EXCEL表格】xx联通计算中心一期工程/IDC机楼` 及其 1 个子目录下的 **8 个图纸/素材文件**，不逐份打分。构成：AutoCAD 图纸.dwg 8 份。样例文件名：云基地IDC楼强电设计.dwg；(发宋姐)IDC机房楼气体灭火施工图_t3_t3.dwg；长沙IDC建筑平面施工图160727(根据审查意见及消防修改)_t8.dwg；IDC机房楼和动力中心暖通施工图_t3.dwg；20160624 长沙IDC机房楼给排水施工图（审查修改）_t3.dwg。归属项目／板块：06_工程图纸。**为什么不逐份精读也不改名**：这些是 CAD 图纸与三维/位图素材，文字位于矢量路径中、提取不出可用文本（本项目实测同类施工图 PDF 仅能提出 0～500 字符，且多为字形损坏的乱码）；且 dwg 之间存在外部参照（xref），**逐份改名会打断参照关系、破坏图纸可用性**，故按协议只做普查打标。**用法**：需要具体图面信息时，按本行给出的目录定位后用 CAD 打开，或对少量关键图走 render.py 出图后视觉读；目录名本身（专业/楼栋/图别）已具备检索价值，是这批素材的主要索引方式。,2026-08-16
docs/library/06_工程图纸/01/05项目【华中地区 2016出版 带清单EXCEL表格】xx联通计算中心一期工程/人防图纸,人防图纸,3,A,2016,工程档案,M05/M10,【目录级登记·图纸与素材普查，非逐份精读】本行覆盖目录 `06_工程图纸/01/05项目【华中地区 2016出版 带清单EXCEL表格】xx联通计算中心一期工程/人防图纸` 及其 6 个子目录下的 **12 个图纸/素材文件**，不逐份打分。构成：AutoCAD 图纸.dwg 12 份。样例文件名：联通项目人防结构0721.dwg；0721wpjw1.dwg；基本模型配筋结果.dwg；防水板模型结果.dwg；0721wpj1.dwg。归属项目／板块：06_工程图纸。**为什么不逐份精读也不改名**：这些是 CAD 图纸与三维/位图素材，文字位于矢量路径中、提取不出可用文本（本项目实测同类施工图 PDF 仅能提出 0～500 字符，且多为字形损坏的乱码）；且 dwg 之间存在外部参照（xref），**逐份改名会打断参照关系、破坏图纸可用性**，故按协议只做普查打标。**用法**：需要具体图面信息时，按本行给出的目录定位后用 CAD 打开，或对少量关键图走 render.py 出图后视觉读；目录名本身（专业/楼栋/图别）已具备检索价值，是这批素材的主要索引方式。,2026-08-16
docs/library/06_工程图纸/01/05项目【华中地区 2016出版 带清单EXCEL表格】xx联通计算中心一期工程/基坑支护,基坑支护,3,A,2016,工程档案,M05/M10,【目录级登记·图纸与素材普查，非逐份精读】本行覆盖目录 `06_工程图纸/01/05项目【华中地区 2016出版 带清单EXCEL表格】xx联通计算中心一期工程/基坑支护` 及其 1 个子目录下的 **2 个图纸/素材文件**，不逐份打分。构成：AutoCAD 图纸.dwg 2 份。样例文件名：3235CB-1-YT联通河西云基地基坑剖面图_t3.dwg；3235CB-1-YT联通河西云基地基坑平面图_t3.dwg。归属项目／板块：06_工程图纸。**为什么不逐份精读也不改名**：这些是 CAD 图纸与三维/位图素材，文字位于矢量路径中、提取不出可用文本（本项目实测同类施工图 PDF 仅能提出 0～500 字符，且多为字形损坏的乱码）；且 dwg 之间存在外部参照（xref），**逐份改名会打断参照关系、破坏图纸可用性**，故按协议只做普查打标。**用法**：需要具体图面信息时，按本行给出的目录定位后用 CAD 打开，或对少量关键图走 render.py 出图后视觉读；目录名本身（专业/楼栋/图别）已具备检索价值，是这批素材的主要索引方式。,2026-08-16
docs/library/06_工程图纸/01/05项目【华中地区 2016出版 带清单EXCEL表格】xx联通计算中心一期工程/枢纽楼动力中心,枢纽楼动力中心,3,A,2016,工程档案,M05/M10,【目录级登记·图纸与素材普查，非逐份精读】本行覆盖目录 `06_工程图纸/01/05项目【华中地区 2016出版 带清单EXCEL表格】xx联通计算中心一期工程/枢纽楼动力中心` 及其 1 个子目录下的 **6 个图纸/素材文件**，不逐份打分。构成：AutoCAD 图纸.dwg 6 份。样例文件名：20160726建筑--通信枢纽动力楼施工图纸_t6.dwg；通信枢纽动力楼弱电_t3.dwg；动力楼 结施20160713_t3.dwg；20160624 通信枢纽楼动力中心给排水施工图（审查修改）_t3.dwg；枢纽楼动力中心强电图纸.dwg。归属项目／板块：06_工程图纸。**为什么不逐份精读也不改名**：这些是 CAD 图纸与三维/位图素材，文字位于矢量路径中、提取不出可用文本（本项目实测同类施工图 PDF 仅能提出 0～500 字符，且多为字形损坏的乱码）；且 dwg 之间存在外部参照（xref），**逐份改名会打断参照关系、破坏图纸可用性**，故按协议只做普查打标。**用法**：需要具体图面信息时，按本行给出的目录定位后用 CAD 打开，或对少量关键图走 render.py 出图后视觉读；目录名本身（专业/楼栋/图别）已具备检索价值，是这批素材的主要索引方式。,2026-08-16
docs/library/06_工程图纸/01/05项目【华中地区 2016出版 带清单EXCEL表格】xx联通计算中心一期工程/通信枢纽楼,通信枢纽楼,3,A,2016,工程档案,M05/M10,【目录级登记·图纸与素材普查，非逐份精读】本行覆盖目录 `06_工程图纸/01/05项目【华中地区 2016出版 带清单EXCEL表格】xx联通计算中心一期工程/通信枢纽楼` 及其 1 个子目录下的 **10 个图纸/素材文件**，不逐份打分。构成：AutoCAD 图纸.dwg 10 份。样例文件名：联通河西云基地总图_t3.dwg；枢纽楼电气施工图.dwg；20160624 长沙通信枢纽楼给排水施工图 -消火栓（审查修改）_t3.dwg；20160624 长沙通信枢纽楼给排水施工图-自动喷淋（审查修改）_t3.dwg；枢纽楼弱电_t3.dwg。归属项目／板块：06_工程图纸。**为什么不逐份精读也不改名**：这些是 CAD 图纸与三维/位图素材，文字位于矢量路径中、提取不出可用文本（本项目实测同类施工图 PDF 仅能提出 0～500 字符，且多为字形损坏的乱码）；且 dwg 之间存在外部参照（xref），**逐份改名会打断参照关系、破坏图纸可用性**，故按协议只做普查打标。**用法**：需要具体图面信息时，按本行给出的目录定位后用 CAD 打开，或对少量关键图走 render.py 出图后视觉读；目录名本身（专业/楼栋/图别）已具备检索价值，是这批素材的主要索引方式。,2026-08-16
docs/library/06_工程图纸/01/07项目【华东地区 2016.5出版 无清单】x产业园数据中心/供电,供电,3,A,2016,工程档案,M05/M10,【目录级登记·图纸与素材普查，非逐份精读】本行覆盖目录 `06_工程图纸/01/07项目【华东地区 2016.5出版 无清单】x产业园数据中心/供电` 及其 2 个子目录下的 **197 个图纸/素材文件**，不逐份打分。构成：AutoCAD 图纸.dwg 197 份。样例文件名：2-112)D00EPL0001.dwg；2-092)D01EXL0501.dwg；1-44)D-1EPF0709.dwg；1-59)D-1EYL0101.dwg；1-54)D-1ETL0102.dwg。归属项目／板块：06_工程图纸。**为什么不逐份精读也不改名**：这些是 CAD 图纸与三维/位图素材，文字位于矢量路径中、提取不出可用文本（本项目实测同类施工图 PDF 仅能提出 0～500 字符，且多为字形损坏的乱码）；且 dwg 之间存在外部参照（xref），**逐份改名会打断参照关系、破坏图纸可用性**，故按协议只做普查打标。**用法**：需要具体图面信息时，按本行给出的目录定位后用 CAD 打开，或对少量关键图走 render.py 出图后视觉读；目录名本身（专业/楼栋/图别）已具备检索价值，是这批素材的主要索引方式。,2026-08-16
docs/library/06_工程图纸/01/07项目【华东地区 2016.5出版 无清单】x产业园数据中心/动力,动力,3,A,2016,工程档案,M05/M10,【目录级登记·图纸与素材普查，非逐份精读】本行覆盖目录 `06_工程图纸/01/07项目【华东地区 2016.5出版 无清单】x产业园数据中心/动力` 及其 1 个子目录下的 **49 个图纸/素材文件**，不逐份打分。构成：AutoCAD 图纸.dwg 49 份。样例文件名：X01GUF0201.dwg；G-16_D01GCX0101(冷冻站设备基础及排水沟土建条件图).dwg；X01A-L0200.dwg；G-19_D01GFM0201(室内供油设备布置平面图二).dwg；G-02_D01GUA0201(设计及施工说明一).dwg。归属项目／板块：06_工程图纸。**为什么不逐份精读也不改名**：这些是 CAD 图纸与三维/位图素材，文字位于矢量路径中、提取不出可用文本（本项目实测同类施工图 PDF 仅能提出 0～500 字符，且多为字形损坏的乱码）；且 dwg 之间存在外部参照（xref），**逐份改名会打断参照关系、破坏图纸可用性**，故按协议只做普查打标。**用法**：需要具体图面信息时，按本行给出的目录定位后用 CAD 打开，或对少量关键图走 render.py 出图后视觉读；目录名本身（专业/楼栋/图别）已具备检索价值，是这批素材的主要索引方式。,2026-08-16
docs/library/06_工程图纸/01/07项目【华东地区 2016.5出版 无清单】x产业园数据中心/工艺,工艺,3,A,2016,工程档案,M05/M10,【目录级登记·图纸与素材普查，非逐份精读】本行覆盖目录 `06_工程图纸/01/07项目【华东地区 2016.5出版 无清单】x产业园数据中心/工艺` 及其 1 个子目录下的 **27 个图纸/素材文件**，不逐份打分。构成：AutoCAD 图纸.dwg 27 份。样例文件名：(2)D01I-F0201.dwg；一层工艺条件.dwg；X-E.dwg；(18)D01IXE0204.dwg；(10)D01IXL0400.dwg。归属项目／板块：06_工程图纸。**为什么不逐份精读也不改名**：这些是 CAD 图纸与三维/位图素材，文字位于矢量路径中、提取不出可用文本（本项目实测同类施工图 PDF 仅能提出 0～500 字符，且多为字形损坏的乱码）；且 dwg 之间存在外部参照（xref），**逐份改名会打断参照关系、破坏图纸可用性**，故按协议只做普查打标。**用法**：需要具体图面信息时，按本行给出的目录定位后用 CAD 打开，或对少量关键图走 render.py 出图后视觉读；目录名本身（专业/楼栋/图别）已具备检索价值，是这批素材的主要索引方式。,2026-08-16
docs/library/06_工程图纸/01/07项目【华东地区 2016.5出版 无清单】x产业园数据中心/建筑,建筑,3,A,2016,工程档案,M05/M10,【目录级登记·图纸与素材普查，非逐份精读】本行覆盖目录 `06_工程图纸/01/07项目【华东地区 2016.5出版 无清单】x产业园数据中心/建筑` 及其 1 个子目录下的 **66 个图纸/素材文件**，不逐份打分。构成：AutoCAD 图纸.dwg 66 份。样例文件名：23-D01A-C0401.dwg；X01A-F0300.dwg；15-D01A-E0201.dwg；10-D01A-L0501.dwg；X01AP-L0100.dwg。归属项目／板块：06_工程图纸。**为什么不逐份精读也不改名**：这些是 CAD 图纸与三维/位图素材，文字位于矢量路径中、提取不出可用文本（本项目实测同类施工图 PDF 仅能提出 0～500 字符，且多为字形损坏的乱码）；且 dwg 之间存在外部参照（xref），**逐份改名会打断参照关系、破坏图纸可用性**，故按协议只做普查打标。**用法**：需要具体图面信息时，按本行给出的目录定位后用 CAD 打开，或对少量关键图走 render.py 出图后视觉读；目录名本身（专业/楼栋/图别）已具备检索价值，是这批素材的主要索引方式。,2026-08-16
docs/library/06_工程图纸/01/07项目【华东地区 2016.5出版 无清单】x产业园数据中心/暖通,暖通,3,A,2016,工程档案,M05/M10,【目录级登记·图纸与素材普查，非逐份精读】本行覆盖目录 `06_工程图纸/01/07项目【华东地区 2016.5出版 无清单】x产业园数据中心/暖通` 及其 1 个子目录下的 **35 个图纸/素材文件**，不逐份打分。构成：AutoCAD 图纸.dwg 35 份。样例文件名：1-043-屋面通风空调平面图（一）.dwg；1-037-五层加湿及冷凝水管平面图.dwg；1-06-全室通风与设备表.dwg；1-025-三层通风平面图.dwg；1-031-四层消防排烟平面图.dwg。归属项目／板块：06_工程图纸。**为什么不逐份精读也不改名**：这些是 CAD 图纸与三维/位图素材，文字位于矢量路径中、提取不出可用文本（本项目实测同类施工图 PDF 仅能提出 0～500 字符，且多为字形损坏的乱码）；且 dwg 之间存在外部参照（xref），**逐份改名会打断参照关系、破坏图纸可用性**，故按协议只做普查打标。**用法**：需要具体图面信息时，按本行给出的目录定位后用 CAD 打开，或对少量关键图走 render.py 出图后视觉读；目录名本身（专业/楼栋/图别）已具备检索价值，是这批素材的主要索引方式。,2026-08-16
docs/library/06_工程图纸/01/07项目【华东地区 2016.5出版 无清单】x产业园数据中心/水,水,3,A,2016,工程档案,M05/M10,【目录级登记·图纸与素材普查，非逐份精读】本行覆盖目录 `06_工程图纸/01/07项目【华东地区 2016.5出版 无清单】x产业园数据中心/水` 及其 1 个子目录下的 **11 个图纸/素材文件**，不逐份打分。构成：AutoCAD 图纸.dwg 11 份。样例文件名：W14 D01WSL0201二层生产、生活给排水平面图.dwg；W05 D01WSF0301生产给排水原理图.dwg；W15 D01WSL0301三层生产、生活给排水平面图.dwg；W07 D01WSF0303消防废水排水系统原理图（二）.dwg；W06 D01WSF0302消防废水排水系统原理图（一）.dwg。归属项目／板块：06_工程图纸。**为什么不逐份精读也不改名**：这些是 CAD 图纸与三维/位图素材，文字位于矢量路径中、提取不出可用文本（本项目实测同类施工图 PDF 仅能提出 0～500 字符，且多为字形损坏的乱码）；且 dwg 之间存在外部参照（xref），**逐份改名会打断参照关系、破坏图纸可用性**，故按协议只做普查打标。**用法**：需要具体图面信息时，按本行给出的目录定位后用 CAD 打开，或对少量关键图走 render.py 出图后视觉读；目录名本身（专业/楼栋/图别）已具备检索价值，是这批素材的主要索引方式。,2026-08-16
docs/library/06_工程图纸/01/07项目【华东地区 2016.5出版 无清单】x产业园数据中心/电照,电照,3,A,2016,工程档案,M05/M10,【目录级登记·图纸与素材普查，非逐份精读】本行覆盖目录 `06_工程图纸/01/07项目【华东地区 2016.5出版 无清单】x产业园数据中心/电照` 及其 1 个子目录下的 **82 个图纸/素材文件**，不逐份打分。构成：AutoCAD 图纸.dwg 82 份。样例文件名：22-D01EKL0402四层电力干线布线图.dwg；76-D01EDF0515配电箱接线图（十五）.dwg；08-D01EDF0202电力、照明配电干线系统图.dwg；49-D01ELL0601六层照明布线图.dwg；64-D01EDF0503配电箱接线图（三）.dwg。归属项目／板块：06_工程图纸。**为什么不逐份精读也不改名**：这些是 CAD 图纸与三维/位图素材，文字位于矢量路径中、提取不出可用文本（本项目实测同类施工图 PDF 仅能提出 0～500 字符，且多为字形损坏的乱码）；且 dwg 之间存在外部参照（xref），**逐份改名会打断参照关系、破坏图纸可用性**，故按协议只做普查打标。**用法**：需要具体图面信息时，按本行给出的目录定位后用 CAD 打开，或对少量关键图走 render.py 出图后视觉读；目录名本身（专业/楼栋/图别）已具备检索价值，是这批素材的主要索引方式。,2026-08-16
docs/library/06_工程图纸/01/07项目【华东地区 2016.5出版 无清单】x产业园数据中心/自控,自控,3,A,2016,工程档案,M05/M10,【目录级登记·图纸与素材普查，非逐份精读】本行覆盖目录 `06_工程图纸/01/07项目【华东地区 2016.5出版 无清单】x产业园数据中心/自控` 及其 1 个子目录下的 **74 个图纸/素材文件**，不逐份打分。构成：AutoCAD 图纸.dwg 74 份。样例文件名：X01K-L0502.dwg；(20)D01K-L0302(三层自控桥架布置图).dwg；(18)D01K-LR101(屋面自控布线图).dwg；X01GUF0201.dwg；(01)D01K-A0101(图纸目录及设备材料表).dwg。归属项目／板块：06_工程图纸。**为什么不逐份精读也不改名**：这些是 CAD 图纸与三维/位图素材，文字位于矢量路径中、提取不出可用文本（本项目实测同类施工图 PDF 仅能提出 0～500 字符，且多为字形损坏的乱码）；且 dwg 之间存在外部参照（xref），**逐份改名会打断参照关系、破坏图纸可用性**，故按协议只做普查打标。**用法**：需要具体图面信息时，按本行给出的目录定位后用 CAD 打开，或对少量关键图走 render.py 出图后视觉读；目录名本身（专业/楼栋/图别）已具备检索价值，是这批素材的主要索引方式。,2026-08-16
docs/library/06_工程图纸/01/07项目【华东地区 2016.5出版 无清单】x产业园数据中心/通信,通信,3,A,2016,工程档案,M05/M10,【目录级登记·图纸与素材普查，非逐份精读】本行覆盖目录 `06_工程图纸/01/07项目【华东地区 2016.5出版 无清单】x产业园数据中心/通信` 及其 1 个子目录下的 **58 个图纸/素材文件**，不逐份打分。构成：AutoCAD 图纸.dwg 58 份。样例文件名：T39-D01TTL0101 1号建筑（数据中心1）一层弱电系统平面图.dwg；T41-D01TTL0301 1号建筑（数据中心1）三层弱电系统平面图.dwg；T02-D01T-A0201 1号建筑（数据中心1）设计说明（1）.dwg；T24-D01TFC0501 1号建筑（数据中心1）五层吊顶内火灾自动报警系统及极早期报警系统平面图.dwg；T38-D01TPLR101 1号建筑（数据中心1）屋顶广播系统平面图.dwg。归属项目／板块：06_工程图纸。**为什么不逐份精读也不改名**：这些是 CAD 图纸与三维/位图素材，文字位于矢量路径中、提取不出可用文本（本项目实测同类施工图 PDF 仅能提出 0～500 字符，且多为字形损坏的乱码）；且 dwg 之间存在外部参照（xref），**逐份改名会打断参照关系、破坏图纸可用性**，故按协议只做普查打标。**用法**：需要具体图面信息时，按本行给出的目录定位后用 CAD 打开，或对少量关键图走 render.py 出图后视觉读；目录名本身（专业/楼栋/图别）已具备检索价值，是这批素材的主要索引方式。,2026-08-16
docs/library/06_工程图纸/01/08项目【华北地区 2019.2出版 无清单】x云数据中心三期/0-总图,0-总图,3,A,2019,工程档案,M05/M10,【目录级登记·图纸与素材普查，非逐份精读】本行覆盖目录 `06_工程图纸/01/08项目【华北地区 2019.2出版 无清单】x云数据中心三期/0-总图` 及其 1 个子目录下的 **5 个图纸/素材文件**，不逐份打分。构成：AutoCAD 图纸.dwg 5 份。样例文件名：华为云数据中心三期一阶段--AZ2总平面施工图20190220.dwg；华为云数据中心三期一阶段--AZ2总平面施工图190220-电源室外管道.dwg；AZ2总平面施工图20190220-给排水.dwg；道路详图20190217.dwg；地埋油罐施工图20190217.dwg。归属项目／板块：06_工程图纸。**为什么不逐份精读也不改名**：这些是 CAD 图纸与三维/位图素材，文字位于矢量路径中、提取不出可用文本（本项目实测同类施工图 PDF 仅能提出 0～500 字符，且多为字形损坏的乱码）；且 dwg 之间存在外部参照（xref），**逐份改名会打断参照关系、破坏图纸可用性**，故按协议只做普查打标。**用法**：需要具体图面信息时，按本行给出的目录定位后用 CAD 打开，或对少量关键图走 render.py 出图后视觉读；目录名本身（专业/楼栋/图别）已具备检索价值，是这批素材的主要索引方式。,2026-08-16
docs/library/06_工程图纸/01/08项目【华北地区 2019.2出版 无清单】x云数据中心三期/1-建筑,1-建筑,3,A,2019,工程档案,M05/M10,【目录级登记·图纸与素材普查，非逐份精读】本行覆盖目录 `06_工程图纸/01/08项目【华北地区 2019.2出版 无清单】x云数据中心三期/1-建筑` 及其 3 个子目录下的 **3 个图纸/素材文件**，不逐份打分。构成：AutoCAD 图纸.dwg 3 份。样例文件名：室外消防水池20190217.dwg；华为云数据中心三期一阶段-综合楼施工图20190217.dwg；华为云数据中心三期一阶段--数据机房施工图20190220.dwg。归属项目／板块：06_工程图纸。**为什么不逐份精读也不改名**：这些是 CAD 图纸与三维/位图素材，文字位于矢量路径中、提取不出可用文本（本项目实测同类施工图 PDF 仅能提出 0～500 字符，且多为字形损坏的乱码）；且 dwg 之间存在外部参照（xref），**逐份改名会打断参照关系、破坏图纸可用性**，故按协议只做普查打标。**用法**：需要具体图面信息时，按本行给出的目录定位后用 CAD 打开，或对少量关键图走 render.py 出图后视觉读；目录名本身（专业/楼栋/图别）已具备检索价值，是这批素材的主要索引方式。,2026-08-16
docs/library/06_工程图纸/01/08项目【华北地区 2019.2出版 无清单】x云数据中心三期/2-结构,2-结构,3,A,2019,工程档案,M05/M10,【目录级登记·图纸与素材普查，非逐份精读】本行覆盖目录 `06_工程图纸/01/08项目【华北地区 2019.2出版 无清单】x云数据中心三期/2-结构` 及其 3 个子目录下的 **10 个图纸/素材文件**，不逐份打分。构成：AutoCAD 图纸.dwg 10 份。样例文件名：结施通0220.dwg；油机平台钢结构和蓄冷罐假负载基础0217.dwg；地埋油罐.dwg；室外消防水池楼梯.dwg；综合楼楼梯.dwg。归属项目／板块：06_工程图纸。**为什么不逐份精读也不改名**：这些是 CAD 图纸与三维/位图素材，文字位于矢量路径中、提取不出可用文本（本项目实测同类施工图 PDF 仅能提出 0～500 字符，且多为字形损坏的乱码）；且 dwg 之间存在外部参照（xref），**逐份改名会打断参照关系、破坏图纸可用性**，故按协议只做普查打标。**用法**：需要具体图面信息时，按本行给出的目录定位后用 CAD 打开，或对少量关键图走 render.py 出图后视觉读；目录名本身（专业/楼栋/图别）已具备检索价值，是这批素材的主要索引方式。,2026-08-16
docs/library/06_工程图纸/01/08项目【华北地区 2019.2出版 无清单】x云数据中心三期/3-给排水,3-给排水,3,A,2019,工程档案,M05/M10,【目录级登记·图纸与素材普查，非逐份精读】本行覆盖目录 `06_工程图纸/01/08项目【华北地区 2019.2出版 无清单】x云数据中心三期/3-给排水` 及其 1 个子目录下的 **3 个图纸/素材文件**，不逐份打分。构成：AutoCAD 图纸.dwg 3 份。样例文件名：华为云数据中心三期一阶段-综合楼施工图20190220.dwg；给排水施工图--数据机房-20190220.dwg；室外消防水池20190217_t3.dwg。归属项目／板块：06_工程图纸。**为什么不逐份精读也不改名**：这些是 CAD 图纸与三维/位图素材，文字位于矢量路径中、提取不出可用文本（本项目实测同类施工图 PDF 仅能提出 0～500 字符，且多为字形损坏的乱码）；且 dwg 之间存在外部参照（xref），**逐份改名会打断参照关系、破坏图纸可用性**，故按协议只做普查打标。**用法**：需要具体图面信息时，按本行给出的目录定位后用 CAD 打开，或对少量关键图走 render.py 出图后视觉读；目录名本身（专业/楼栋/图别）已具备检索价值，是这批素材的主要索引方式。,2026-08-16
docs/library/06_工程图纸/01/08项目【华北地区 2019.2出版 无清单】x云数据中心三期/4-暖通,4-暖通,3,A,2019,工程档案,M05/M10,【目录级登记·图纸与素材普查，非逐份精读】本行覆盖目录 `06_工程图纸/01/08项目【华北地区 2019.2出版 无清单】x云数据中心三期/4-暖通` 及其 2 个子目录下的 **42 个图纸/素材文件**，不逐份打分。构成：AutoCAD 图纸.dwg 42 份。样例文件名：30 - 水泵房4基础、水管平面图  剖面图.dwg；01-13华为乌兰察布数据中心项目-空调.dwg；17 - 一层排烟平面图.dwg；19 - 8-000标高通风平面图.dwg；22 - 一层冷媒管平面图.dwg。归属项目／板块：06_工程图纸。**为什么不逐份精读也不改名**：这些是 CAD 图纸与三维/位图素材，文字位于矢量路径中、提取不出可用文本（本项目实测同类施工图 PDF 仅能提出 0～500 字符，且多为字形损坏的乱码）；且 dwg 之间存在外部参照（xref），**逐份改名会打断参照关系、破坏图纸可用性**，故按协议只做普查打标。**用法**：需要具体图面信息时，按本行给出的目录定位后用 CAD 打开，或对少量关键图走 render.py 出图后视觉读；目录名本身（专业/楼栋/图别）已具备检索价值，是这批素材的主要索引方式。,2026-08-16
docs/library/06_工程图纸/01/08项目【华北地区 2019.2出版 无清单】x云数据中心三期/5-电气,5-电气,3,A,2019,工程档案,M05/M10,【目录级登记·图纸与素材普查，非逐份精读】本行覆盖目录 `06_工程图纸/01/08项目【华北地区 2019.2出版 无清单】x云数据中心三期/5-电气` 及其 1 个子目录下的 **6 个图纸/素材文件**，不逐份打分。构成：AutoCAD 图纸.dwg 6 份。样例文件名：室外消防水池-消防报警0220.dwg；华为云数据中心三期一阶段--数据机房--配电照明0220.dwg；室外消防水池-消防报警0220_t3.dwg；华为云数据中心三期一阶段--数据机房--防雷接地0220.dwg；室外消防水池-配电照明接地0220.dwg。归属项目／板块：06_工程图纸。**为什么不逐份精读也不改名**：这些是 CAD 图纸与三维/位图素材，文字位于矢量路径中、提取不出可用文本（本项目实测同类施工图 PDF 仅能提出 0～500 字符，且多为字形损坏的乱码）；且 dwg 之间存在外部参照（xref），**逐份改名会打断参照关系、破坏图纸可用性**，故按协议只做普查打标。**用法**：需要具体图面信息时，按本行给出的目录定位后用 CAD 打开，或对少量关键图走 render.py 出图后视觉读；目录名本身（专业/楼栋/图别）已具备检索价值，是这批素材的主要索引方式。,2026-08-16
docs/library/06_工程图纸/01/08项目【华北地区 2019.2出版 无清单】x云数据中心三期/6-弱电,6-弱电,3,A,2019,工程档案,M05/M10,【目录级登记·图纸与素材普查，非逐份精读】本行覆盖目录 `06_工程图纸/01/08项目【华北地区 2019.2出版 无清单】x云数据中心三期/6-弱电` 及其 1 个子目录下的 **4 个图纸/素材文件**，不逐份打分。构成：AutoCAD 图纸.dwg 4 份。样例文件名：华为云数据中心三期一阶段--数据机房施工图20190215【安防】_t3.dwg；华为云数据中心三期一阶段--数据机房施工图20190215【电力监控、动环、群控】_t3.dwg；华为云数据中心三期一阶段-综合楼施工图20190217_t3.dwg；华为云数据中心三期一阶段--AZ2总平面施工图20190217【总平】_t3.dwg。归属项目／板块：06_工程图纸。**为什么不逐份精读也不改名**：这些是 CAD 图纸与三维/位图素材，文字位于矢量路径中、提取不出可用文本（本项目实测同类施工图 PDF 仅能提出 0～500 字符，且多为字形损坏的乱码）；且 dwg 之间存在外部参照（xref），**逐份改名会打断参照关系、破坏图纸可用性**，故按协议只做普查打标。**用法**：需要具体图面信息时，按本行给出的目录定位后用 CAD 打开，或对少量关键图走 render.py 出图后视觉读；目录名本身（专业/楼栋/图别）已具备检索价值，是这批素材的主要索引方式。,2026-08-16
docs/library/06_工程图纸/01/08项目【华北地区 2019.2出版 无清单】x云数据中心三期/7-电源,7-电源,3,A,2019,工程档案,M05/M10,【目录级登记·图纸与素材普查，非逐份精读】本行覆盖目录 `06_工程图纸/01/08项目【华北地区 2019.2出版 无清单】x云数据中心三期/7-电源` 及其 3 个子目录下的 **7 个图纸/素材文件**，不逐份打分。构成：AutoCAD 图纸.dwg 7 份。样例文件名：华为云数据中心三期一阶段 AZ2地块--发电机工程V2019.2.20.dwg；高低压UPS平面图V2019.2.17_t3.dwg；高低压UPS系统图V2019.2.17_t3.dwg；高低压UPS系统图V2019.2.17.dwg；高低压UPS平面图V2019.2.17.dwg。归属项目／板块：06_工程图纸。**为什么不逐份精读也不改名**：这些是 CAD 图纸与三维/位图素材，文字位于矢量路径中、提取不出可用文本（本项目实测同类施工图 PDF 仅能提出 0～500 字符，且多为字形损坏的乱码）；且 dwg 之间存在外部参照（xref），**逐份改名会打断参照关系、破坏图纸可用性**，故按协议只做普查打标。**用法**：需要具体图面信息时，按本行给出的目录定位后用 CAD 打开，或对少量关键图走 render.py 出图后视觉读；目录名本身（专业/楼栋/图别）已具备检索价值，是这批素材的主要索引方式。,2026-08-16
docs/library/06_工程图纸/01/08项目【华北地区 2019.2出版 无清单】x云数据中心三期/8-工艺,8-工艺,3,A,2019,工程档案,M05/M10,【目录级登记·图纸与素材普查，非逐份精读】本行覆盖目录 `06_工程图纸/01/08项目【华北地区 2019.2出版 无清单】x云数据中心三期/8-工艺` 及其 2 个子目录下的 **11 个图纸/素材文件**，不逐份打分。构成：AutoCAD 图纸.dwg 11 份。样例文件名：华为云数据中心三期一阶段--综合楼机电施工图-工艺20190217.dwg；华为云数据中心三期一阶段--数据机房机电施工图-工艺20190217.dwg；TKA0+.dwg；Arch02.dwg；TKA1+.dwg。归属项目／板块：06_工程图纸。**为什么不逐份精读也不改名**：这些是 CAD 图纸与三维/位图素材，文字位于矢量路径中、提取不出可用文本（本项目实测同类施工图 PDF 仅能提出 0～500 字符，且多为字形损坏的乱码）；且 dwg 之间存在外部参照（xref），**逐份改名会打断参照关系、破坏图纸可用性**，故按协议只做普查打标。**用法**：需要具体图面信息时，按本行给出的目录定位后用 CAD 打开，或对少量关键图走 render.py 出图后视觉读；目录名本身（专业/楼栋/图别）已具备检索价值，是这批素材的主要索引方式。,2026-08-16
docs/library/06_工程图纸/01/08项目【华北地区 2019.2出版 无清单】x云数据中心三期/9-装饰,9-装饰,3,A,2019,工程档案,M05/M10,【目录级登记·图纸与素材普查，非逐份精读】本行覆盖目录 `06_工程图纸/01/08项目【华北地区 2019.2出版 无清单】x云数据中心三期/9-装饰` 及其 1 个子目录下的 **1 个图纸/素材文件**，不逐份打分。构成：AutoCAD 图纸.dwg 1 份。样例文件名：装饰-华为云数据中心三期一阶段--数据机房机电施工图201900220.dwg。归属项目／板块：06_工程图纸。**为什么不逐份精读也不改名**：这些是 CAD 图纸与三维/位图素材，文字位于矢量路径中、提取不出可用文本（本项目实测同类施工图 PDF 仅能提出 0～500 字符，且多为字形损坏的乱码）；且 dwg 之间存在外部参照（xref），**逐份改名会打断参照关系、破坏图纸可用性**，故按协议只做普查打标。**用法**：需要具体图面信息时，按本行给出的目录定位后用 CAD 打开，或对少量关键图走 render.py 出图后视觉读；目录名本身（专业/楼栋/图别）已具备检索价值，是这批素材的主要索引方式。,2026-08-16
docs/library/06_工程图纸/238,238,3,A,2022,工程档案,M05/M10,【目录级登记·图纸与素材普查，非逐份精读】本行覆盖目录 `06_工程图纸/238` 及其 1 个子目录下的 **3 个图纸/素材文件**，不逐份打分。构成：位图.jpg 2 份、AutoCAD 图纸.dwg 1 份。样例文件名：数据中心机房.dwg；效果参考2.jpg；效果参考.jpg。归属项目／板块：06_工程图纸。**为什么不逐份精读也不改名**：这些是 CAD 图纸与三维/位图素材，文字位于矢量路径中、提取不出可用文本（本项目实测同类施工图 PDF 仅能提出 0～500 字符，且多为字形损坏的乱码）；且 dwg 之间存在外部参照（xref），**逐份改名会打断参照关系、破坏图纸可用性**，故按协议只做普查打标。**用法**：需要具体图面信息时，按本行给出的目录定位后用 CAD 打开，或对少量关键图走 render.py 出图后视觉读；目录名本身（专业/楼栋/图别）已具备检索价值，是这批素材的主要索引方式。,2026-08-16
docs/library/06_工程图纸/321,321,3,A,2022,工程档案,M05/M10,【目录级登记·图纸与素材普查，非逐份精读】本行覆盖目录 `06_工程图纸/321` 及其 1 个子目录下的 **1 个图纸/素材文件**，不逐份打分。构成：AutoCAD 图纸.dwg 1 份。样例文件名：机房工程系统图.dwg。归属项目／板块：06_工程图纸。**为什么不逐份精读也不改名**：这些是 CAD 图纸与三维/位图素材，文字位于矢量路径中、提取不出可用文本（本项目实测同类施工图 PDF 仅能提出 0～500 字符，且多为字形损坏的乱码）；且 dwg 之间存在外部参照（xref），**逐份改名会打断参照关系、破坏图纸可用性**，故按协议只做普查打标。**用法**：需要具体图面信息时，按本行给出的目录定位后用 CAD 打开，或对少量关键图走 render.py 出图后视觉读；目录名本身（专业/楼栋/图别）已具备检索价值，是这批素材的主要索引方式。,2026-08-16
docs/library/06_工程图纸/3D模型/F182、机房3D模型/01,01,3,A,2022,工程档案,M05/M10,【目录级登记·图纸与素材普查，非逐份精读】本行覆盖目录 `06_工程图纸/3D模型/F182、机房3D模型/01` 及其 1 个子目录下的 **14 个图纸/素材文件**，不逐份打分。构成：位图.jpg 13 份、3ds Max 模型.max 1 份。样例文件名：1-13032QH15321442144.jpg；pult.jpg；LP76.jpg；ODZ18.jpg；SUNSET90.jpg。归属项目／板块：06_工程图纸。**为什么不逐份精读也不改名**：这些是 CAD 图纸与三维/位图素材，文字位于矢量路径中、提取不出可用文本（本项目实测同类施工图 PDF 仅能提出 0～500 字符，且多为字形损坏的乱码）；且 dwg 之间存在外部参照（xref），**逐份改名会打断参照关系、破坏图纸可用性**，故按协议只做普查打标。**用法**：需要具体图面信息时，按本行给出的目录定位后用 CAD 打开，或对少量关键图走 render.py 出图后视觉读；目录名本身（专业/楼栋/图别）已具备检索价值，是这批素材的主要索引方式。,2026-08-16
docs/library/06_工程图纸/3D模型/F182、机房3D模型/02,02,3,A,2022,工程档案,M05/M10,【目录级登记·图纸与素材普查，非逐份精读】本行覆盖目录 `06_工程图纸/3D模型/F182、机房3D模型/02` 及其 3 个子目录下的 **16 个图纸/素材文件**，不逐份打分。构成：位图.jpg 14 份、3ds Max 模型.max 1 份、位图.png 1 份。样例文件名：Í©╗ËÍðð─1-21©─.max；MJ240K}O`06@WR_TW4S1JMU.png；956e5a16e40c3d2f80948b85ebb740a2_16113B163-10.jpg；3d66model2017-186-63-312561.jpg；controlpult_color.jpg。归属项目／板块：06_工程图纸。**为什么不逐份精读也不改名**：这些是 CAD 图纸与三维/位图素材，文字位于矢量路径中、提取不出可用文本（本项目实测同类施工图 PDF 仅能提出 0～500 字符，且多为字形损坏的乱码）；且 dwg 之间存在外部参照（xref），**逐份改名会打断参照关系、破坏图纸可用性**，故按协议只做普查打标。**用法**：需要具体图面信息时，按本行给出的目录定位后用 CAD 打开，或对少量关键图走 render.py 出图后视觉读；目录名本身（专业/楼栋/图别）已具备检索价值，是这批素材的主要索引方式。,2026-08-16
docs/library/06_工程图纸/3D模型/F182、机房3D模型/03,03,3,A,2022,工程档案,M05/M10,【目录级登记·图纸与素材普查，非逐份精读】本行覆盖目录 `06_工程图纸/3D模型/F182、机房3D模型/03` 及其 1 个子目录下的 **1 个图纸/素材文件**，不逐份打分。构成：3ds Max 模型.max 1 份。样例文件名：¤Í┤·╗·À┐À■╬±ã¸╗·╣±.max。归属项目／板块：06_工程图纸。**为什么不逐份精读也不改名**：这些是 CAD 图纸与三维/位图素材，文字位于矢量路径中、提取不出可用文本（本项目实测同类施工图 PDF 仅能提出 0～500 字符，且多为字形损坏的乱码）；且 dwg 之间存在外部参照（xref），**逐份改名会打断参照关系、破坏图纸可用性**，故按协议只做普查打标。**用法**：需要具体图面信息时，按本行给出的目录定位后用 CAD 打开，或对少量关键图走 render.py 出图后视觉读；目录名本身（专业/楼栋/图别）已具备检索价值，是这批素材的主要索引方式。,2026-08-16
docs/library/06_工程图纸/3D模型/F182、机房3D模型/04,04,3,A,2022,工程档案,M05/M10,【目录级登记·图纸与素材普查，非逐份精读】本行覆盖目录 `06_工程图纸/3D模型/F182、机房3D模型/04` 及其 2 个子目录下的 **10 个图纸/素材文件**，不逐份打分。构成：位图.jpg 9 份、3ds Max 模型.max 1 份。样例文件名：0.max；0.jpg；ji0004.jpg；ji0005.jpg；ji0007.jpg。归属项目／板块：06_工程图纸。**为什么不逐份精读也不改名**：这些是 CAD 图纸与三维/位图素材，文字位于矢量路径中、提取不出可用文本（本项目实测同类施工图 PDF 仅能提出 0～500 字符，且多为字形损坏的乱码）；且 dwg 之间存在外部参照（xref），**逐份改名会打断参照关系、破坏图纸可用性**，故按协议只做普查打标。**用法**：需要具体图面信息时，按本行给出的目录定位后用 CAD 打开，或对少量关键图走 render.py 出图后视觉读；目录名本身（专业/楼栋/图别）已具备检索价值，是这批素材的主要索引方式。,2026-08-16
docs/library/06_工程图纸/3D模型/F182、机房3D模型/08,08,3,A,2022,工程档案,M05/M10,【目录级登记·图纸与素材普查，非逐份精读】本行覆盖目录 `06_工程图纸/3D模型/F182、机房3D模型/08` 及其 1 个子目录下的 **12 个图纸/素材文件**，不逐份打分。构成：位图.jpg 8 份、位图.png 3 份、3ds Max 模型.max 1 份。样例文件名：003.png；城市.jpg；004.png；扫码关注公众号 模型素材拿到你手软.jpg；0001.png。归属项目／板块：06_工程图纸。**为什么不逐份精读也不改名**：这些是 CAD 图纸与三维/位图素材，文字位于矢量路径中、提取不出可用文本（本项目实测同类施工图 PDF 仅能提出 0～500 字符，且多为字形损坏的乱码）；且 dwg 之间存在外部参照（xref），**逐份改名会打断参照关系、破坏图纸可用性**，故按协议只做普查打标。**用法**：需要具体图面信息时，按本行给出的目录定位后用 CAD 打开，或对少量关键图走 render.py 出图后视觉读；目录名本身（专业/楼栋/图别）已具备检索价值，是这批素材的主要索引方式。,2026-08-16
docs/library/06_工程图纸/3D模型/F182、机房3D模型/attachment_1619484832215,attachment_1619484832215,3,A,2022,工程档案,M05/M10,【目录级登记·图纸与素材普查，非逐份精读】本行覆盖目录 `06_工程图纸/3D模型/F182、机房3D模型/attachment_1619484832215` 及其 1 个子目录下的 **13 个图纸/素材文件**，不逐份打分。构成：位图.jpg 11 份、3ds Max 模型.max 1 份、位图.png 1 份。样例文件名：格满林彩钢板.jpg；机柜.jpg；4-26.max；七氟丙烷贴图.jpg；7d57a32fb8f00a45bc3dde477412853.jpg。归属项目／板块：06_工程图纸。**为什么不逐份精读也不改名**：这些是 CAD 图纸与三维/位图素材，文字位于矢量路径中、提取不出可用文本（本项目实测同类施工图 PDF 仅能提出 0～500 字符，且多为字形损坏的乱码）；且 dwg 之间存在外部参照（xref），**逐份改名会打断参照关系、破坏图纸可用性**，故按协议只做普查打标。**用法**：需要具体图面信息时，按本行给出的目录定位后用 CAD 打开，或对少量关键图走 render.py 出图后视觉读；目录名本身（专业/楼栋/图别）已具备检索价值，是这批素材的主要索引方式。,2026-08-16
docs/library/06_工程图纸/3D模型/F182、机房3D模型/attachment_1621055561371,attachment_1621055561371,3,A,2022,工程档案,M05/M10,【目录级登记·图纸与素材普查，非逐份精读】本行覆盖目录 `06_工程图纸/3D模型/F182、机房3D模型/attachment_1621055561371` 及其 1 个子目录下的 **408 个图纸/素材文件**，不逐份打分。构成：位图.png 392 份、位图.jpg 14 份、3ds Max 模型.max 2 份。样例文件名：Cancel_Map_023.png；Cancel_Map_0132 (2).png；Cancel_Map_0122 (2).png；Cancel_Map_037.png；7.8号楼出图.max。归属项目／板块：06_工程图纸。**为什么不逐份精读也不改名**：这些是 CAD 图纸与三维/位图素材，文字位于矢量路径中、提取不出可用文本（本项目实测同类施工图 PDF 仅能提出 0～500 字符，且多为字形损坏的乱码）；且 dwg 之间存在外部参照（xref），**逐份改名会打断参照关系、破坏图纸可用性**，故按协议只做普查打标。**用法**：需要具体图面信息时，按本行给出的目录定位后用 CAD 打开，或对少量关键图走 render.py 出图后视觉读；目录名本身（专业/楼栋/图别）已具备检索价值，是这批素材的主要索引方式。,2026-08-16
docs/library/06_工程图纸/3D模型/F182、机房3D模型/attachment_1622535472978,attachment_1622535472978,3,A,2022,工程档案,M05/M10,【目录级登记·图纸与素材普查，非逐份精读】本行覆盖目录 `06_工程图纸/3D模型/F182、机房3D模型/attachment_1622535472978` 及其 1 个子目录下的 **31 个图纸/素材文件**，不逐份打分。构成：位图.jpg 28 份、位图.gif 1 份、位图.tif 1 份、3ds Max 模型.max 1 份。样例文件名：3d66Model-675601-files-6.jpg；3d66Model-675601-files-5.jpg；3d66Model-675601-files-4.jpg；JIJIA148.jpg；集简空间Y-201111-31017.jpg。归属项目／板块：06_工程图纸。**为什么不逐份精读也不改名**：这些是 CAD 图纸与三维/位图素材，文字位于矢量路径中、提取不出可用文本（本项目实测同类施工图 PDF 仅能提出 0～500 字符，且多为字形损坏的乱码）；且 dwg 之间存在外部参照（xref），**逐份改名会打断参照关系、破坏图纸可用性**，故按协议只做普查打标。**用法**：需要具体图面信息时，按本行给出的目录定位后用 CAD 打开，或对少量关键图走 render.py 出图后视觉读；目录名本身（专业/楼栋/图别）已具备检索价值，是这批素材的主要索引方式。,2026-08-16
docs/library/06_工程图纸/3D模型/F182、机房3D模型/attachment_1627027623062,attachment_1627027623062,3,A,2022,工程档案,M05/M10,【目录级登记·图纸与素材普查，非逐份精读】本行覆盖目录 `06_工程图纸/3D模型/F182、机房3D模型/attachment_1627027623062` 及其 1 个子目录下的 **7 个图纸/素材文件**，不逐份打分。构成：位图.jpg 6 份、3ds Max 模型.max 1 份。样例文件名：3d66Model-782225-files-1.jpg；3.21机房.max；3d66Model-782225-files-3.jpg；3d66Model-782225-files-2.jpg；3d66Model-782225-files-5.jpg。归属项目／板块：06_工程图纸。**为什么不逐份精读也不改名**：这些是 CAD 图纸与三维/位图素材，文字位于矢量路径中、提取不出可用文本（本项目实测同类施工图 PDF 仅能提出 0～500 字符，且多为字形损坏的乱码）；且 dwg 之间存在外部参照（xref），**逐份改名会打断参照关系、破坏图纸可用性**，故按协议只做普查打标。**用法**：需要具体图面信息时，按本行给出的目录定位后用 CAD 打开，或对少量关键图走 render.py 出图后视觉读；目录名本身（专业/楼栋/图别）已具备检索价值，是这批素材的主要索引方式。,2026-08-16
docs/library/06_工程图纸/3D模型/F182、机房3D模型/attachment_1650527417482,attachment_1650527417482,3,A,2022,工程档案,M05/M10,【目录级登记·图纸与素材普查，非逐份精读】本行覆盖目录 `06_工程图纸/3D模型/F182、机房3D模型/attachment_1650527417482` 及其 1 个子目录下的 **5 个图纸/素材文件**，不逐份打分。构成：位图.jpg 4 份、3ds Max 模型.max 1 份。样例文件名：znzmoModel-1111677330-0002.jpg；znzmoModel-1111677330-0003.JPG；znzmo-1111677330-1.max；znzmoModel-1111677330-0001.jpg；扫码关注公众号 模型素材拿到你手软.jpg。归属项目／板块：06_工程图纸。**为什么不逐份精读也不改名**：这些是 CAD 图纸与三维/位图素材，文字位于矢量路径中、提取不出可用文本（本项目实测同类施工图 PDF 仅能提出 0～500 字符，且多为字形损坏的乱码）；且 dwg 之间存在外部参照（xref），**逐份改名会打断参照关系、破坏图纸可用性**，故按协议只做普查打标。**用法**：需要具体图面信息时，按本行给出的目录定位后用 CAD 打开，或对少量关键图走 render.py 出图后视觉读；目录名本身（专业/楼栋/图别）已具备检索价值，是这批素材的主要索引方式。,2026-08-16
docs/library/06_工程图纸/3D模型/F182、机房3D模型/attachment_1678872327666,attachment_1678872327666,3,A,2022,工程档案,M05/M10,【目录级登记·图纸与素材普查，非逐份精读】本行覆盖目录 `06_工程图纸/3D模型/F182、机房3D模型/attachment_1678872327666` 及其 2 个子目录下的 **11 个图纸/素材文件**，不逐份打分。构成：位图.jpg 8 份、位图.tif 2 份、3ds Max 模型.max 1 份。样例文件名：扫码关注公众号 模型素材拿到你手软.jpg；机柜侧面A.tif；格满林彩钢板.jpg；3d66Model-565103-files-12.tif；AutoBackup02.max。归属项目／板块：06_工程图纸。**为什么不逐份精读也不改名**：这些是 CAD 图纸与三维/位图素材，文字位于矢量路径中、提取不出可用文本（本项目实测同类施工图 PDF 仅能提出 0～500 字符，且多为字形损坏的乱码）；且 dwg 之间存在外部参照（xref），**逐份改名会打断参照关系、破坏图纸可用性**，故按协议只做普查打标。**用法**：需要具体图面信息时，按本行给出的目录定位后用 CAD 打开，或对少量关键图走 render.py 出图后视觉读；目录名本身（专业/楼栋/图别）已具备检索价值，是这批素材的主要索引方式。,2026-08-16
docs/library/06_工程图纸/3D模型/F182、机房3D模型/attachment_1681458794832,attachment_1681458794832,3,A,2022,工程档案,M05/M10,【目录级登记·图纸与素材普查，非逐份精读】本行覆盖目录 `06_工程图纸/3D模型/F182、机房3D模型/attachment_1681458794832` 及其 2 个子目录下的 **7 个图纸/素材文件**，不逐份打分。构成：位图.jpg 6 份、3ds Max 模型.max 1 份。样例文件名：手机淘宝扫一扫进店.jpg；9.9会员-全店免费.jpg；数字智算机房.jpg；手机淘宝扫一扫进店.jpg；数字智算机房.max。归属项目／板块：06_工程图纸。**为什么不逐份精读也不改名**：这些是 CAD 图纸与三维/位图素材，文字位于矢量路径中、提取不出可用文本（本项目实测同类施工图 PDF 仅能提出 0～500 字符，且多为字形损坏的乱码）；且 dwg 之间存在外部参照（xref），**逐份改名会打断参照关系、破坏图纸可用性**，故按协议只做普查打标。**用法**：需要具体图面信息时，按本行给出的目录定位后用 CAD 打开，或对少量关键图走 render.py 出图后视觉读；目录名本身（专业/楼栋/图别）已具备检索价值，是这批素材的主要索引方式。,2026-08-16
docs/library/06_工程图纸/3D模型/F182、机房3D模型/zip,zip,3,A,2022,工程档案,M05/M10,【目录级登记·图纸与素材普查，非逐份精读】本行覆盖目录 `06_工程图纸/3D模型/F182、机房3D模型/zip` 及其 1 个子目录下的 **26 个图纸/素材文件**，不逐份打分。构成：位图.jpg 23 份、位图.tif 1 份、位图.png 1 份、3ds Max 模型.max 1 份。样例文件名：plast_norm.jpg；3d66Model-565194-files-7.jpg；3d66Mat-998262-maps-1.jpg；3d66Mat-998262-maps-3.jpg；3d66Model-565194-files-4.jpg。归属项目／板块：06_工程图纸。**为什么不逐份精读也不改名**：这些是 CAD 图纸与三维/位图素材，文字位于矢量路径中、提取不出可用文本（本项目实测同类施工图 PDF 仅能提出 0～500 字符，且多为字形损坏的乱码）；且 dwg 之间存在外部参照（xref），**逐份改名会打断参照关系、破坏图纸可用性**，故按协议只做普查打标。**用法**：需要具体图面信息时，按本行给出的目录定位后用 CAD 打开，或对少量关键图走 render.py 出图后视觉读；目录名本身（专业/楼栋/图别）已具备检索价值，是这批素材的主要索引方式。,2026-08-16
docs/library/06_工程图纸/3D模型/F182、机房3D模型/À■╬±ã¸,À■╬±ã¸,3,A,2022,工程档案,M05/M10,【目录级登记·图纸与素材普查，非逐份精读】本行覆盖目录 `06_工程图纸/3D模型/F182、机房3D模型/À■╬±ã¸` 及其 1 个子目录下的 **6 个图纸/素材文件**，不逐份打分。构成：位图.png 3 份、位图.jpg 2 份、3ds Max 模型.max 1 份。样例文件名：11Camera002.max；qingmo_b7a931e0-3be7-4d96-a847-685dff090946.png；qingmo_f00920ae-26fc-48fd-9cd5-a66738b04501.png；qingmo_40113c6d-6c7d-4345-9a90-b93993f1a3cd.jpg；qingmo_e2ba800c-3092-44d6-8503-a45e6d0c1178.jpg。归属项目／板块：06_工程图纸。**为什么不逐份精读也不改名**：这些是 CAD 图纸与三维/位图素材，文字位于矢量路径中、提取不出可用文本（本项目实测同类施工图 PDF 仅能提出 0～500 字符，且多为字形损坏的乱码）；且 dwg 之间存在外部参照（xref），**逐份改名会打断参照关系、破坏图纸可用性**，故按协议只做普查打标。**用法**：需要具体图面信息时，按本行给出的目录定位后用 CAD 打开，或对少量关键图走 render.py 出图后视觉读；目录名本身（专业/楼栋/图别）已具备检索价值，是这批素材的主要索引方式。,2026-08-16
docs/library/06_工程图纸/3D模型/F182、机房3D模型/尚艺素材库2,尚艺素材库2,3,A,2022,工程档案,M05/M10,【目录级登记·图纸与素材普查，非逐份精读】本行覆盖目录 `06_工程图纸/3D模型/F182、机房3D模型/尚艺素材库2` 及其 2 个子目录下的 **57 个图纸/素材文件**，不逐份打分。构成：位图.jpg 48 份、位图.png 6 份、位图.tif 2 份、3ds Max 模型.max 1 份。样例文件名：机房.max；手机淘宝扫一扫进店.jpg；9.9会员-全店免费.jpg；机房.jpg；qingmo_49907634-4c77-42af-8830-442945c70078.jpg。归属项目／板块：06_工程图纸。**为什么不逐份精读也不改名**：这些是 CAD 图纸与三维/位图素材，文字位于矢量路径中、提取不出可用文本（本项目实测同类施工图 PDF 仅能提出 0～500 字符，且多为字形损坏的乱码）；且 dwg 之间存在外部参照（xref），**逐份改名会打断参照关系、破坏图纸可用性**，故按协议只做普查打标。**用法**：需要具体图面信息时，按本行给出的目录定位后用 CAD 打开，或对少量关键图走 render.py 出图后视觉读；目录名本身（专业/楼栋/图别）已具备检索价值，是这批素材的主要索引方式。,2026-08-16
docs/library/06_工程图纸/3D模型/F182、机房3D模型/尚艺素材库3,尚艺素材库3,3,A,2022,工程档案,M05/M10,【目录级登记·图纸与素材普查，非逐份精读】本行覆盖目录 `06_工程图纸/3D模型/F182、机房3D模型/尚艺素材库3` 及其 2 个子目录下的 **36 个图纸/素材文件**，不逐份打分。构成：位图.jpg 32 份、位图.tif 3 份、3ds Max 模型.max 1 份。样例文件名：qingmo_50c8c78c-b0f0-41c5-96fa-d738672713dc.jpg；qingmo_c456b14f-a915-40c6-8fa5-2ed7348e51b5.tif；qingmo_c972c3bf-7245-4750-aa63-675d2fa613dc.tif；qingmo_af518a31-9bf7-458b-8d84-a89988a9d5b6.jpg；qingmo_8783d766-012c-4c03-b02c-53f90be01f6d.jpg。归属项目／板块：06_工程图纸。**为什么不逐份精读也不改名**：这些是 CAD 图纸与三维/位图素材，文字位于矢量路径中、提取不出可用文本（本项目实测同类施工图 PDF 仅能提出 0～500 字符，且多为字形损坏的乱码）；且 dwg 之间存在外部参照（xref），**逐份改名会打断参照关系、破坏图纸可用性**，故按协议只做普查打标。**用法**：需要具体图面信息时，按本行给出的目录定位后用 CAD 打开，或对少量关键图走 render.py 出图后视觉读；目录名本身（专业/楼栋/图别）已具备检索价值，是这批素材的主要索引方式。,2026-08-16
docs/library/06_工程图纸/3D模型/F182、机房3D模型/尚艺素材库4,尚艺素材库4,3,A,2022,工程档案,M05/M10,【目录级登记·图纸与素材普查，非逐份精读】本行覆盖目录 `06_工程图纸/3D模型/F182、机房3D模型/尚艺素材库4` 及其 2 个子目录下的 **21 个图纸/素材文件**，不逐份打分。构成：位图.jpg 19 份、3ds Max 模型.max 1 份、位图.png 1 份。样例文件名：机房.max；手机淘宝扫一扫进店.jpg；9.9会员-全店免费.jpg；_Color_A.jpg；ssgsg.jpg。归属项目／板块：06_工程图纸。**为什么不逐份精读也不改名**：这些是 CAD 图纸与三维/位图素材，文字位于矢量路径中、提取不出可用文本（本项目实测同类施工图 PDF 仅能提出 0～500 字符，且多为字形损坏的乱码）；且 dwg 之间存在外部参照（xref），**逐份改名会打断参照关系、破坏图纸可用性**，故按协议只做普查打标。**用法**：需要具体图面信息时，按本行给出的目录定位后用 CAD 打开，或对少量关键图走 render.py 出图后视觉读；目录名本身（专业/楼栋/图别）已具备检索价值，是这批素材的主要索引方式。,2026-08-16
docs/library/06_工程图纸/3D模型/F182、机房3D模型/尚艺素材库8,尚艺素材库8,3,A,2022,工程档案,M05/M10,【目录级登记·图纸与素材普查，非逐份精读】本行覆盖目录 `06_工程图纸/3D模型/F182、机房3D模型/尚艺素材库8` 及其 9 个子目录下的 **24 个图纸/素材文件**，不逐份打分。构成：位图.jpg 19 份、位图.png 2 份、位图.jpeg 2 份、3ds Max 模型.max 1 份。样例文件名：手机淘宝扫一扫进店.jpg；特勤局.max；9.9会员-全店免费.jpg；jia4.jpg；3d66Mat-855634-maps-1.png。归属项目／板块：06_工程图纸。**为什么不逐份精读也不改名**：这些是 CAD 图纸与三维/位图素材，文字位于矢量路径中、提取不出可用文本（本项目实测同类施工图 PDF 仅能提出 0～500 字符，且多为字形损坏的乱码）；且 dwg 之间存在外部参照（xref），**逐份改名会打断参照关系、破坏图纸可用性**，故按协议只做普查打标。**用法**：需要具体图面信息时，按本行给出的目录定位后用 CAD 打开，或对少量关键图走 render.py 出图后视觉读；目录名本身（专业/楼栋/图别）已具备检索价值，是这批素材的主要索引方式。,2026-08-16
docs/library/06_工程图纸/3D模型/F182、机房3D模型/机房设备_交换机_机柜_路由器_机组  15个,机房设备_交换机_机柜_路由器_机组  15个,3,A,2022,工程档案,M05/M10,【目录级登记·图纸与素材普查，非逐份精读】本行覆盖目录 `06_工程图纸/3D模型/F182、机房3D模型/机房设备_交换机_机柜_路由器_机组  15个` 及其 15 个子目录下的 **45 个图纸/素材文件**，不逐份打分。构成：位图.jpg 30 份、SketchUp 模型.skp 15 份。样例文件名：手机淘宝扫一扫进店.jpg；9.9会员-全店免费.jpg；尚艺素材库.skp；手机淘宝扫一扫进店.jpg；9.9会员-全店免费.jpg。归属项目／板块：06_工程图纸。**为什么不逐份精读也不改名**：这些是 CAD 图纸与三维/位图素材，文字位于矢量路径中、提取不出可用文本（本项目实测同类施工图 PDF 仅能提出 0～500 字符，且多为字形损坏的乱码）；且 dwg 之间存在外部参照（xref），**逐份改名会打断参照关系、破坏图纸可用性**，故按协议只做普查打标。**用法**：需要具体图面信息时，按本行给出的目录定位后用 CAD 打开，或对少量关键图走 render.py 出图后视觉读；目录名本身（专业/楼栋/图别）已具备检索价值，是这批素材的主要索引方式。,2026-08-16
docs/library/06_工程图纸/3D模型/F182、机房3D模型/预览图,预览图,3,A,2022,工程档案,M05/M10,【目录级登记·图纸与素材普查，非逐份精读】本行覆盖目录 `06_工程图纸/3D模型/F182、机房3D模型/预览图` 及其 1 个子目录下的 **30 个图纸/素材文件**，不逐份打分。构成：位图.jpg 18 份、位图.jpeg 11 份、位图.png 1 份。样例文件名：07（4）.jpg；尚艺素材库8.jpeg；尚艺素材库4.jpeg；尚艺素材库5.jpeg；03（2）.jpg。归属项目／板块：06_工程图纸。**为什么不逐份精读也不改名**：这些是 CAD 图纸与三维/位图素材，文字位于矢量路径中、提取不出可用文本（本项目实测同类施工图 PDF 仅能提出 0～500 字符，且多为字形损坏的乱码）；且 dwg 之间存在外部参照（xref），**逐份改名会打断参照关系、破坏图纸可用性**，故按协议只做普查打标。**用法**：需要具体图面信息时，按本行给出的目录定位后用 CAD 打开，或对少量关键图走 render.py 出图后视觉读；目录名本身（专业/楼栋/图别）已具备检索价值，是这批素材的主要索引方式。,2026-08-16
docs/library/06_工程图纸/3D模型/ZX164-机房设备机柜SU模型库,ZX164-机房设备机柜SU模型库,3,A,2022,工程档案,M05/M10,【目录级登记·图纸与素材普查，非逐份精读】本行覆盖目录 `06_工程图纸/3D模型/ZX164-机房设备机柜SU模型库` 及其 1 个子目录下的 **35 个图纸/素材文件**，不逐份打分。构成：SketchUp 模型.skp 35 份。样例文件名：亚尔曼设计 (32).skp；亚尔曼设计 (24).skp；亚尔曼设计 (28).skp；亚尔曼设计 (1).skp；亚尔曼设计 (12).skp。归属项目／板块：06_工程图纸。**为什么不逐份精读也不改名**：这些是 CAD 图纸与三维/位图素材，文字位于矢量路径中、提取不出可用文本（本项目实测同类施工图 PDF 仅能提出 0～500 字符，且多为字形损坏的乱码）；且 dwg 之间存在外部参照（xref），**逐份改名会打断参照关系、破坏图纸可用性**，故按协议只做普查打标。**用法**：需要具体图面信息时，按本行给出的目录定位后用 CAD 打开，或对少量关键图走 render.py 出图后视觉读；目录名本身（专业/楼栋/图别）已具备检索价值，是这批素材的主要索引方式。,2026-08-16
docs/library/06_工程图纸/42套数据中心IDC机房楼机房2024 —2025/42套数据中心IDC机房楼机房2024 —2025,42套数据中心IDC机房楼机房2024 —2025,3,A,2024,工程档案,M05/M10,【目录级登记·图纸与素材普查，非逐份精读】本行覆盖目录 `06_工程图纸/42套数据中心IDC机房楼机房2024 —2025/42套数据中心IDC机房楼机房2024 —2025` 及其 1 个子目录下的 **1 个图纸/素材文件**，不逐份打分。构成：位图.jpg 1 份。样例文件名：扫码添加网盘裙.jpg。归属项目／板块：06_工程图纸。**为什么不逐份精读也不改名**：这些是 CAD 图纸与三维/位图素材，文字位于矢量路径中、提取不出可用文本（本项目实测同类施工图 PDF 仅能提出 0～500 字符，且多为字形损坏的乱码）；且 dwg 之间存在外部参照（xref），**逐份改名会打断参照关系、破坏图纸可用性**，故按协议只做普查打标。**用法**：需要具体图面信息时，按本行给出的目录定位后用 CAD 打开，或对少量关键图走 render.py 出图后视觉读；目录名本身（专业/楼栋/图别）已具备检索价值，是这批素材的主要索引方式。,2026-08-16
docs/library/06_工程图纸/81,81,3,A,2022,工程档案,M05/M10,【目录级登记·图纸与素材普查，非逐份精读】本行覆盖目录 `06_工程图纸/81` 及其 1 个子目录下的 **1 个图纸/素材文件**，不逐份打分。构成：AutoCAD 图纸.dwg 1 份。样例文件名：1.dwg。归属项目／板块：06_工程图纸。**为什么不逐份精读也不改名**：这些是 CAD 图纸与三维/位图素材，文字位于矢量路径中、提取不出可用文本（本项目实测同类施工图 PDF 仅能提出 0～500 字符，且多为字形损坏的乱码）；且 dwg 之间存在外部参照（xref），**逐份改名会打断参照关系、破坏图纸可用性**，故按协议只做普查打标。**用法**：需要具体图面信息时，按本行给出的目录定位后用 CAD 打开，或对少量关键图走 render.py 出图后视觉读；目录名本身（专业/楼栋/图别）已具备检索价值，是这批素材的主要索引方式。,2026-08-16
docs/library/06_工程图纸/IDC机房/jz316.IDC机房机楼数据中心建筑结构水电暖通部分含工艺CAD图纸/01项目【华南地区 2019.8出版 带清单EXCEL表格】xx移动综合业务接入机房工程,01项目【华南地区 2019.8出版 带清单EXCEL表格】xx移动综合业务接入机房工程,3,A,2019,工程档案,M05/M10,【目录级登记·图纸与素材普查，非逐份精读】本行覆盖目录 `06_工程图纸/IDC机房/jz316.IDC机房机楼数据中心建筑结构水电暖通部分含工艺CAD图纸/01项目【华南地区 2019.8出版 带清单EXCEL表格】xx移动综合业务接入机房工程` 及其 15 个子目录下的 **124 个图纸/素材文件**，不逐份打分。构成：AutoCAD 图纸.dwg 104 份、位图.bmp 20 份。样例文件名：191012来宾综合业务接入机房_暖施.dwg；A2.dwg；基础初设.dwg；基础初设_recover.dwg；新建文件.dwg。归属项目／板块：06_工程图纸。**为什么不逐份精读也不改名**：这些是 CAD 图纸与三维/位图素材，文字位于矢量路径中、提取不出可用文本（本项目实测同类施工图 PDF 仅能提出 0～500 字符，且多为字形损坏的乱码）；且 dwg 之间存在外部参照（xref），**逐份改名会打断参照关系、破坏图纸可用性**，故按协议只做普查打标。**用法**：需要具体图面信息时，按本行给出的目录定位后用 CAD 打开，或对少量关键图走 render.py 出图后视觉读；目录名本身（专业/楼栋/图别）已具备检索价值，是这批素材的主要索引方式。,2026-08-16
docs/library/06_工程图纸/IDC机房/jz316.IDC机房机楼数据中心建筑结构水电暖通部分含工艺CAD图纸/01项目【华南地区 2019.8出版 带清单EXCEL表格】xx移动综合业务接入机房工程_解压2,01项目【华南地区 2019.8出版 带清单EXCEL表格】xx移动综合业务接入机房工程_解压2,3,A,2019,工程档案,M05/M10,【目录级登记·图纸与素材普查，非逐份精读】本行覆盖目录 `06_工程图纸/IDC机房/jz316.IDC机房机楼数据中心建筑结构水电暖通部分含工艺CAD图纸/01项目【华南地区 2019.8出版 带清单EXCEL表格】xx移动综合业务接入机房工程_解压2` 及其 15 个子目录下的 **124 个图纸/素材文件**，不逐份打分。构成：AutoCAD 图纸.dwg 104 份、位图.bmp 20 份。样例文件名：191012来宾综合业务接入机房_暖施.dwg；A2.dwg；基础初设.dwg；基础初设_recover.dwg；新建文件.dwg。归属项目／板块：06_工程图纸。**为什么不逐份精读也不改名**：这些是 CAD 图纸与三维/位图素材，文字位于矢量路径中、提取不出可用文本（本项目实测同类施工图 PDF 仅能提出 0～500 字符，且多为字形损坏的乱码）；且 dwg 之间存在外部参照（xref），**逐份改名会打断参照关系、破坏图纸可用性**，故按协议只做普查打标。**用法**：需要具体图面信息时，按本行给出的目录定位后用 CAD 打开，或对少量关键图走 render.py 出图后视觉读；目录名本身（专业/楼栋/图别）已具备检索价值，是这批素材的主要索引方式。,2026-08-16
docs/library/06_工程图纸/IDC机房/jz316.IDC机房机楼数据中心建筑结构水电暖通部分含工艺CAD图纸/02项目【华东地区 2019.6出版 无清单】xx国际信息中心机楼工程,02项目【华东地区 2019.6出版 无清单】xx国际信息中心机楼工程,3,A,2019,工程档案,M05/M10,【目录级登记·图纸与素材普查，非逐份精读】本行覆盖目录 `06_工程图纸/IDC机房/jz316.IDC机房机楼数据中心建筑结构水电暖通部分含工艺CAD图纸/02项目【华东地区 2019.6出版 无清单】xx国际信息中心机楼工程` 及其 13 个子目录下的 **56 个图纸/素材文件**，不逐份打分。构成：AutoCAD 图纸.dwg 56 份。样例文件名：5#楼楼梯20190611.dwg；绿色节能专篇.dwg；5#楼基础0625(校对修改版).dwg；5#楼结构-梁板柱20190625.dwg；5#楼结构-墙身20190611.dwg。归属项目／板块：06_工程图纸。**为什么不逐份精读也不改名**：这些是 CAD 图纸与三维/位图素材，文字位于矢量路径中、提取不出可用文本（本项目实测同类施工图 PDF 仅能提出 0～500 字符，且多为字形损坏的乱码）；且 dwg 之间存在外部参照（xref），**逐份改名会打断参照关系、破坏图纸可用性**，故按协议只做普查打标。**用法**：需要具体图面信息时，按本行给出的目录定位后用 CAD 打开，或对少量关键图走 render.py 出图后视觉读；目录名本身（专业/楼栋/图别）已具备检索价值，是这批素材的主要索引方式。,2026-08-16
docs/library/06_工程图纸/IDC机房/jz316.IDC机房机楼数据中心建筑结构水电暖通部分含工艺CAD图纸/02项目【华东地区 2019.6出版 无清单】xx国际信息中心机楼工程_解压2,02项目【华东地区 2019.6出版 无清单】xx国际信息中心机楼工程_解压2,3,A,2019,工程档案,M05/M10,【目录级登记·图纸与素材普查，非逐份精读】本行覆盖目录 `06_工程图纸/IDC机房/jz316.IDC机房机楼数据中心建筑结构水电暖通部分含工艺CAD图纸/02项目【华东地区 2019.6出版 无清单】xx国际信息中心机楼工程_解压2` 及其 13 个子目录下的 **56 个图纸/素材文件**，不逐份打分。构成：AutoCAD 图纸.dwg 56 份。样例文件名：5#楼楼梯20190611.dwg；绿色节能专篇.dwg；5#楼基础0625(校对修改版).dwg；5#楼结构-梁板柱20190625.dwg；5#楼结构-墙身20190611.dwg。归属项目／板块：06_工程图纸。**为什么不逐份精读也不改名**：这些是 CAD 图纸与三维/位图素材，文字位于矢量路径中、提取不出可用文本（本项目实测同类施工图 PDF 仅能提出 0～500 字符，且多为字形损坏的乱码）；且 dwg 之间存在外部参照（xref），**逐份改名会打断参照关系、破坏图纸可用性**，故按协议只做普查打标。**用法**：需要具体图面信息时，按本行给出的目录定位后用 CAD 打开，或对少量关键图走 render.py 出图后视觉读；目录名本身（专业/楼栋/图别）已具备检索价值，是这批素材的主要索引方式。,2026-08-16
docs/library/06_工程图纸/IDC机房/jz316.IDC机房机楼数据中心建筑结构水电暖通部分含工艺CAD图纸/03项目【华西地区 2018.11出版 无清单】xx物联网基地机房工程,03项目【华西地区 2018.11出版 无清单】xx物联网基地机房工程,3,A,2018,工程档案,M05/M10,【目录级登记·图纸与素材普查，非逐份精读】本行覆盖目录 `06_工程图纸/IDC机房/jz316.IDC机房机楼数据中心建筑结构水电暖通部分含工艺CAD图纸/03项目【华西地区 2018.11出版 无清单】xx物联网基地机房工程` 及其 11 个子目录下的 **42 个图纸/素材文件**，不逐份打分。构成：AutoCAD 图纸.dwg 42 份。样例文件名：长寿物流园节能保温范围图.dwg；长寿物联网辅助用房车道雨棚结构图.dwg；长寿物联网油罐池结构图.dwg；长寿物联网机房结构图.dwg；长寿物联网辅助用房结构图.dwg。归属项目／板块：06_工程图纸。**为什么不逐份精读也不改名**：这些是 CAD 图纸与三维/位图素材，文字位于矢量路径中、提取不出可用文本（本项目实测同类施工图 PDF 仅能提出 0～500 字符，且多为字形损坏的乱码）；且 dwg 之间存在外部参照（xref），**逐份改名会打断参照关系、破坏图纸可用性**，故按协议只做普查打标。**用法**：需要具体图面信息时，按本行给出的目录定位后用 CAD 打开，或对少量关键图走 render.py 出图后视觉读；目录名本身（专业/楼栋/图别）已具备检索价值，是这批素材的主要索引方式。,2026-08-16
docs/library/06_工程图纸/IDC机房/jz316.IDC机房机楼数据中心建筑结构水电暖通部分含工艺CAD图纸/03项目【华西地区 2018.11出版 无清单】xx物联网基地机房工程_解压2,03项目【华西地区 2018.11出版 无清单】xx物联网基地机房工程_解压2,3,A,2018,工程档案,M05/M10,【目录级登记·图纸与素材普查，非逐份精读】本行覆盖目录 `06_工程图纸/IDC机房/jz316.IDC机房机楼数据中心建筑结构水电暖通部分含工艺CAD图纸/03项目【华西地区 2018.11出版 无清单】xx物联网基地机房工程_解压2` 及其 11 个子目录下的 **42 个图纸/素材文件**，不逐份打分。构成：AutoCAD 图纸.dwg 42 份。样例文件名：长寿物流园节能保温范围图.dwg；长寿物联网辅助用房车道雨棚结构图.dwg；长寿物联网油罐池结构图.dwg；长寿物联网机房结构图.dwg；长寿物联网辅助用房结构图.dwg。归属项目／板块：06_工程图纸。**为什么不逐份精读也不改名**：这些是 CAD 图纸与三维/位图素材，文字位于矢量路径中、提取不出可用文本（本项目实测同类施工图 PDF 仅能提出 0～500 字符，且多为字形损坏的乱码）；且 dwg 之间存在外部参照（xref），**逐份改名会打断参照关系、破坏图纸可用性**，故按协议只做普查打标。**用法**：需要具体图面信息时，按本行给出的目录定位后用 CAD 打开，或对少量关键图走 render.py 出图后视觉读；目录名本身（专业/楼栋/图别）已具备检索价值，是这批素材的主要索引方式。,2026-08-16
docs/library/06_工程图纸/IDC机房/jz316.IDC机房机楼数据中心建筑结构水电暖通部分含工艺CAD图纸/04项目【华东地区 2017出版 无清单】xx电信通信机楼项目,04项目【华东地区 2017出版 无清单】xx电信通信机楼项目,3,A,2017,工程档案,M05/M10,【目录级登记·图纸与素材普查，非逐份精读】本行覆盖目录 `06_工程图纸/IDC机房/jz316.IDC机房机楼数据中心建筑结构水电暖通部分含工艺CAD图纸/04项目【华东地区 2017出版 无清单】xx电信通信机楼项目` 及其 8 个子目录下的 **18 个图纸/素材文件**，不逐份打分。构成：AutoCAD 图纸.dwg 18 份。样例文件名：金华二期弱电平面图、系统图0718.dwg；金华二期弱电总平面图0718.dwg；罗店工业园通信机楼（暖通1版出图）.dwg；金华电信罗店楼审查（总水施修）2017.7.17.dwg；A1.dwg。归属项目／板块：06_工程图纸。**为什么不逐份精读也不改名**：这些是 CAD 图纸与三维/位图素材，文字位于矢量路径中、提取不出可用文本（本项目实测同类施工图 PDF 仅能提出 0～500 字符，且多为字形损坏的乱码）；且 dwg 之间存在外部参照（xref），**逐份改名会打断参照关系、破坏图纸可用性**，故按协议只做普查打标。**用法**：需要具体图面信息时，按本行给出的目录定位后用 CAD 打开，或对少量关键图走 render.py 出图后视觉读；目录名本身（专业/楼栋/图别）已具备检索价值，是这批素材的主要索引方式。,2026-08-16
docs/library/06_工程图纸/IDC机房/jz316.IDC机房机楼数据中心建筑结构水电暖通部分含工艺CAD图纸/04项目【华东地区 2017出版 无清单】xx电信通信机楼项目_解压2,04项目【华东地区 2017出版 无清单】xx电信通信机楼项目_解压2,3,A,2017,工程档案,M05/M10,【目录级登记·图纸与素材普查，非逐份精读】本行覆盖目录 `06_工程图纸/IDC机房/jz316.IDC机房机楼数据中心建筑结构水电暖通部分含工艺CAD图纸/04项目【华东地区 2017出版 无清单】xx电信通信机楼项目_解压2` 及其 8 个子目录下的 **18 个图纸/素材文件**，不逐份打分。构成：AutoCAD 图纸.dwg 18 份。样例文件名：金华二期弱电平面图、系统图0718.dwg；金华二期弱电总平面图0718.dwg；罗店工业园通信机楼（暖通1版出图）.dwg；金华电信罗店楼审查（总水施修）2017.7.17.dwg；A1.dwg。归属项目／板块：06_工程图纸。**为什么不逐份精读也不改名**：这些是 CAD 图纸与三维/位图素材，文字位于矢量路径中、提取不出可用文本（本项目实测同类施工图 PDF 仅能提出 0～500 字符，且多为字形损坏的乱码）；且 dwg 之间存在外部参照（xref），**逐份改名会打断参照关系、破坏图纸可用性**，故按协议只做普查打标。**用法**：需要具体图面信息时，按本行给出的目录定位后用 CAD 打开，或对少量关键图走 render.py 出图后视觉读；目录名本身（专业/楼栋/图别）已具备检索价值，是这批素材的主要索引方式。,2026-08-16
docs/library/06_工程图纸/IDC机房/jz316.IDC机房机楼数据中心建筑结构水电暖通部分含工艺CAD图纸/05项目【华中地区 2016出版 带清单EXCEL表格】xx联通计算中心一期工程,05项目【华中地区 2016出版 带清单EXCEL表格】xx联通计算中心一期工程,3,A,2016,工程档案,M05/M10,【目录级登记·图纸与素材普查，非逐份精读】本行覆盖目录 `06_工程图纸/IDC机房/jz316.IDC机房机楼数据中心建筑结构水电暖通部分含工艺CAD图纸/05项目【华中地区 2016出版 带清单EXCEL表格】xx联通计算中心一期工程` 及其 11 个子目录下的 **47 个图纸/素材文件**，不逐份打分。构成：AutoCAD 图纸.dwg 47 份。样例文件名：联通河西云基地总图_t3.dwg；枢纽楼电气施工图.dwg；20160624 长沙通信枢纽楼给排水施工图 -消火栓（审查修改）_t3.dwg；20160624 长沙通信枢纽楼给排水施工图-自动喷淋（审查修改）_t3.dwg；枢纽楼弱电_t3.dwg。归属项目／板块：06_工程图纸。**为什么不逐份精读也不改名**：这些是 CAD 图纸与三维/位图素材，文字位于矢量路径中、提取不出可用文本（本项目实测同类施工图 PDF 仅能提出 0～500 字符，且多为字形损坏的乱码）；且 dwg 之间存在外部参照（xref），**逐份改名会打断参照关系、破坏图纸可用性**，故按协议只做普查打标。**用法**：需要具体图面信息时，按本行给出的目录定位后用 CAD 打开，或对少量关键图走 render.py 出图后视觉读；目录名本身（专业/楼栋/图别）已具备检索价值，是这批素材的主要索引方式。,2026-08-16
docs/library/06_工程图纸/IDC机房/jz316.IDC机房机楼数据中心建筑结构水电暖通部分含工艺CAD图纸/05项目【华中地区 2016出版 带清单EXCEL表格】xx联通计算中心一期工程_解压2,05项目【华中地区 2016出版 带清单EXCEL表格】xx联通计算中心一期工程_解压2,3,A,2016,工程档案,M05/M10,【目录级登记·图纸与素材普查，非逐份精读】本行覆盖目录 `06_工程图纸/IDC机房/jz316.IDC机房机楼数据中心建筑结构水电暖通部分含工艺CAD图纸/05项目【华中地区 2016出版 带清单EXCEL表格】xx联通计算中心一期工程_解压2` 及其 11 个子目录下的 **47 个图纸/素材文件**，不逐份打分。构成：AutoCAD 图纸.dwg 47 份。样例文件名：联通河西云基地总图_t3.dwg；枢纽楼电气施工图.dwg；20160624 长沙通信枢纽楼给排水施工图 -消火栓（审查修改）_t3.dwg；20160624 长沙通信枢纽楼给排水施工图-自动喷淋（审查修改）_t3.dwg；枢纽楼弱电_t3.dwg。归属项目／板块：06_工程图纸。**为什么不逐份精读也不改名**：这些是 CAD 图纸与三维/位图素材，文字位于矢量路径中、提取不出可用文本（本项目实测同类施工图 PDF 仅能提出 0～500 字符，且多为字形损坏的乱码）；且 dwg 之间存在外部参照（xref），**逐份改名会打断参照关系、破坏图纸可用性**，故按协议只做普查打标。**用法**：需要具体图面信息时，按本行给出的目录定位后用 CAD 打开，或对少量关键图走 render.py 出图后视觉读；目录名本身（专业/楼栋/图别）已具备检索价值，是这批素材的主要索引方式。,2026-08-16
docs/library/06_工程图纸/IDC机房/jz316.IDC机房机楼数据中心建筑结构水电暖通部分含工艺CAD图纸/06项目【华北地区 2018.7出版 无清单】xx移动数据中心二期工程,06项目【华北地区 2018.7出版 无清单】xx移动数据中心二期工程,3,A,2018,工程档案,M05/M10,【目录级登记·图纸与素材普查，非逐份精读】本行覆盖目录 `06_工程图纸/IDC机房/jz316.IDC机房机楼数据中心建筑结构水电暖通部分含工艺CAD图纸/06项目【华北地区 2018.7出版 无清单】xx移动数据中心二期工程` 及其 7 个子目录下的 **43 个图纸/素材文件**，不逐份打分。构成：AutoCAD 图纸.dwg 43 份。样例文件名：移动数据中心二期工程5#、6#、7#楼桩.dwg；廊坊动力中心结构施工图（二期）2018-04.dwg；7#楼（4号数据中心机房)2018.7.dwg；6#楼（3#数据中心机房)2018.7.11设计说明、减震设计、型钢混凝土.dwg；6#楼（3号数据中心机房)2018.7.dwg。归属项目／板块：06_工程图纸。**为什么不逐份精读也不改名**：这些是 CAD 图纸与三维/位图素材，文字位于矢量路径中、提取不出可用文本（本项目实测同类施工图 PDF 仅能提出 0～500 字符，且多为字形损坏的乱码）；且 dwg 之间存在外部参照（xref），**逐份改名会打断参照关系、破坏图纸可用性**，故按协议只做普查打标。**用法**：需要具体图面信息时，按本行给出的目录定位后用 CAD 打开，或对少量关键图走 render.py 出图后视觉读；目录名本身（专业/楼栋/图别）已具备检索价值，是这批素材的主要索引方式。,2026-08-16
docs/library/06_工程图纸/IDC机房/jz316.IDC机房机楼数据中心建筑结构水电暖通部分含工艺CAD图纸/06项目【华北地区 2018.7出版 无清单】xx移动数据中心二期工程_解压2,06项目【华北地区 2018.7出版 无清单】xx移动数据中心二期工程_解压2,3,A,2018,工程档案,M05/M10,【目录级登记·图纸与素材普查，非逐份精读】本行覆盖目录 `06_工程图纸/IDC机房/jz316.IDC机房机楼数据中心建筑结构水电暖通部分含工艺CAD图纸/06项目【华北地区 2018.7出版 无清单】xx移动数据中心二期工程_解压2` 及其 7 个子目录下的 **43 个图纸/素材文件**，不逐份打分。构成：AutoCAD 图纸.dwg 43 份。样例文件名：移动数据中心二期工程5#、6#、7#楼桩.dwg；廊坊动力中心结构施工图（二期）2018-04.dwg；7#楼（4号数据中心机房)2018.7.dwg；6#楼（3#数据中心机房)2018.7.11设计说明、减震设计、型钢混凝土.dwg；6#楼（3号数据中心机房)2018.7.dwg。归属项目／板块：06_工程图纸。**为什么不逐份精读也不改名**：这些是 CAD 图纸与三维/位图素材，文字位于矢量路径中、提取不出可用文本（本项目实测同类施工图 PDF 仅能提出 0～500 字符，且多为字形损坏的乱码）；且 dwg 之间存在外部参照（xref），**逐份改名会打断参照关系、破坏图纸可用性**，故按协议只做普查打标。**用法**：需要具体图面信息时，按本行给出的目录定位后用 CAD 打开，或对少量关键图走 render.py 出图后视觉读；目录名本身（专业/楼栋/图别）已具备检索价值，是这批素材的主要索引方式。,2026-08-16
docs/library/06_工程图纸/IDC机房/jz316.IDC机房机楼数据中心建筑结构水电暖通部分含工艺CAD图纸/07项目【华东地区 2016.5出版 无清单】x产业园数据中心,07项目【华东地区 2016.5出版 无清单】x产业园数据中心,3,A,2016,工程档案,M05/M10,【目录级登记·图纸与素材普查，非逐份精读】本行覆盖目录 `06_工程图纸/IDC机房/jz316.IDC机房机楼数据中心建筑结构水电暖通部分含工艺CAD图纸/07项目【华东地区 2016.5出版 无清单】x产业园数据中心` 及其 10 个子目录下的 **618 个图纸/素材文件**，不逐份打分。构成：AutoCAD 图纸.dwg 618 份。样例文件名：X01GUF0201.dwg；G-16_D01GCX0101(冷冻站设备基础及排水沟土建条件图).dwg；X01A-L0200.dwg；G-19_D01GFM0201(室内供油设备布置平面图二).dwg；G-02_D01GUA0201(设计及施工说明一).dwg。归属项目／板块：06_工程图纸。**为什么不逐份精读也不改名**：这些是 CAD 图纸与三维/位图素材，文字位于矢量路径中、提取不出可用文本（本项目实测同类施工图 PDF 仅能提出 0～500 字符，且多为字形损坏的乱码）；且 dwg 之间存在外部参照（xref），**逐份改名会打断参照关系、破坏图纸可用性**，故按协议只做普查打标。**用法**：需要具体图面信息时，按本行给出的目录定位后用 CAD 打开，或对少量关键图走 render.py 出图后视觉读；目录名本身（专业/楼栋/图别）已具备检索价值，是这批素材的主要索引方式。,2026-08-16
docs/library/06_工程图纸/IDC机房/jz316.IDC机房机楼数据中心建筑结构水电暖通部分含工艺CAD图纸/07项目【华东地区 2016.5出版 无清单】x产业园数据中心_解压2,07项目【华东地区 2016.5出版 无清单】x产业园数据中心_解压2,3,A,2016,工程档案,M05/M10,【目录级登记·图纸与素材普查，非逐份精读】本行覆盖目录 `06_工程图纸/IDC机房/jz316.IDC机房机楼数据中心建筑结构水电暖通部分含工艺CAD图纸/07项目【华东地区 2016.5出版 无清单】x产业园数据中心_解压2` 及其 10 个子目录下的 **618 个图纸/素材文件**，不逐份打分。构成：AutoCAD 图纸.dwg 618 份。样例文件名：X01GUF0201.dwg；G-16_D01GCX0101(冷冻站设备基础及排水沟土建条件图).dwg；X01A-L0200.dwg；G-19_D01GFM0201(室内供油设备布置平面图二).dwg；G-02_D01GUA0201(设计及施工说明一).dwg。归属项目／板块：06_工程图纸。**为什么不逐份精读也不改名**：这些是 CAD 图纸与三维/位图素材，文字位于矢量路径中、提取不出可用文本（本项目实测同类施工图 PDF 仅能提出 0～500 字符，且多为字形损坏的乱码）；且 dwg 之间存在外部参照（xref），**逐份改名会打断参照关系、破坏图纸可用性**，故按协议只做普查打标。**用法**：需要具体图面信息时，按本行给出的目录定位后用 CAD 打开，或对少量关键图走 render.py 出图后视觉读；目录名本身（专业/楼栋/图别）已具备检索价值，是这批素材的主要索引方式。,2026-08-16
docs/library/06_工程图纸/IDC机房/jz316.IDC机房机楼数据中心建筑结构水电暖通部分含工艺CAD图纸/08项目【华北地区 2019.2出版 无清单】x云数据中心三期,08项目【华北地区 2019.2出版 无清单】x云数据中心三期,3,A,2019,工程档案,M05/M10,【目录级登记·图纸与素材普查，非逐份精读】本行覆盖目录 `06_工程图纸/IDC机房/jz316.IDC机房机楼数据中心建筑结构水电暖通部分含工艺CAD图纸/08项目【华北地区 2019.2出版 无清单】x云数据中心三期` 及其 19 个子目录下的 **103 个图纸/素材文件**，不逐份打分。构成：AutoCAD 图纸.dwg 103 份。样例文件名：室外消防水池-消防报警0220.dwg；华为云数据中心三期一阶段--数据机房--配电照明0220.dwg；室外消防水池-消防报警0220_t3.dwg；华为云数据中心三期一阶段--数据机房--防雷接地0220.dwg；室外消防水池-配电照明接地0220.dwg。归属项目／板块：06_工程图纸。**为什么不逐份精读也不改名**：这些是 CAD 图纸与三维/位图素材，文字位于矢量路径中、提取不出可用文本（本项目实测同类施工图 PDF 仅能提出 0～500 字符，且多为字形损坏的乱码）；且 dwg 之间存在外部参照（xref），**逐份改名会打断参照关系、破坏图纸可用性**，故按协议只做普查打标。**用法**：需要具体图面信息时，按本行给出的目录定位后用 CAD 打开，或对少量关键图走 render.py 出图后视觉读；目录名本身（专业/楼栋/图别）已具备检索价值，是这批素材的主要索引方式。,2026-08-16
docs/library/06_工程图纸/IDC机房/jz316.IDC机房机楼数据中心建筑结构水电暖通部分含工艺CAD图纸/08项目【华北地区 2019.2出版 无清单】x云数据中心三期_解压2,08项目【华北地区 2019.2出版 无清单】x云数据中心三期_解压2,3,A,2019,工程档案,M05/M10,【目录级登记·图纸与素材普查，非逐份精读】本行覆盖目录 `06_工程图纸/IDC机房/jz316.IDC机房机楼数据中心建筑结构水电暖通部分含工艺CAD图纸/08项目【华北地区 2019.2出版 无清单】x云数据中心三期_解压2` 及其 19 个子目录下的 **103 个图纸/素材文件**，不逐份打分。构成：AutoCAD 图纸.dwg 103 份。样例文件名：室外消防水池-消防报警0220.dwg；华为云数据中心三期一阶段--数据机房--配电照明0220.dwg；室外消防水池-消防报警0220_t3.dwg；华为云数据中心三期一阶段--数据机房--防雷接地0220.dwg；室外消防水池-配电照明接地0220.dwg。归属项目／板块：06_工程图纸。**为什么不逐份精读也不改名**：这些是 CAD 图纸与三维/位图素材，文字位于矢量路径中、提取不出可用文本（本项目实测同类施工图 PDF 仅能提出 0～500 字符，且多为字形损坏的乱码）；且 dwg 之间存在外部参照（xref），**逐份改名会打断参照关系、破坏图纸可用性**，故按协议只做普查打标。**用法**：需要具体图面信息时，按本行给出的目录定位后用 CAD 打开，或对少量关键图走 render.py 出图后视觉读；目录名本身（专业/楼栋/图别）已具备检索价值，是这批素材的主要索引方式。,2026-08-16
docs/library/06_工程图纸/QT254-弱电智能化网络设备机房交换机机柜布置图CAD大样图,QT254-弱电智能化网络设备机房交换机机柜布置图CAD大样图,3,A,2022,工程档案,M05/M10,【目录级登记·图纸与素材普查，非逐份精读】本行覆盖目录 `06_工程图纸/QT254-弱电智能化网络设备机房交换机机柜布置图CAD大样图` 及其 1 个子目录下的 **4 个图纸/素材文件**，不逐份打分。构成：AutoCAD 图纸.dwg 4 份。样例文件名：弱电机柜CAD图.dwg；机柜布置图模板.dwg；弱电房机柜.dwg；弱电机柜大样图.dwg。归属项目／板块：06_工程图纸。**为什么不逐份精读也不改名**：这些是 CAD 图纸与三维/位图素材，文字位于矢量路径中、提取不出可用文本（本项目实测同类施工图 PDF 仅能提出 0～500 字符，且多为字形损坏的乱码）；且 dwg 之间存在外部参照（xref），**逐份改名会打断参照关系、破坏图纸可用性**，故按协议只做普查打标。**用法**：需要具体图面信息时，按本行给出的目录定位后用 CAD 打开，或对少量关键图走 render.py 出图后视觉读；目录名本身（专业/楼栋/图别）已具备检索价值，是这批素材的主要索引方式。,2026-08-16
docs/library/06_工程图纸/机房机柜布置弱电图立面图图纸设计CAD素材图库,机房机柜布置弱电图立面图图纸设计CAD素材图库,3,A,2022,工程档案,M05/M10,【目录级登记·图纸与素材普查，非逐份精读】本行覆盖目录 `06_工程图纸/机房机柜布置弱电图立面图图纸设计CAD素材图库` 及其 1 个子目录下的 **1 个图纸/素材文件**，不逐份打分。构成：AutoCAD 图纸.dwg 1 份。样例文件名：机柜布置图模板.dwg。归属项目／板块：06_工程图纸。**为什么不逐份精读也不改名**：这些是 CAD 图纸与三维/位图素材，文字位于矢量路径中、提取不出可用文本（本项目实测同类施工图 PDF 仅能提出 0～500 字符，且多为字形损坏的乱码）；且 dwg 之间存在外部参照（xref），**逐份改名会打断参照关系、破坏图纸可用性**，故按协议只做普查打标。**用法**：需要具体图面信息时，按本行给出的目录定位后用 CAD 打开，或对少量关键图走 render.py 出图后视觉读；目录名本身（专业/楼栋/图别）已具备检索价值，是这批素材的主要索引方式。,2026-08-16
docs/library/06_工程图纸/机房机柜数据中心visio素材服务器存储网络图系统拓扑图技术架构/b01382机房机柜数据中心visio素材/服务器存储数据中心,服务器存储数据中心,3,A,2022,工程档案,M05/M10,【目录级登记·图纸与素材普查，非逐份精读】本行覆盖目录 `06_工程图纸/机房机柜数据中心visio素材服务器存储网络图系统拓扑图技术架构/b01382机房机柜数据中心visio素材/服务器存储数据中心` 及其 1 个子目录下的 **26 个图纸/素材文件**，不逐份打分。构成：位图.jpg 26 份。样例文件名：下联区域故障切换.jpg；核心区域故障切换.jpg；网管及备份区域.jpg；传统服务器.jpg；正常流量流向.jpg。归属项目／板块：06_工程图纸。**为什么不逐份精读也不改名**：这些是 CAD 图纸与三维/位图素材，文字位于矢量路径中、提取不出可用文本（本项目实测同类施工图 PDF 仅能提出 0～500 字符，且多为字形损坏的乱码）；且 dwg 之间存在外部参照（xref），**逐份改名会打断参照关系、破坏图纸可用性**，故按协议只做普查打标。**用法**：需要具体图面信息时，按本行给出的目录定位后用 CAD 打开，或对少量关键图走 render.py 出图后视觉读；目录名本身（专业/楼栋/图别）已具备检索价值，是这批素材的主要索引方式。,2026-08-16
docs/library/06_工程图纸/机房机柜数据中心visio素材服务器存储网络图系统拓扑图技术架构/b01382机房机柜数据中心visio素材/机房机柜,机房机柜,3,A,2022,工程档案,M05/M10,【目录级登记·图纸与素材普查，非逐份精读】本行覆盖目录 `06_工程图纸/机房机柜数据中心visio素材服务器存储网络图系统拓扑图技术架构/b01382机房机柜数据中心visio素材/机房机柜` 及其 1 个子目录下的 **2 个图纸/素材文件**，不逐份打分。构成：位图.jpg 2 份。样例文件名：xx中心A2楼核心机房.jpg；xx机房主机设备机柜图.jpg。归属项目／板块：06_工程图纸。**为什么不逐份精读也不改名**：这些是 CAD 图纸与三维/位图素材，文字位于矢量路径中、提取不出可用文本（本项目实测同类施工图 PDF 仅能提出 0～500 字符，且多为字形损坏的乱码）；且 dwg 之间存在外部参照（xref），**逐份改名会打断参照关系、破坏图纸可用性**，故按协议只做普查打标。**用法**：需要具体图面信息时，按本行给出的目录定位后用 CAD 打开，或对少量关键图走 render.py 出图后视觉读；目录名本身（专业/楼栋/图别）已具备检索价值，是这批素材的主要索引方式。,2026-08-16
docs/library/07_方案与模板/01 解决方案/2019中国移动定制化IDC解决方案/2 客户推介,2 客户推介,3,A,2019,工程档案,M05/M10,【目录级登记·图纸与素材普查，非逐份精读】本行覆盖目录 `07_方案与模板/01 解决方案/2019中国移动定制化IDC解决方案/2 客户推介` 及其 1 个子目录下的 **1 个图纸/素材文件**，不逐份打分。构成：位图.jpg 1 份。样例文件名：定制化IDC解决方案宣传图片.jpg。归属项目／板块：07_方案与模板。**为什么不逐份精读也不改名**：这些是 CAD 图纸与三维/位图素材，文字位于矢量路径中、提取不出可用文本（本项目实测同类施工图 PDF 仅能提出 0～500 字符，且多为字形损坏的乱码）；且 dwg 之间存在外部参照（xref），**逐份改名会打断参照关系、破坏图纸可用性**，故按协议只做普查打标。**用法**：需要具体图面信息时，按本行给出的目录定位后用 CAD 打开，或对少量关键图走 render.py 出图后视觉读；目录名本身（专业/楼栋/图别）已具备检索价值，是这批素材的主要索引方式。,2026-08-16
docs/library/07_方案与模板/01 解决方案/2019中国移动定制化IDC解决方案/4 投标,4 投标,3,A,2019,工程档案,M05/M10,【目录级登记·图纸与素材普查，非逐份精读】本行覆盖目录 `07_方案与模板/01 解决方案/2019中国移动定制化IDC解决方案/4 投标` 及其 1 个子目录下的 **14 个图纸/素材文件**，不逐份打分。构成：位图.jpg 12 份、位图.tif 1 份、位图.png 1 份。样例文件名：信息安全服务资质三级（应急处理）.jpg；信息安全服务资质三级（安全运维）2019.jpg；Uptime M&O.jpg；ISO20000.jpg；等保三级.jpg。归属项目／板块：07_方案与模板。**为什么不逐份精读也不改名**：这些是 CAD 图纸与三维/位图素材，文字位于矢量路径中、提取不出可用文本（本项目实测同类施工图 PDF 仅能提出 0～500 字符，且多为字形损坏的乱码）；且 dwg 之间存在外部参照（xref），**逐份改名会打断参照关系、破坏图纸可用性**，故按协议只做普查打标。**用法**：需要具体图面信息时，按本行给出的目录定位后用 CAD 打开，或对少量关键图走 render.py 出图后视觉读；目录名本身（专业/楼栋/图别）已具备检索价值，是这批素材的主要索引方式。,2026-08-16
docs/library/07_方案与模板/H173 数据中心解决方案数据中心机房建设方案数据中心方案IDC数据中心/2020年3月更新/定制化IDC解决方案,定制化IDC解决方案,3,A,2020,工程档案,M05/M10,【目录级登记·图纸与素材普查，非逐份精读】本行覆盖目录 `07_方案与模板/H173 数据中心解决方案数据中心机房建设方案数据中心方案IDC数据中心/2020年3月更新/定制化IDC解决方案` 及其 2 个子目录下的 **15 个图纸/素材文件**，不逐份打分。构成：位图.jpg 13 份、位图.tif 1 份、位图.png 1 份。样例文件名：定制化IDC解决方案宣传图片.jpg；信息安全服务资质三级（应急处理）.jpg；信息安全服务资质三级（安全运维）2019.jpg；Uptime M&O.jpg；ISO20000.jpg。归属项目／板块：07_方案与模板。**为什么不逐份精读也不改名**：这些是 CAD 图纸与三维/位图素材，文字位于矢量路径中、提取不出可用文本（本项目实测同类施工图 PDF 仅能提出 0～500 字符，且多为字形损坏的乱码）；且 dwg 之间存在外部参照（xref），**逐份改名会打断参照关系、破坏图纸可用性**，故按协议只做普查打标。**用法**：需要具体图面信息时，按本行给出的目录定位后用 CAD 打开，或对少量关键图走 render.py 出图后视觉读；目录名本身（专业/楼栋/图别）已具备检索价值，是这批素材的主要索引方式。,2026-08-16
docs/library/07_方案与模板/R066新选30个机房建设方案弱电数据中心机房布线物联解决方案设计素材/机房建设/A2021-066机房建设方案,A2021-066机房建设方案,3,A,2021,工程档案,M05/M10,【目录级登记·图纸与素材普查，非逐份精读】本行覆盖目录 `07_方案与模板/R066新选30个机房建设方案弱电数据中心机房布线物联解决方案设计素材/机房建设/A2021-066机房建设方案` 及其 1 个子目录下的 **1 个图纸/素材文件**，不逐份打分。构成：位图.jpg 1 份。样例文件名：加微信有更多福利！！.jpg。归属项目／板块：07_方案与模板。**为什么不逐份精读也不改名**：这些是 CAD 图纸与三维/位图素材，文字位于矢量路径中、提取不出可用文本（本项目实测同类施工图 PDF 仅能提出 0～500 字符，且多为字形损坏的乱码）；且 dwg 之间存在外部参照（xref），**逐份改名会打断参照关系、破坏图纸可用性**，故按协议只做普查打标。**用法**：需要具体图面信息时，按本行给出的目录定位后用 CAD 打开，或对少量关键图走 render.py 出图后视觉读；目录名本身（专业/楼栋/图别）已具备检索价值，是这批素材的主要索引方式。,2026-08-16
docs/library/07_方案与模板/R066新选30个机房建设方案弱电数据中心机房布线物联解决方案设计素材/机房建设/智能化弱电赠品,智能化弱电赠品,3,A,2022,工程档案,M05/M10,【目录级登记·图纸与素材普查，非逐份精读】本行覆盖目录 `07_方案与模板/R066新选30个机房建设方案弱电数据中心机房布线物联解决方案设计素材/机房建设/智能化弱电赠品` 及其 17 个子目录下的 **244 个图纸/素材文件**，不逐份打分。构成：AutoCAD 图纸.dwg 230 份、位图.jpg 13 份、位图.png 1 份。样例文件名：bas系统全套控制原理图.dwg；机房平面布置图.dwg；门禁安装管线图1.dwg；第四分册电源系统及平面图_t3.dwg；琴-146+4米枪机立杆-2.dwg。归属项目／板块：07_方案与模板。**为什么不逐份精读也不改名**：这些是 CAD 图纸与三维/位图素材，文字位于矢量路径中、提取不出可用文本（本项目实测同类施工图 PDF 仅能提出 0～500 字符，且多为字形损坏的乱码）；且 dwg 之间存在外部参照（xref），**逐份改名会打断参照关系、破坏图纸可用性**，故按协议只做普查打标。**用法**：需要具体图面信息时，按本行给出的目录定位后用 CAD 打开，或对少量关键图走 render.py 出图后视觉读；目录名本身（专业/楼栋/图别）已具备检索价值，是这批素材的主要索引方式。,2026-08-16
docs/library/07_方案与模板/数据中心机房建设方案数据中心解决方案数据中心方案IDC数据中心/F-182：数据中心云平台解决方案/002 数据中心资料更新198份,002 数据中心资料更新198份,3,A,2022,工程档案,M05/M10,【目录级登记·图纸与素材普查，非逐份精读】本行覆盖目录 `07_方案与模板/数据中心机房建设方案数据中心解决方案数据中心方案IDC数据中心/F-182：数据中心云平台解决方案/002 数据中心资料更新198份` 及其 2 个子目录下的 **4 个图纸/素材文件**，不逐份打分。构成：位图.jpg 4 份。样例文件名：智库资料和行业报告更新内容目录查看.jpg；可加我们智慧客服 售后服务无忧 同时邀请我们进智慧交流群.jpg；智库资料和行业报告更新内容目录查看.jpg；可加我们智慧客服 售后服务无忧 同时邀请我们进智慧交流群.jpg。归属项目／板块：07_方案与模板。**为什么不逐份精读也不改名**：这些是 CAD 图纸与三维/位图素材，文字位于矢量路径中、提取不出可用文本（本项目实测同类施工图 PDF 仅能提出 0～500 字符，且多为字形损坏的乱码）；且 dwg 之间存在外部参照（xref），**逐份改名会打断参照关系、破坏图纸可用性**，故按协议只做普查打标。**用法**：需要具体图面信息时，按本行给出的目录定位后用 CAD 打开，或对少量关键图走 render.py 出图后视觉读；目录名本身（专业/楼栋/图别）已具备检索价值，是这批素材的主要索引方式。,2026-08-16
docs/library/08_培训与课件/数据中心机房基础设施运维资料 培训课件 资料素材/P培训课件/P1发电机培训包480MB,P1发电机培训包480MB,3,A,2022,工程档案,M05/M10,【目录级登记·图纸与素材普查，非逐份精读】本行覆盖目录 `08_培训与课件/数据中心机房基础设施运维资料 培训课件 资料素材/P培训课件/P1发电机培训包480MB` 及其 1 个子目录下的 **2 个图纸/素材文件**，不逐份打分。构成：视频.avi 1 份、位图.jpg 1 份。样例文件名：V1002.AVI；柴发油耗材.jpg。归属项目／板块：08_培训与课件。**为什么不逐份精读也不改名**：这些是 CAD 图纸与三维/位图素材，文字位于矢量路径中、提取不出可用文本（本项目实测同类施工图 PDF 仅能提出 0～500 字符，且多为字形损坏的乱码）；且 dwg 之间存在外部参照（xref），**逐份改名会打断参照关系、破坏图纸可用性**，故按协议只做普查打标。**用法**：需要具体图面信息时，按本行给出的目录定位后用 CAD 打开，或对少量关键图走 render.py 出图后视觉读；目录名本身（专业/楼栋/图别）已具备检索价值，是这批素材的主要索引方式。,2026-08-16
docs/library/08_培训与课件/数据中心机房基础设施运维资料 培训课件 资料素材/P培训课件/培训课件2022.7.26更新包,培训课件2022.7.26更新包,3,A,2022,工程档案,M05/M10,【目录级登记·图纸与素材普查，非逐份精读】本行覆盖目录 `08_培训与课件/数据中心机房基础设施运维资料 培训课件 资料素材/P培训课件/培训课件2022.7.26更新包` 及其 2 个子目录下的 **9 个图纸/素材文件**，不逐份打分。构成：视频.mp4 9 份。样例文件名：2000KW高压设备外观介绍.mp4；控制室介绍.mp4；本地操作.mp4；外控台介绍.mp4；外控台接线介绍.mp4。归属项目／板块：08_培训与课件。**为什么不逐份精读也不改名**：这些是 CAD 图纸与三维/位图素材，文字位于矢量路径中、提取不出可用文本（本项目实测同类施工图 PDF 仅能提出 0～500 字符，且多为字形损坏的乱码）；且 dwg 之间存在外部参照（xref），**逐份改名会打断参照关系、破坏图纸可用性**，故按协议只做普查打标。**用法**：需要具体图面信息时，按本行给出的目录定位后用 CAD 打开，或对少量关键图走 render.py 出图后视觉读；目录名本身（专业/楼栋/图别）已具备检索价值，是这批素材的主要索引方式。,2026-08-16
docs/library/04_市场与研究/中文行业报告集/202L 数据中心新/2016.1 中国联通湖南长沙云计算中心一期IDC机房、动力中心、动力楼、通信枢纽楼建设工程,2016.1 中国联通湖南长沙云计算中心一期IDC机房、动力中心、动力楼、通信枢纽楼建设工程,2,A,2016,工程档案,—,【目录级登记·软件中间文件，非材料】本行覆盖目录 `04_市场与研究/中文行业报告集/202L 数据中心新/2016.1 中国联通湖南长沙云计算中心一期IDC机房、动力中心、动力楼、通信枢纽楼建设工程` 及其 9 个子目录下的 **11 个软件中间文件**，不逐份打分。构成：运行日志.log 7 份、错误日志.err 4 份。样例文件名：plot.log；acad.err；acad.err；plot.log；acad.err。归属项目／板块：2016.1 中国联通湖南长沙云计算中心一期IDC机房、动力中心、动力楼、通信枢纽楼建设工程。**性质**：这些是结构计算与绘图软件运行时产生的副产物——盈建科/SAPSS 求解器的节点与单元编号表、荷载工况表、错误日志，AutoCAD 的打印日志与锁文件，Windows 缩略图库 Thumbs.db 等。**它们不是工程成果文件，不含独立于成果文件之外的信息**，删掉也不影响图纸与计算书的完整性。**登记而不删除的原因**：本项目对 library 只做只读处理，删除属破坏性操作、需用户决定；此处如实登记以保证全库触达率不虚高。**建议**：这批文件合计占用可观空间且零研究价值，可由用户决定是否整组清理。,2026-08-16
docs/library/04_市场与研究/中文行业报告集/202L 数据中心新/2019.6 苏州太湖国际信息中心三期5#、6#机楼工程,2019.6 苏州太湖国际信息中心三期5#、6#机楼工程,2,A,2019,工程档案,—,【目录级登记·软件中间文件，非材料】本行覆盖目录 `04_市场与研究/中文行业报告集/202L 数据中心新/2019.6 苏州太湖国际信息中心三期5#、6#机楼工程` 及其 1 个子目录下的 **1 个软件中间文件**，不逐份打分。构成：求解器输出.out 1 份。样例文件名：水池抗浮稳定性验算.out。归属项目／板块：2019.6 苏州太湖国际信息中心三期5#、6#机楼工程。**性质**：这些是结构计算与绘图软件运行时产生的副产物——盈建科/SAPSS 求解器的节点与单元编号表、荷载工况表、错误日志，AutoCAD 的打印日志与锁文件，Windows 缩略图库 Thumbs.db 等。**它们不是工程成果文件，不含独立于成果文件之外的信息**，删掉也不影响图纸与计算书的完整性。**登记而不删除的原因**：本项目对 library 只做只读处理，删除属破坏性操作、需用户决定；此处如实登记以保证全库触达率不虚高。**建议**：这批文件合计占用可观空间且零研究价值，可由用户决定是否整组清理。,2026-08-16
docs/library/04_市场与研究/中文行业报告集/202L 数据中心新/2019.7 中国移动南方基地二期工程二阶段项目,2019.7 中国移动南方基地二期工程二阶段项目,2,A,2019,工程档案,—,【目录级登记·软件中间文件，非材料】本行覆盖目录 `04_市场与研究/中文行业报告集/202L 数据中心新/2019.7 中国移动南方基地二期工程二阶段项目` 及其 55 个子目录下的 **69 个软件中间文件**，不逐份打分。构成：运行日志.log 50 份、备份文件.bak 6 份、CAD 锁文件.dwl 6 份、CAD 锁文件.dwl2 6 份、本地数据库/缩略图库.db 1 份。样例文件名：plot.log；Thumbs.db；SS-0-01 图纸目录-总包_t3.bak；plot.log；tk_bt.bak。归属项目／板块：2019.7 中国移动南方基地二期工程二阶段项目。**性质**：这些是结构计算与绘图软件运行时产生的副产物——盈建科/SAPSS 求解器的节点与单元编号表、荷载工况表、错误日志，AutoCAD 的打印日志与锁文件，Windows 缩略图库 Thumbs.db 等。**它们不是工程成果文件，不含独立于成果文件之外的信息**，删掉也不影响图纸与计算书的完整性。**登记而不删除的原因**：本项目对 library 只做只读处理，删除属破坏性操作、需用户决定；此处如实登记以保证全库触达率不虚高。**建议**：这批文件合计占用可观空间且零研究价值，可由用户决定是否整组清理。,2026-08-16
docs/library/04_市场与研究/中文行业报告集/202L 数据中心新/2019.8 中国移动广西公司来宾综合业务接入机房工程,2019.8 中国移动广西公司来宾综合业务接入机房工程,2,A,2019,工程档案,—,【目录级登记·软件中间文件，非材料】本行覆盖目录 `04_市场与研究/中文行业报告集/202L 数据中心新/2019.8 中国移动广西公司来宾综合业务接入机房工程` 及其 43 个子目录下的 **1014 个软件中间文件**，不逐份打分。构成：运行日志.log 671 份、本地数据库/缩略图库.db 94 份、二进制数据.dat 74 份、盈建科工程文件.yg 51 份、求解器输出.out 48 份、盈建科工程文件.yjk 32 份。样例文件名：主楼_F.yg；jccad.ini；spretoslab.dat；fea.dat；spretobase.dat。归属项目／板块：2019.8 中国移动广西公司来宾综合业务接入机房工程。**性质**：这些是结构计算与绘图软件运行时产生的副产物——盈建科/SAPSS 求解器的节点与单元编号表、荷载工况表、错误日志，AutoCAD 的打印日志与锁文件，Windows 缩略图库 Thumbs.db 等。**它们不是工程成果文件，不含独立于成果文件之外的信息**，删掉也不影响图纸与计算书的完整性。**登记而不删除的原因**：本项目对 library 只做只读处理，删除属破坏性操作、需用户决定；此处如实登记以保证全库触达率不虚高。**建议**：这批文件合计占用可观空间且零研究价值，可由用户决定是否整组清理。,2026-08-16
docs/library/04_市场与研究/中文行业报告集/202L 数据中心新/2020.5 大数据安全产业示范基地及国家大数据安全靶场（数据区）,2020.5 大数据安全产业示范基地及国家大数据安全靶场（数据区）,2,A,2020,工程档案,—,【目录级登记·软件中间文件，非材料】本行覆盖目录 `04_市场与研究/中文行业报告集/202L 数据中心新/2020.5 大数据安全产业示范基地及国家大数据安全靶场（数据区）` 及其 18 个子目录下的 **64 个软件中间文件**，不逐份打分。构成：求解器输出.out 62 份、备份文件.bak 2 份。样例文件名：WZQ.OUT；WGCPJ.OUT；WDISP.OUT；WMASS.OUT；WZQ.OUT。归属项目／板块：2020.5 大数据安全产业示范基地及国家大数据安全靶场（数据区）。**性质**：这些是结构计算与绘图软件运行时产生的副产物——盈建科/SAPSS 求解器的节点与单元编号表、荷载工况表、错误日志，AutoCAD 的打印日志与锁文件，Windows 缩略图库 Thumbs.db 等。**它们不是工程成果文件，不含独立于成果文件之外的信息**，删掉也不影响图纸与计算书的完整性。**登记而不删除的原因**：本项目对 library 只做只读处理，删除属破坏性操作、需用户决定；此处如实登记以保证全库触达率不虚高。**建议**：这批文件合计占用可观空间且零研究价值，可由用户决定是否整组清理。,2026-08-16
docs/library/04_市场与研究/中文行业报告集/202L 数据中心新/2021.1 六安电信信息化中心和六安电信云计算数据中心项目,2021.1 六安电信信息化中心和六安电信云计算数据中心项目,2,A,2021,工程档案,—,【目录级登记·软件中间文件，非材料】本行覆盖目录 `04_市场与研究/中文行业报告集/202L 数据中心新/2021.1 六安电信信息化中心和六安电信云计算数据中心项目` 及其 1 个子目录下的 **1 个软件中间文件**，不逐份打分。构成：备份文件.bak 1 份。样例文件名：TY-05围墙做法.bak。归属项目／板块：2021.1 六安电信信息化中心和六安电信云计算数据中心项目。**性质**：这些是结构计算与绘图软件运行时产生的副产物——盈建科/SAPSS 求解器的节点与单元编号表、荷载工况表、错误日志，AutoCAD 的打印日志与锁文件，Windows 缩略图库 Thumbs.db 等。**它们不是工程成果文件，不含独立于成果文件之外的信息**，删掉也不影响图纸与计算书的完整性。**登记而不删除的原因**：本项目对 library 只做只读处理，删除属破坏性操作、需用户决定；此处如实登记以保证全库触达率不虚高。**建议**：这批文件合计占用可观空间且零研究价值，可由用户决定是否整组清理。,2026-08-16
docs/library/04_市场与研究/中文行业报告集/202L 数据中心新/2022.11 中国移动（重庆）江南数据中心建设项目（一期）,2022.11 中国移动（重庆）江南数据中心建设项目（一期）,2,A,2022,工程档案,—,【目录级登记·软件中间文件，非材料】本行覆盖目录 `04_市场与研究/中文行业报告集/202L 数据中心新/2022.11 中国移动（重庆）江南数据中心建设项目（一期）` 及其 5 个子目录下的 **5 个软件中间文件**，不逐份打分。构成：备份文件.bak 3 份、运行日志.log 2 份。样例文件名：plot.log；05.SS-01 给水设计说明.bak；设计说明.bak；施工图4#楼（C01动力中心）上报外审20221222_t3.bak；plot.log。归属项目／板块：2022.11 中国移动（重庆）江南数据中心建设项目（一期）。**性质**：这些是结构计算与绘图软件运行时产生的副产物——盈建科/SAPSS 求解器的节点与单元编号表、荷载工况表、错误日志，AutoCAD 的打印日志与锁文件，Windows 缩略图库 Thumbs.db 等。**它们不是工程成果文件，不含独立于成果文件之外的信息**，删掉也不影响图纸与计算书的完整性。**登记而不删除的原因**：本项目对 library 只做只读处理，删除属破坏性操作、需用户决定；此处如实登记以保证全库触达率不虚高。**建议**：这批文件合计占用可观空间且零研究价值，可由用户决定是否整组清理。,2026-08-16
docs/library/04_市场与研究/中文行业报告集/202L 数据中心新/2023.1广西桂北云计算产业园一期项目通信机楼土建工程,2023.1广西桂北云计算产业园一期项目通信机楼土建工程,2,A,2023,工程档案,—,【目录级登记·软件中间文件，非材料】本行覆盖目录 `04_市场与研究/中文行业报告集/202L 数据中心新/2023.1广西桂北云计算产业园一期项目通信机楼土建工程` 及其 2 个子目录下的 **3 个软件中间文件**，不逐份打分。构成：备份文件.bak 3 份。样例文件名：G-05~G-23广西桂北云计算产业园通信机楼结构图.bak；庭江路1号一期总平面图20221206_t3_t3.bak；beifen.bak。归属项目／板块：2023.1广西桂北云计算产业园一期项目通信机楼土建工程。**性质**：这些是结构计算与绘图软件运行时产生的副产物——盈建科/SAPSS 求解器的节点与单元编号表、荷载工况表、错误日志，AutoCAD 的打印日志与锁文件，Windows 缩略图库 Thumbs.db 等。**它们不是工程成果文件，不含独立于成果文件之外的信息**，删掉也不影响图纸与计算书的完整性。**登记而不删除的原因**：本项目对 library 只做只读处理，删除属破坏性操作、需用户决定；此处如实登记以保证全库触达率不虚高。**建议**：这批文件合计占用可观空间且零研究价值，可由用户决定是否整组清理。,2026-08-16
docs/library/04_市场与研究/中文行业报告集/202L 数据中心新/2023.4 定兴县公安局智慧乡村、小区与指挥系统智慧化项目-机房,2023.4 定兴县公安局智慧乡村、小区与指挥系统智慧化项目-机房,2,A,2023,工程档案,—,【目录级登记·软件中间文件，非材料】本行覆盖目录 `04_市场与研究/中文行业报告集/202L 数据中心新/2023.4 定兴县公安局智慧乡村、小区与指挥系统智慧化项目-机房` 及其 5 个子目录下的 **5 个软件中间文件**，不逐份打分。构成：运行日志.log 5 份。样例文件名：plot.log；plot.log；plot.log；plot.log；plot.log。归属项目／板块：2023.4 定兴县公安局智慧乡村、小区与指挥系统智慧化项目-机房。**性质**：这些是结构计算与绘图软件运行时产生的副产物——盈建科/SAPSS 求解器的节点与单元编号表、荷载工况表、错误日志，AutoCAD 的打印日志与锁文件，Windows 缩略图库 Thumbs.db 等。**它们不是工程成果文件，不含独立于成果文件之外的信息**，删掉也不影响图纸与计算书的完整性。**登记而不删除的原因**：本项目对 library 只做只读处理，删除属破坏性操作、需用户决定；此处如实登记以保证全库触达率不虚高。**建议**：这批文件合计占用可观空间且零研究价值，可由用户决定是否整组清理。,2026-08-16
docs/library/04_市场与研究/中文行业报告集/202L 数据中心新/2023.8中国电信浙江公司金华婺城数据中心项目,2023.8中国电信浙江公司金华婺城数据中心项目,2,A,2023,工程档案,—,【目录级登记·软件中间文件，非材料】本行覆盖目录 `04_市场与研究/中文行业报告集/202L 数据中心新/2023.8中国电信浙江公司金华婺城数据中心项目` 及其 1 个子目录下的 **3 个软件中间文件**，不逐份打分。构成：CAD 锁文件.dwl 1 份、CAD 锁文件.dwl2 1 份、备份文件.bak 1 份。样例文件名：04节点.dwl；04节点.dwl2；06型材断面图.bak。归属项目／板块：2023.8中国电信浙江公司金华婺城数据中心项目。**性质**：这些是结构计算与绘图软件运行时产生的副产物——盈建科/SAPSS 求解器的节点与单元编号表、荷载工况表、错误日志，AutoCAD 的打印日志与锁文件，Windows 缩略图库 Thumbs.db 等。**它们不是工程成果文件，不含独立于成果文件之外的信息**，删掉也不影响图纸与计算书的完整性。**登记而不删除的原因**：本项目对 library 只做只读处理，删除属破坏性操作、需用户决定；此处如实登记以保证全库触达率不虚高。**建议**：这批文件合计占用可观空间且零研究价值，可由用户决定是否整组清理。,2026-08-16
docs/library/04_市场与研究/中文行业报告集/202L 数据中心新/2024.12 中国移动（福建南平）延平通信枢纽楼,2024.12 中国移动（福建南平）延平通信枢纽楼,2,A,2024,工程档案,—,【目录级登记·软件中间文件，非材料】本行覆盖目录 `04_市场与研究/中文行业报告集/202L 数据中心新/2024.12 中国移动（福建南平）延平通信枢纽楼` 及其 1 个子目录下的 **7 个软件中间文件**，不逐份打分。构成：二进制数据.dat 7 份。样例文件名：电力用房2-1.dat；机房3-1.dat；电力用房4-1.dat；机房4-1.dat；电力用房3-1.dat。归属项目／板块：2024.12 中国移动（福建南平）延平通信枢纽楼。**性质**：这些是结构计算与绘图软件运行时产生的副产物——盈建科/SAPSS 求解器的节点与单元编号表、荷载工况表、错误日志，AutoCAD 的打印日志与锁文件，Windows 缩略图库 Thumbs.db 等。**它们不是工程成果文件，不含独立于成果文件之外的信息**，删掉也不影响图纸与计算书的完整性。**登记而不删除的原因**：本项目对 library 只做只读处理，删除属破坏性操作、需用户决定；此处如实登记以保证全库触达率不虚高。**建议**：这批文件合计占用可观空间且零研究价值，可由用户决定是否整组清理。,2026-08-16
docs/library/04_市场与研究/中文行业报告集/202L 数据中心新/2024.3 重庆移动忠县分公司生产调度用房建设项目 机房楼,2024.3 重庆移动忠县分公司生产调度用房建设项目 机房楼,2,A,2024,工程档案,—,【目录级登记·软件中间文件，非材料】本行覆盖目录 `04_市场与研究/中文行业报告集/202L 数据中心新/2024.3 重庆移动忠县分公司生产调度用房建设项目 机房楼` 及其 4 个子目录下的 **4 个软件中间文件**，不逐份打分。构成：备份文件.bak 2 份、运行日志.log 1 份、二进制数据.dat 1 份。样例文件名：plot.log；电施-忠县室外总图.bak；building_109.bak；AnnualIllum.dat。归属项目／板块：2024.3 重庆移动忠县分公司生产调度用房建设项目 机房楼。**性质**：这些是结构计算与绘图软件运行时产生的副产物——盈建科/SAPSS 求解器的节点与单元编号表、荷载工况表、错误日志，AutoCAD 的打印日志与锁文件，Windows 缩略图库 Thumbs.db 等。**它们不是工程成果文件，不含独立于成果文件之外的信息**，删掉也不影响图纸与计算书的完整性。**登记而不删除的原因**：本项目对 library 只做只读处理，删除属破坏性操作、需用户决定；此处如实登记以保证全库触达率不虚高。**建议**：这批文件合计占用可观空间且零研究价值，可由用户决定是否整组清理。,2026-08-16
docs/library/04_市场与研究/中文行业报告集/202L 数据中心新/2024.7 中国电信重庆公司科学城数据中心运维楼土建项目,2024.7 中国电信重庆公司科学城数据中心运维楼土建项目,2,A,2024,工程档案,—,【目录级登记·软件中间文件，非材料】本行覆盖目录 `04_市场与研究/中文行业报告集/202L 数据中心新/2024.7 中国电信重庆公司科学城数据中心运维楼土建项目` 及其 4 个子目录下的 **13 个软件中间文件**，不逐份打分。构成：CAD 锁文件.dwl 4 份、CAD 锁文件.dwl2 4 份、运行日志.log 3 份、备份文件.bak 2 份。样例文件名：景观详图(12).dwl；plot.log；景观详图(12).dwl2；景观详图(12).bak；plot.log。归属项目／板块：2024.7 中国电信重庆公司科学城数据中心运维楼土建项目。**性质**：这些是结构计算与绘图软件运行时产生的副产物——盈建科/SAPSS 求解器的节点与单元编号表、荷载工况表、错误日志，AutoCAD 的打印日志与锁文件，Windows 缩略图库 Thumbs.db 等。**它们不是工程成果文件，不含独立于成果文件之外的信息**，删掉也不影响图纸与计算书的完整性。**登记而不删除的原因**：本项目对 library 只做只读处理，删除属破坏性操作、需用户决定；此处如实登记以保证全库触达率不虚高。**建议**：这批文件合计占用可观空间且零研究价值，可由用户决定是否整组清理。,2026-08-16
docs/library/04_市场与研究/中文行业报告集/202L 数据中心新/2024.8 中国电信云计算重庆基地项目（四期）土建,2024.8 中国电信云计算重庆基地项目（四期）土建,2,A,2024,工程档案,—,【目录级登记·软件中间文件，非材料】本行覆盖目录 `04_市场与研究/中文行业报告集/202L 数据中心新/2024.8 中国电信云计算重庆基地项目（四期）土建` 及其 2 个子目录下的 **2 个软件中间文件**，不逐份打分。构成：备份文件.bak 2 份。样例文件名：DT.bak；A00.bak。归属项目／板块：2024.8 中国电信云计算重庆基地项目（四期）土建。**性质**：这些是结构计算与绘图软件运行时产生的副产物——盈建科/SAPSS 求解器的节点与单元编号表、荷载工况表、错误日志，AutoCAD 的打印日志与锁文件，Windows 缩略图库 Thumbs.db 等。**它们不是工程成果文件，不含独立于成果文件之外的信息**，删掉也不影响图纸与计算书的完整性。**登记而不删除的原因**：本项目对 library 只做只读处理，删除属破坏性操作、需用户决定；此处如实登记以保证全库触达率不虚高。**建议**：这批文件合计占用可观空间且零研究价值，可由用户决定是否整组清理。,2026-08-16
docs/library/04_市场与研究/中文行业报告集/202L 数据中心新/2024.9 中国移动衢州双港通信枢纽建设项目（一期）,2024.9 中国移动衢州双港通信枢纽建设项目（一期）,2,A,2024,工程档案,—,【目录级登记·软件中间文件，非材料】本行覆盖目录 `04_市场与研究/中文行业报告集/202L 数据中心新/2024.9 中国移动衢州双港通信枢纽建设项目（一期）` 及其 2 个子目录下的 **6 个软件中间文件**，不逐份打分。构成：备份文件.bak 3 份、CAD 锁文件.dwl 1 份、CAD 锁文件.dwl2 1 份、运行日志.log 1 份。样例文件名：240709改-衢州结施13~21机房楼板配筋图(外审意见).dwl；240709改-衢州机房楼结构施工图(梁+柱+基础)(外审意见).bak；240709改-衢州结施13~21机房楼板配筋图(外审意见).bak；240709改-衢州结施13~21机房楼板配筋图(外审意见).dwl2；plot.log。归属项目／板块：2024.9 中国移动衢州双港通信枢纽建设项目（一期）。**性质**：这些是结构计算与绘图软件运行时产生的副产物——盈建科/SAPSS 求解器的节点与单元编号表、荷载工况表、错误日志，AutoCAD 的打印日志与锁文件，Windows 缩略图库 Thumbs.db 等。**它们不是工程成果文件，不含独立于成果文件之外的信息**，删掉也不影响图纸与计算书的完整性。**登记而不删除的原因**：本项目对 library 只做只读处理，删除属破坏性操作、需用户决定；此处如实登记以保证全库触达率不虚高。**建议**：这批文件合计占用可观空间且零研究价值，可由用户决定是否整组清理。,2026-08-16
docs/library/04_市场与研究/中文行业报告集/202L 数据中心新/2025.2 产业园大数据中心建设项目,2025.2 产业园大数据中心建设项目,2,A,2025,工程档案,—,【目录级登记·软件中间文件，非材料】本行覆盖目录 `04_市场与研究/中文行业报告集/202L 数据中心新/2025.2 产业园大数据中心建设项目` 及其 1 个子目录下的 **2 个软件中间文件**，不逐份打分。构成：CAD 锁文件.dwl 1 份、CAD 锁文件.dwl2 1 份。样例文件名：空调2024.10.31-重庆（忠县）冷链仓储集配项目5#主要集配中心室内装饰设计工程_t3.dwl；空调2024.10.31-重庆（忠县）冷链仓储集配项目5#主要集配中心室内装饰设计工程_t3.dwl2。归属项目／板块：2025.2 产业园大数据中心建设项目。**性质**：这些是结构计算与绘图软件运行时产生的副产物——盈建科/SAPSS 求解器的节点与单元编号表、荷载工况表、错误日志，AutoCAD 的打印日志与锁文件，Windows 缩略图库 Thumbs.db 等。**它们不是工程成果文件，不含独立于成果文件之外的信息**，删掉也不影响图纸与计算书的完整性。**登记而不删除的原因**：本项目对 library 只做只读处理，删除属破坏性操作、需用户决定；此处如实登记以保证全库触达率不虚高。**建议**：这批文件合计占用可观空间且零研究价值，可由用户决定是否整组清理。,2026-08-16
docs/library/04_市场与研究/中文行业报告集/202L 数据中心新/2025.3 汶川县财政片区更新改造项目和阿坝州汶川县新型智慧城市建设项目(城市运营中心机房),2025.3 汶川县财政片区更新改造项目和阿坝州汶川县新型智慧城市建设项目(城市运营中心机房),2,A,2025,工程档案,—,【目录级登记·软件中间文件，非材料】本行覆盖目录 `04_市场与研究/中文行业报告集/202L 数据中心新/2025.3 汶川县财政片区更新改造项目和阿坝州汶川县新型智慧城市建设项目(城市运营中心机房)` 及其 6 个子目录下的 **19 个软件中间文件**，不逐份打分。构成：备份文件.bak 11 份、CAD 锁文件.dwl 4 份、CAD 锁文件.dwl2 4 份。样例文件名：汶川城市城市更新标识施工图(插源文件)_t8.bak；停车楼给排水平面图_t3.dwl；1、2#楼_t3.dwl；1、2#楼_t3.dwl2；停车楼给排水平面图_t3.dwl2。归属项目／板块：2025.3 汶川县财政片区更新改造项目和阿坝州汶川县新型智慧城市建设项目(城市运营中心机房)。**性质**：这些是结构计算与绘图软件运行时产生的副产物——盈建科/SAPSS 求解器的节点与单元编号表、荷载工况表、错误日志，AutoCAD 的打印日志与锁文件，Windows 缩略图库 Thumbs.db 等。**它们不是工程成果文件，不含独立于成果文件之外的信息**，删掉也不影响图纸与计算书的完整性。**登记而不删除的原因**：本项目对 library 只做只读处理，删除属破坏性操作、需用户决定；此处如实登记以保证全库触达率不虚高。**建议**：这批文件合计占用可观空间且零研究价值，可由用户决定是否整组清理。,2026-08-16
docs/library/06_工程图纸/01/02项目【华东地区 2019.6出版 无清单】xx国际信息中心机楼工程/电信5#楼邮电院校审修改版2019.08.05,电信5#楼邮电院校审修改版2019.08.05,2,A,2019,工程档案,—,【目录级登记·软件中间文件，非材料】本行覆盖目录 `06_工程图纸/01/02项目【华东地区 2019.6出版 无清单】xx国际信息中心机楼工程/电信5#楼邮电院校审修改版2019.08.05` 及其 1 个子目录下的 **1 个软件中间文件**，不逐份打分。构成：求解器输出.out 1 份。样例文件名：水池抗浮稳定性验算.out。归属项目／板块：06_工程图纸。**性质**：这些是结构计算与绘图软件运行时产生的副产物——盈建科/SAPSS 求解器的节点与单元编号表、荷载工况表、错误日志，AutoCAD 的打印日志与锁文件，Windows 缩略图库 Thumbs.db 等。**它们不是工程成果文件，不含独立于成果文件之外的信息**，删掉也不影响图纸与计算书的完整性。**登记而不删除的原因**：本项目对 library 只做只读处理，删除属破坏性操作、需用户决定；此处如实登记以保证全库触达率不虚高。**建议**：这批文件合计占用可观空间且零研究价值，可由用户决定是否整组清理。,2026-08-16
docs/library/06_工程图纸/01/05项目【华中地区 2016出版 带清单EXCEL表格】xx联通计算中心一期工程/IDC动力中心,IDC动力中心,2,A,2016,工程档案,—,【目录级登记·软件中间文件，非材料】本行覆盖目录 `06_工程图纸/01/05项目【华中地区 2016出版 带清单EXCEL表格】xx联通计算中心一期工程/IDC动力中心` 及其 1 个子目录下的 **2 个软件中间文件**，不逐份打分。构成：运行日志.log 1 份、错误日志.err 1 份。样例文件名：plot.log；acad.err。归属项目／板块：06_工程图纸。**性质**：这些是结构计算与绘图软件运行时产生的副产物——盈建科/SAPSS 求解器的节点与单元编号表、荷载工况表、错误日志，AutoCAD 的打印日志与锁文件，Windows 缩略图库 Thumbs.db 等。**它们不是工程成果文件，不含独立于成果文件之外的信息**，删掉也不影响图纸与计算书的完整性。**登记而不删除的原因**：本项目对 library 只做只读处理，删除属破坏性操作、需用户决定；此处如实登记以保证全库触达率不虚高。**建议**：这批文件合计占用可观空间且零研究价值，可由用户决定是否整组清理。,2026-08-16
docs/library/06_工程图纸/01/05项目【华中地区 2016出版 带清单EXCEL表格】xx联通计算中心一期工程/人防图纸,人防图纸,2,A,2016,工程档案,—,【目录级登记·软件中间文件，非材料】本行覆盖目录 `06_工程图纸/01/05项目【华中地区 2016出版 带清单EXCEL表格】xx联通计算中心一期工程/人防图纸` 及其 4 个子目录下的 **4 个软件中间文件**，不逐份打分。构成：运行日志.log 3 份、错误日志.err 1 份。样例文件名：acad.err；plot.log；plot.log；plot.log。归属项目／板块：06_工程图纸。**性质**：这些是结构计算与绘图软件运行时产生的副产物——盈建科/SAPSS 求解器的节点与单元编号表、荷载工况表、错误日志，AutoCAD 的打印日志与锁文件，Windows 缩略图库 Thumbs.db 等。**它们不是工程成果文件，不含独立于成果文件之外的信息**，删掉也不影响图纸与计算书的完整性。**登记而不删除的原因**：本项目对 library 只做只读处理，删除属破坏性操作、需用户决定；此处如实登记以保证全库触达率不虚高。**建议**：这批文件合计占用可观空间且零研究价值，可由用户决定是否整组清理。,2026-08-16
docs/library/06_工程图纸/01/05项目【华中地区 2016出版 带清单EXCEL表格】xx联通计算中心一期工程/基坑支护,基坑支护,2,A,2016,工程档案,—,【目录级登记·软件中间文件，非材料】本行覆盖目录 `06_工程图纸/01/05项目【华中地区 2016出版 带清单EXCEL表格】xx联通计算中心一期工程/基坑支护` 及其 1 个子目录下的 **1 个软件中间文件**，不逐份打分。构成：错误日志.err 1 份。样例文件名：acad.err。归属项目／板块：06_工程图纸。**性质**：这些是结构计算与绘图软件运行时产生的副产物——盈建科/SAPSS 求解器的节点与单元编号表、荷载工况表、错误日志，AutoCAD 的打印日志与锁文件，Windows 缩略图库 Thumbs.db 等。**它们不是工程成果文件，不含独立于成果文件之外的信息**，删掉也不影响图纸与计算书的完整性。**登记而不删除的原因**：本项目对 library 只做只读处理，删除属破坏性操作、需用户决定；此处如实登记以保证全库触达率不虚高。**建议**：这批文件合计占用可观空间且零研究价值，可由用户决定是否整组清理。,2026-08-16
docs/library/06_工程图纸/01/05项目【华中地区 2016出版 带清单EXCEL表格】xx联通计算中心一期工程/枢纽楼动力中心,枢纽楼动力中心,2,A,2016,工程档案,—,【目录级登记·软件中间文件，非材料】本行覆盖目录 `06_工程图纸/01/05项目【华中地区 2016出版 带清单EXCEL表格】xx联通计算中心一期工程/枢纽楼动力中心` 及其 1 个子目录下的 **1 个软件中间文件**，不逐份打分。构成：运行日志.log 1 份。样例文件名：plot.log。归属项目／板块：06_工程图纸。**性质**：这些是结构计算与绘图软件运行时产生的副产物——盈建科/SAPSS 求解器的节点与单元编号表、荷载工况表、错误日志，AutoCAD 的打印日志与锁文件，Windows 缩略图库 Thumbs.db 等。**它们不是工程成果文件，不含独立于成果文件之外的信息**，删掉也不影响图纸与计算书的完整性。**登记而不删除的原因**：本项目对 library 只做只读处理，删除属破坏性操作、需用户决定；此处如实登记以保证全库触达率不虚高。**建议**：这批文件合计占用可观空间且零研究价值，可由用户决定是否整组清理。,2026-08-16
docs/library/06_工程图纸/01/05项目【华中地区 2016出版 带清单EXCEL表格】xx联通计算中心一期工程/通信枢纽楼,通信枢纽楼,2,A,2016,工程档案,—,【目录级登记·软件中间文件，非材料】本行覆盖目录 `06_工程图纸/01/05项目【华中地区 2016出版 带清单EXCEL表格】xx联通计算中心一期工程/通信枢纽楼` 及其 1 个子目录下的 **2 个软件中间文件**，不逐份打分。构成：运行日志.log 1 份、错误日志.err 1 份。样例文件名：plot.log；acad.err。归属项目／板块：06_工程图纸。**性质**：这些是结构计算与绘图软件运行时产生的副产物——盈建科/SAPSS 求解器的节点与单元编号表、荷载工况表、错误日志，AutoCAD 的打印日志与锁文件，Windows 缩略图库 Thumbs.db 等。**它们不是工程成果文件，不含独立于成果文件之外的信息**，删掉也不影响图纸与计算书的完整性。**登记而不删除的原因**：本项目对 library 只做只读处理，删除属破坏性操作、需用户决定；此处如实登记以保证全库触达率不虚高。**建议**：这批文件合计占用可观空间且零研究价值，可由用户决定是否整组清理。,2026-08-16
docs/library/06_工程图纸/IDC机房/jz316.IDC机房机楼数据中心建筑结构水电暖通部分含工艺CAD图纸/01项目【华南地区 2019.8出版 带清单EXCEL表格】xx移动综合业务接入机房工程,01项目【华南地区 2019.8出版 带清单EXCEL表格】xx移动综合业务接入机房工程,2,A,2019,工程档案,—,【目录级登记·软件中间文件，非材料】本行覆盖目录 `06_工程图纸/IDC机房/jz316.IDC机房机楼数据中心建筑结构水电暖通部分含工艺CAD图纸/01项目【华南地区 2019.8出版 带清单EXCEL表格】xx移动综合业务接入机房工程` 及其 43 个子目录下的 **1014 个软件中间文件**，不逐份打分。构成：运行日志.log 671 份、本地数据库/缩略图库.db 94 份、二进制数据.dat 74 份、盈建科工程文件.yg 51 份、求解器输出.out 48 份、盈建科工程文件.yjk 32 份。样例文件名：主楼_F.yg；jccad.ini；spretoslab.dat；fea.dat；spretobase.dat。归属项目／板块：06_工程图纸。**性质**：这些是结构计算与绘图软件运行时产生的副产物——盈建科/SAPSS 求解器的节点与单元编号表、荷载工况表、错误日志，AutoCAD 的打印日志与锁文件，Windows 缩略图库 Thumbs.db 等。**它们不是工程成果文件，不含独立于成果文件之外的信息**，删掉也不影响图纸与计算书的完整性。**登记而不删除的原因**：本项目对 library 只做只读处理，删除属破坏性操作、需用户决定；此处如实登记以保证全库触达率不虚高。**建议**：这批文件合计占用可观空间且零研究价值，可由用户决定是否整组清理。,2026-08-16
docs/library/06_工程图纸/IDC机房/jz316.IDC机房机楼数据中心建筑结构水电暖通部分含工艺CAD图纸/01项目【华南地区 2019.8出版 带清单EXCEL表格】xx移动综合业务接入机房工程_解压2,01项目【华南地区 2019.8出版 带清单EXCEL表格】xx移动综合业务接入机房工程_解压2,2,A,2019,工程档案,—,【目录级登记·软件中间文件，非材料】本行覆盖目录 `06_工程图纸/IDC机房/jz316.IDC机房机楼数据中心建筑结构水电暖通部分含工艺CAD图纸/01项目【华南地区 2019.8出版 带清单EXCEL表格】xx移动综合业务接入机房工程_解压2` 及其 43 个子目录下的 **1014 个软件中间文件**，不逐份打分。构成：运行日志.log 671 份、本地数据库/缩略图库.db 94 份、二进制数据.dat 74 份、盈建科工程文件.yg 51 份、求解器输出.out 48 份、盈建科工程文件.yjk 32 份。样例文件名：主楼_F.yg；jccad.ini；spretoslab.dat；fea.dat；spretobase.dat。归属项目／板块：06_工程图纸。**性质**：这些是结构计算与绘图软件运行时产生的副产物——盈建科/SAPSS 求解器的节点与单元编号表、荷载工况表、错误日志，AutoCAD 的打印日志与锁文件，Windows 缩略图库 Thumbs.db 等。**它们不是工程成果文件，不含独立于成果文件之外的信息**，删掉也不影响图纸与计算书的完整性。**登记而不删除的原因**：本项目对 library 只做只读处理，删除属破坏性操作、需用户决定；此处如实登记以保证全库触达率不虚高。**建议**：这批文件合计占用可观空间且零研究价值，可由用户决定是否整组清理。,2026-08-16
docs/library/06_工程图纸/IDC机房/jz316.IDC机房机楼数据中心建筑结构水电暖通部分含工艺CAD图纸/02项目【华东地区 2019.6出版 无清单】xx国际信息中心机楼工程,02项目【华东地区 2019.6出版 无清单】xx国际信息中心机楼工程,2,A,2019,工程档案,—,【目录级登记·软件中间文件，非材料】本行覆盖目录 `06_工程图纸/IDC机房/jz316.IDC机房机楼数据中心建筑结构水电暖通部分含工艺CAD图纸/02项目【华东地区 2019.6出版 无清单】xx国际信息中心机楼工程` 及其 1 个子目录下的 **1 个软件中间文件**，不逐份打分。构成：求解器输出.out 1 份。样例文件名：水池抗浮稳定性验算.out。归属项目／板块：06_工程图纸。**性质**：这些是结构计算与绘图软件运行时产生的副产物——盈建科/SAPSS 求解器的节点与单元编号表、荷载工况表、错误日志，AutoCAD 的打印日志与锁文件，Windows 缩略图库 Thumbs.db 等。**它们不是工程成果文件，不含独立于成果文件之外的信息**，删掉也不影响图纸与计算书的完整性。**登记而不删除的原因**：本项目对 library 只做只读处理，删除属破坏性操作、需用户决定；此处如实登记以保证全库触达率不虚高。**建议**：这批文件合计占用可观空间且零研究价值，可由用户决定是否整组清理。,2026-08-16
docs/library/06_工程图纸/IDC机房/jz316.IDC机房机楼数据中心建筑结构水电暖通部分含工艺CAD图纸/02项目【华东地区 2019.6出版 无清单】xx国际信息中心机楼工程_解压2,02项目【华东地区 2019.6出版 无清单】xx国际信息中心机楼工程_解压2,2,A,2019,工程档案,—,【目录级登记·软件中间文件，非材料】本行覆盖目录 `06_工程图纸/IDC机房/jz316.IDC机房机楼数据中心建筑结构水电暖通部分含工艺CAD图纸/02项目【华东地区 2019.6出版 无清单】xx国际信息中心机楼工程_解压2` 及其 1 个子目录下的 **1 个软件中间文件**，不逐份打分。构成：求解器输出.out 1 份。样例文件名：水池抗浮稳定性验算.out。归属项目／板块：06_工程图纸。**性质**：这些是结构计算与绘图软件运行时产生的副产物——盈建科/SAPSS 求解器的节点与单元编号表、荷载工况表、错误日志，AutoCAD 的打印日志与锁文件，Windows 缩略图库 Thumbs.db 等。**它们不是工程成果文件，不含独立于成果文件之外的信息**，删掉也不影响图纸与计算书的完整性。**登记而不删除的原因**：本项目对 library 只做只读处理，删除属破坏性操作、需用户决定；此处如实登记以保证全库触达率不虚高。**建议**：这批文件合计占用可观空间且零研究价值，可由用户决定是否整组清理。,2026-08-16
docs/library/06_工程图纸/IDC机房/jz316.IDC机房机楼数据中心建筑结构水电暖通部分含工艺CAD图纸/05项目【华中地区 2016出版 带清单EXCEL表格】xx联通计算中心一期工程,05项目【华中地区 2016出版 带清单EXCEL表格】xx联通计算中心一期工程,2,A,2016,工程档案,—,【目录级登记·软件中间文件，非材料】本行覆盖目录 `06_工程图纸/IDC机房/jz316.IDC机房机楼数据中心建筑结构水电暖通部分含工艺CAD图纸/05项目【华中地区 2016出版 带清单EXCEL表格】xx联通计算中心一期工程` 及其 8 个子目录下的 **10 个软件中间文件**，不逐份打分。构成：运行日志.log 6 份、错误日志.err 4 份。样例文件名：plot.log；acad.err；acad.err；plot.log；acad.err。归属项目／板块：06_工程图纸。**性质**：这些是结构计算与绘图软件运行时产生的副产物——盈建科/SAPSS 求解器的节点与单元编号表、荷载工况表、错误日志，AutoCAD 的打印日志与锁文件，Windows 缩略图库 Thumbs.db 等。**它们不是工程成果文件，不含独立于成果文件之外的信息**，删掉也不影响图纸与计算书的完整性。**登记而不删除的原因**：本项目对 library 只做只读处理，删除属破坏性操作、需用户决定；此处如实登记以保证全库触达率不虚高。**建议**：这批文件合计占用可观空间且零研究价值，可由用户决定是否整组清理。,2026-08-16
docs/library/06_工程图纸/IDC机房/jz316.IDC机房机楼数据中心建筑结构水电暖通部分含工艺CAD图纸/05项目【华中地区 2016出版 带清单EXCEL表格】xx联通计算中心一期工程_解压2,05项目【华中地区 2016出版 带清单EXCEL表格】xx联通计算中心一期工程_解压2,2,A,2016,工程档案,—,【目录级登记·软件中间文件，非材料】本行覆盖目录 `06_工程图纸/IDC机房/jz316.IDC机房机楼数据中心建筑结构水电暖通部分含工艺CAD图纸/05项目【华中地区 2016出版 带清单EXCEL表格】xx联通计算中心一期工程_解压2` 及其 8 个子目录下的 **10 个软件中间文件**，不逐份打分。构成：运行日志.log 6 份、错误日志.err 4 份。样例文件名：plot.log；acad.err；acad.err；plot.log；acad.err。归属项目／板块：06_工程图纸。**性质**：这些是结构计算与绘图软件运行时产生的副产物——盈建科/SAPSS 求解器的节点与单元编号表、荷载工况表、错误日志，AutoCAD 的打印日志与锁文件，Windows 缩略图库 Thumbs.db 等。**它们不是工程成果文件，不含独立于成果文件之外的信息**，删掉也不影响图纸与计算书的完整性。**登记而不删除的原因**：本项目对 library 只做只读处理，删除属破坏性操作、需用户决定；此处如实登记以保证全库触达率不虚高。**建议**：这批文件合计占用可观空间且零研究价值，可由用户决定是否整组清理。,2026-08-16
docs/library/06_工程图纸/机房机柜布置弱电图立面图图纸设计CAD素材图库,机房机柜布置弱电图立面图图纸设计CAD素材图库,2,A,2022,工程档案,—,【目录级登记·软件中间文件，非材料】本行覆盖目录 `06_工程图纸/机房机柜布置弱电图立面图图纸设计CAD素材图库` 及其 1 个子目录下的 **2 个软件中间文件**，不逐份打分。构成：备份文件.bak 2 份。样例文件名：beifen.bak；机柜布置图模板.bak。归属项目／板块：06_工程图纸。**性质**：这些是结构计算与绘图软件运行时产生的副产物——盈建科/SAPSS 求解器的节点与单元编号表、荷载工况表、错误日志，AutoCAD 的打印日志与锁文件，Windows 缩略图库 Thumbs.db 等。**它们不是工程成果文件，不含独立于成果文件之外的信息**，删掉也不影响图纸与计算书的完整性。**登记而不删除的原因**：本项目对 library 只做只读处理，删除属破坏性操作、需用户决定；此处如实登记以保证全库触达率不虚高。**建议**：这批文件合计占用可观空间且零研究价值，可由用户决定是否整组清理。,2026-08-16
docs/library/07_方案与模板/R066新选30个机房建设方案弱电数据中心机房布线物联解决方案设计素材/机房建设/智能化弱电赠品,智能化弱电赠品,2,A,2022,工程档案,—,【目录级登记·软件中间文件，非材料】本行覆盖目录 `07_方案与模板/R066新选30个机房建设方案弱电数据中心机房布线物联解决方案设计素材/机房建设/智能化弱电赠品` 及其 3 个子目录下的 **19 个软件中间文件**，不逐份打分。构成：备份文件.bak 19 份。样例文件名：02-弱电图标-全版-闭路电视系统.bak；07-弱电图标-全版-楼宇自控.bak；05-弱电图标-全版-火灾自动报警.bak；06-弱电图标-全版-有线电视.bak；01-弱电图标-全版-公共广播.bak。归属项目／板块：07_方案与模板。**性质**：这些是结构计算与绘图软件运行时产生的副产物——盈建科/SAPSS 求解器的节点与单元编号表、荷载工况表、错误日志，AutoCAD 的打印日志与锁文件，Windows 缩略图库 Thumbs.db 等。**它们不是工程成果文件，不含独立于成果文件之外的信息**，删掉也不影响图纸与计算书的完整性。**登记而不删除的原因**：本项目对 library 只做只读处理，删除属破坏性操作、需用户决定；此处如实登记以保证全库触达率不虚高。**建议**：这批文件合计占用可观空间且零研究价值，可由用户决定是否整组清理。,2026-08-16
