implementation,symbol,definition_line,consumer,line,call,resolution
src/inresearch/delivery/reading_packet.py,chunks,47,src/inresearch/delivery/reading_packet.py,216,chunks,statically observable name/attribute; receiver review in DELIVERY
src/inresearch/delivery/reading_packet.py,chunks,47,src/inresearch/delivery/reading_packet.py,241,chunks,statically observable name/attribute; receiver review in DELIVERY
src/inresearch/delivery/reading_packet.py,chunks,47,tests/unit/test_fact_contract.py,142,PACKET.chunks,statically observable name/attribute; receiver review in DELIVERY
src/inresearch/delivery/reading_packet.py,chunks,47,tests/unit/test_fact_contract.py,150,PACKET.chunks,statically observable name/attribute; receiver review in DELIVERY
src/inresearch/delivery/reading_packet.py,full_text,26,src/inresearch/workflow/deep_read.py,44,packet.full_text,statically observable name/attribute; receiver review in DELIVERY
src/inresearch/delivery/reading_packet.py,full_text,26,src/inresearch/workflow/reading_results.py,52,self.artifacts.full_text,statically observable name/attribute; receiver review in DELIVERY
src/inresearch/delivery/reading_packet.py,full_text,26,tests/unit/test_reading_results.py,238,self.results.artifacts.full_text,statically observable name/attribute; receiver review in DELIVERY
src/inresearch/delivery/reading_packet.py,metric_menu,59,src/inresearch/delivery/reading_packet.py,218,metric_menu,statically observable name/attribute; receiver review in DELIVERY
src/inresearch/delivery/reading_packet.py,metric_menu,59,tests/unit/test_fact_contract.py,457,PACKET.metric_menu,statically observable name/attribute; receiver review in DELIVERY
src/inresearch/delivery/reading_packet.py,metric_menu,59,tests/unit/test_fact_contract.py,461,PACKET.metric_menu,statically observable name/attribute; receiver review in DELIVERY
src/inresearch/delivery/reading_packet.py,metric_menu,59,tests/unit/test_fact_contract.py,477,PACKET.metric_menu,statically observable name/attribute; receiver review in DELIVERY
src/inresearch/delivery/reading_packet.py,metric_menu,59,tests/unit/test_fact_contract.py,494,PACKET.metric_menu,statically observable name/attribute; receiver review in DELIVERY
src/inresearch/delivery/reading_packet.py,other_modules_index,79,src/inresearch/delivery/reading_packet.py,218,other_modules_index,statically observable name/attribute; receiver review in DELIVERY
src/inresearch/delivery/reading_packet.py,other_modules_index,79,tests/unit/test_fact_contract.py,465,PACKET.other_modules_index,statically observable name/attribute; receiver review in DELIVERY
src/inresearch/delivery/reading_packet.py,other_modules_index,79,tests/unit/test_fact_contract.py,472,PACKET.other_modules_index,statically observable name/attribute; receiver review in DELIVERY
src/inresearch/delivery/reading_packet.py,pdf_text,15,src/inresearch/delivery/reading_packet.py,29,pdf_text,statically observable name/attribute; receiver review in DELIVERY
src/inresearch/delivery/reading_packet.py,publish,202,src/inresearch/workflow/deep_read.py,139,packet.publish,statically observable name/attribute; receiver review in DELIVERY
src/inresearch/delivery/reading_packet.py,publish,202,tests/unit/test_publish_reader.py,42,self.publish,statically observable name/attribute; receiver review in DELIVERY
src/inresearch/delivery/reading_packet.py,publish,202,tests/unit/test_publish_reader.py,49,self.publish,statically observable name/attribute; receiver review in DELIVERY
src/inresearch/delivery/reading_packet.py,question_menu,97,src/inresearch/delivery/reading_packet.py,219,question_menu,statically observable name/attribute; receiver review in DELIVERY
src/inresearch/delivery/reading_packet.py,run,12,src/inresearch/adapters/acquisition.py,249,c.run,statically observable name/attribute; receiver review in DELIVERY
src/inresearch/delivery/reading_packet.py,run,12,src/inresearch/adapters/acquisition.py,250,c.run,statically observable name/attribute; receiver review in DELIVERY
src/inresearch/delivery/reading_packet.py,run,12,src/inresearch/adapters/acquisition.py,251,c.run,statically observable name/attribute; receiver review in DELIVERY
src/inresearch/delivery/reading_packet.py,run,12,src/inresearch/adapters/historical_brief.py,30,subprocess.run,statically observable name/attribute; receiver review in DELIVERY
src/inresearch/delivery/reading_packet.py,run,12,src/inresearch/adapters/models.py,227,subprocess.run,statically observable name/attribute; receiver review in DELIVERY
src/inresearch/delivery/reading_packet.py,run,12,src/inresearch/adapters/news_sync.py,102,c.run,statically observable name/attribute; receiver review in DELIVERY
src/inresearch/delivery/reading_packet.py,run,12,src/inresearch/adapters/ocr_worker.py,20,subprocess.run,statically observable name/attribute; receiver review in DELIVERY
src/inresearch/delivery/reading_packet.py,run,12,src/inresearch/adapters/ocr_worker.py,32,run,statically observable name/attribute; receiver review in DELIVERY
src/inresearch/delivery/reading_packet.py,run,12,src/inresearch/adapters/ocr_worker.py,39,run,statically observable name/attribute; receiver review in DELIVERY
src/inresearch/delivery/reading_packet.py,run,12,src/inresearch/adapters/ocr_worker.py,54,run,statically observable name/attribute; receiver review in DELIVERY
src/inresearch/delivery/reading_packet.py,run,12,src/inresearch/adapters/ocr_worker.py,57,run,statically observable name/attribute; receiver review in DELIVERY
src/inresearch/delivery/reading_packet.py,run,12,src/inresearch/adapters/ocr_worker.py,63,run,statically observable name/attribute; receiver review in DELIVERY
src/inresearch/delivery/reading_packet.py,run,12,src/inresearch/adapters/ocr_worker.py,74,run,statically observable name/attribute; receiver review in DELIVERY
src/inresearch/delivery/reading_packet.py,run,12,src/inresearch/adapters/ocr_worker.py,76,run,statically observable name/attribute; receiver review in DELIVERY
src/inresearch/delivery/reading_packet.py,run,12,src/inresearch/adapters/ocr_worker.py,78,run,statically observable name/attribute; receiver review in DELIVERY
src/inresearch/delivery/reading_packet.py,run,12,src/inresearch/adapters/ocr_worker.py,90,run,statically observable name/attribute; receiver review in DELIVERY
src/inresearch/delivery/reading_packet.py,run,12,src/inresearch/delivery/map.py,140,subprocess.run,statically observable name/attribute; receiver review in DELIVERY
src/inresearch/delivery/reading_packet.py,run,12,src/inresearch/delivery/publish.py,42,subprocess.run,statically observable name/attribute; receiver review in DELIVERY
src/inresearch/delivery/reading_packet.py,run,12,src/inresearch/delivery/reading_packet.py,13,subprocess.run,statically observable name/attribute; receiver review in DELIVERY
src/inresearch/delivery/reading_packet.py,run,12,src/inresearch/delivery/reading_packet.py,16,run,statically observable name/attribute; receiver review in DELIVERY
src/inresearch/delivery/reading_packet.py,run,12,src/inresearch/delivery/reading_packet.py,19,run,statically observable name/attribute; receiver review in DELIVERY
src/inresearch/delivery/reading_packet.py,run,12,src/inresearch/delivery/reading_packet.py,41,run,statically observable name/attribute; receiver review in DELIVERY
src/inresearch/delivery/reading_packet.py,run,12,src/inresearch/interfaces/http.py,438,subprocess.run,statically observable name/attribute; receiver review in DELIVERY
src/inresearch/delivery/reading_packet.py,run,12,src/inresearch/interfaces/reader.py,78,reader.run,statically observable name/attribute; receiver review in DELIVERY
src/inresearch/delivery/reading_packet.py,run,12,src/inresearch/materials/triage.py,61,subprocess.run,statically observable name/attribute; receiver review in DELIVERY
src/inresearch/delivery/reading_packet.py,run,12,src/inresearch/materials/triage.py,74,run,statically observable name/attribute; receiver review in DELIVERY
src/inresearch/delivery/reading_packet.py,run,12,src/inresearch/materials/triage.py,79,run,statically observable name/attribute; receiver review in DELIVERY
src/inresearch/delivery/reading_packet.py,run,12,src/inresearch/materials/triage.py,84,run,statically observable name/attribute; receiver review in DELIVERY
src/inresearch/delivery/reading_packet.py,run,12,src/inresearch/materials/triage.py,107,run,statically observable name/attribute; receiver review in DELIVERY
src/inresearch/delivery/reading_packet.py,run,12,src/inresearch/workflow/reading_stages.py,115,subprocess.run,statically observable name/attribute; receiver review in DELIVERY
src/inresearch/delivery/reading_packet.py,run,12,tests/unit/test_acquisition.py,33,self.c.run,statically observable name/attribute; receiver review in DELIVERY
src/inresearch/delivery/reading_packet.py,run,12,tests/unit/test_catalog_migration.py,139,reader.run,statically observable name/attribute; receiver review in DELIVERY
src/inresearch/delivery/reading_packet.py,run,12,tests/unit/test_continuous_reader.py,88,self.reader.run,statically observable name/attribute; receiver review in DELIVERY
src/inresearch/delivery/reading_packet.py,run,12,tests/unit/test_continuous_reader.py,723,self.reader.run,statically observable name/attribute; receiver review in DELIVERY
src/inresearch/delivery/reading_packet.py,run,12,tests/unit/test_datacenter_news.py,18,c.run,statically observable name/attribute; receiver review in DELIVERY
src/inresearch/delivery/reading_packet.py,run,12,tests/unit/test_datacenter_news.py,21,c.run,statically observable name/attribute; receiver review in DELIVERY
src/inresearch/delivery/reading_packet.py,run,12,tests/unit/test_display_regressions.py,163,subprocess.run,statically observable name/attribute; receiver review in DELIVERY
src/inresearch/delivery/reading_packet.py,run,12,tests/unit/test_governance.py,18,subprocess.run,statically observable name/attribute; receiver review in DELIVERY
src/inresearch/delivery/reading_packet.py,run,12,tests/unit/test_intake.py,85,run,statically observable name/attribute; receiver review in DELIVERY
src/inresearch/delivery/reading_packet.py,run,12,tests/unit/test_intake.py,89,run,statically observable name/attribute; receiver review in DELIVERY
src/inresearch/delivery/reading_packet.py,run,12,tests/unit/test_intake.py,93,run,statically observable name/attribute; receiver review in DELIVERY
src/inresearch/delivery/reading_packet.py,run,12,tests/unit/test_intake.py,99,run,statically observable name/attribute; receiver review in DELIVERY
src/inresearch/delivery/reading_packet.py,run,12,tests/unit/test_news_projection.py,137,self.collector.run,statically observable name/attribute; receiver review in DELIVERY
src/inresearch/delivery/reading_packet.py,run,12,tests/unit/test_reading_revisions.py,228,reader.run,statically observable name/attribute; receiver review in DELIVERY
src/inresearch/delivery/reading_packet.py,run,12,tests/unit/test_verification_contract.py,48,subprocess.run,statically observable name/attribute; receiver review in DELIVERY
src/inresearch/delivery/reading_packet.py,run,12,tests/unit/test_verification_contract.py,49,subprocess.run,statically observable name/attribute; receiver review in DELIVERY
src/inresearch/interfaces/deep_read.py,cmd_attribute,41,tests/unit/test_deep_read.py,214,CLI.cmd_attribute,statically observable name/attribute; receiver review in DELIVERY
src/inresearch/interfaces/deep_read.py,cmd_backfill_provenance,66,tests/unit/test_deep_read.py,837,CLI.cmd_backfill_provenance,statically observable name/attribute; receiver review in DELIVERY
src/inresearch/interfaces/deep_read.py,cmd_flag,46,tests/unit/test_deep_read.py,521,CLI.cmd_flag,statically observable name/attribute; receiver review in DELIVERY
src/inresearch/interfaces/deep_read.py,cmd_gaps,55,tests/unit/test_deep_read.py,616,CLI.cmd_gaps,statically observable name/attribute; receiver review in DELIVERY
src/inresearch/interfaces/deep_read.py,cmd_pack,18,tests/unit/test_deep_read.py,297,CLI.cmd_pack,statically observable name/attribute; receiver review in DELIVERY
src/inresearch/interfaces/deep_read.py,cmd_pack,18,tests/unit/test_deep_read.py,484,CLI.cmd_pack,statically observable name/attribute; receiver review in DELIVERY
src/inresearch/interfaces/deep_read.py,cmd_pack,18,tests/unit/test_deep_read.py,771,CLI.cmd_pack,statically observable name/attribute; receiver review in DELIVERY
src/inresearch/interfaces/deep_read.py,cmd_pack,18,tests/unit/test_m4_redo_reads.py,224,PK.cmd_pack,statically observable name/attribute; receiver review in DELIVERY
src/inresearch/interfaces/deep_read.py,cmd_pack,18,tests/unit/test_m4_triage_extract.py,193,PK.cmd_pack,statically observable name/attribute; receiver review in DELIVERY
src/inresearch/interfaces/deep_read.py,cmd_pack,18,tests/unit/test_m4_triage_extract.py,259,PK.cmd_pack,statically observable name/attribute; receiver review in DELIVERY
src/inresearch/interfaces/deep_read.py,cmd_pack,18,tests/unit/test_m4_triage_extract.py,424,PK.cmd_pack,statically observable name/attribute; receiver review in DELIVERY
src/inresearch/interfaces/deep_read.py,cmd_pack,18,tests/unit/test_m4_triage_extract.py,495,PK.cmd_pack,statically observable name/attribute; receiver review in DELIVERY
src/inresearch/interfaces/deep_read.py,cmd_pack,18,tests/unit/test_m4_triage_extract.py,630,PK.cmd_pack,statically observable name/attribute; receiver review in DELIVERY
src/inresearch/interfaces/deep_read.py,cmd_queue,85,tests/unit/test_deep_read.py,356,CLI.cmd_queue,statically observable name/attribute; receiver review in DELIVERY
src/inresearch/interfaces/deep_read.py,cmd_queue,85,tests/unit/test_deep_read.py,573,CLI.cmd_queue,statically observable name/attribute; receiver review in DELIVERY
src/inresearch/interfaces/deep_read.py,cmd_record,22,tests/unit/test_deep_read.py,50,CLI.cmd_record,statically observable name/attribute; receiver review in DELIVERY
src/inresearch/interfaces/deep_read.py,cmd_record,22,tests/unit/test_deep_read.py,437,CLI.cmd_record,statically observable name/attribute; receiver review in DELIVERY
src/inresearch/interfaces/deep_read.py,cmd_record,22,tests/unit/test_deep_read.py,965,CLI.cmd_record,statically observable name/attribute; receiver review in DELIVERY
src/inresearch/interfaces/deep_read.py,cmd_record,22,tests/unit/test_m4_triage_extract.py,563,PK.cmd_record,statically observable name/attribute; receiver review in DELIVERY
src/inresearch/interfaces/deep_read.py,cmd_record,22,tests/unit/test_model_runtime.py,288,pack.cmd_record,statically observable name/attribute; receiver review in DELIVERY
src/inresearch/interfaces/deep_read.py,cmd_skip,51,tests/unit/test_deep_read.py,609,CLI.cmd_skip,statically observable name/attribute; receiver review in DELIVERY
src/inresearch/interfaces/deep_read.py,cmd_status,80,tests/unit/test_m4_triage_extract.py,325,PK.cmd_status,statically observable name/attribute; receiver review in DELIVERY
src/inresearch/interfaces/deep_read.py,emit,14,src/inresearch/interfaces/deep_read.py,19,emit,statically observable name/attribute; receiver review in DELIVERY
src/inresearch/interfaces/deep_read.py,emit,14,src/inresearch/interfaces/deep_read.py,26,emit,statically observable name/attribute; receiver review in DELIVERY
src/inresearch/interfaces/deep_read.py,emit,14,src/inresearch/interfaces/deep_read.py,42,emit,statically observable name/attribute; receiver review in DELIVERY
src/inresearch/interfaces/deep_read.py,emit,14,src/inresearch/interfaces/deep_read.py,47,emit,statically observable name/attribute; receiver review in DELIVERY
src/inresearch/interfaces/deep_read.py,emit,14,src/inresearch/interfaces/deep_read.py,52,emit,statically observable name/attribute; receiver review in DELIVERY
src/inresearch/interfaces/deep_read.py,emit,14,src/inresearch/interfaces/deep_read.py,57,emit,statically observable name/attribute; receiver review in DELIVERY
src/inresearch/interfaces/deep_read.py,emit,14,src/inresearch/interfaces/deep_read.py,60,emit,statically observable name/attribute; receiver review in DELIVERY
src/inresearch/interfaces/deep_read.py,emit,14,src/inresearch/interfaces/deep_read.py,69,emit,statically observable name/attribute; receiver review in DELIVERY
src/inresearch/interfaces/deep_read.py,emit,14,src/inresearch/interfaces/deep_read.py,81,emit,statically observable name/attribute; receiver review in DELIVERY
src/inresearch/interfaces/deep_read.py,emit,14,src/inresearch/interfaces/deep_read.py,177,emit,statically observable name/attribute; receiver review in DELIVERY
src/inresearch/interfaces/deep_read.py,emit,14,src/inresearch/interfaces/deep_read.py,184,emit,statically observable name/attribute; receiver review in DELIVERY
src/inresearch/interfaces/deep_read.py,emit,14,src/inresearch/interfaces/deep_read.py,187,emit,statically observable name/attribute; receiver review in DELIVERY
src/inresearch/interfaces/deep_read.py,emit,14,src/inresearch/interfaces/deep_read.py,190,emit,statically observable name/attribute; receiver review in DELIVERY
src/inresearch/interfaces/deep_read.py,emit,14,src/inresearch/interfaces/deep_read.py,193,emit,statically observable name/attribute; receiver review in DELIVERY
src/inresearch/interfaces/deep_read.py,emit,14,src/inresearch/workflow/score.py,119,emit,statically observable name/attribute; receiver review in DELIVERY
src/inresearch/interfaces/deep_read.py,emit,14,src/inresearch/workflow/score.py,128,emit,statically observable name/attribute; receiver review in DELIVERY
src/inresearch/interfaces/deep_read.py,emit,14,src/inresearch/workflow/score.py,132,emit,statically observable name/attribute; receiver review in DELIVERY
src/inresearch/interfaces/deep_read.py,main,122,manage.py,10,main,statically observable name/attribute; receiver review in DELIVERY
src/inresearch/interfaces/deep_read.py,main,122,src/inresearch/__main__.py,3,main,statically observable name/attribute; receiver review in DELIVERY
src/inresearch/interfaces/deep_read.py,main,122,src/inresearch/adapters/acquisition.py,256,main,statically observable name/attribute; receiver review in DELIVERY
src/inresearch/interfaces/deep_read.py,main,122,src/inresearch/adapters/asset_check.py,102,main,statically observable name/attribute; receiver review in DELIVERY
src/inresearch/interfaces/deep_read.py,main,122,src/inresearch/adapters/asset_compare.py,125,main,statically observable name/attribute; receiver review in DELIVERY
src/inresearch/interfaces/deep_read.py,main,122,src/inresearch/adapters/asset_download.py,208,main,statically observable name/attribute; receiver review in DELIVERY
src/inresearch/interfaces/deep_read.py,main,122,src/inresearch/adapters/historical_brief.py,211,main,statically observable name/attribute; receiver review in DELIVERY
src/inresearch/interfaces/deep_read.py,main,122,src/inresearch/adapters/models.py,321,main,statically observable name/attribute; receiver review in DELIVERY
src/inresearch/interfaces/deep_read.py,main,122,src/inresearch/adapters/news_sync.py,106,main,statically observable name/attribute; receiver review in DELIVERY
src/inresearch/interfaces/deep_read.py,main,122,src/inresearch/adapters/ocr_worker.py,94,main,statically observable name/attribute; receiver review in DELIVERY
src/inresearch/interfaces/deep_read.py,main,122,src/inresearch/delivery/acquisition_status.py,16,main,statically observable name/attribute; receiver review in DELIVERY
src/inresearch/interfaces/deep_read.py,main,122,src/inresearch/delivery/backup.py,36,main,statically observable name/attribute; receiver review in DELIVERY
src/inresearch/interfaces/deep_read.py,main,122,src/inresearch/delivery/export.py,111,main,statically observable name/attribute; receiver review in DELIVERY
src/inresearch/interfaces/deep_read.py,main,122,src/inresearch/delivery/library_index.py,77,main,statically observable name/attribute; receiver review in DELIVERY
src/inresearch/interfaces/deep_read.py,main,122,src/inresearch/delivery/map.py,153,main,statically observable name/attribute; receiver review in DELIVERY
src/inresearch/interfaces/deep_read.py,main,122,src/inresearch/delivery/publish.py,70,main,statically observable name/attribute; receiver review in DELIVERY
src/inresearch/interfaces/deep_read.py,main,122,src/inresearch/delivery/reader_status.py,15,main,statically observable name/attribute; receiver review in DELIVERY
src/inresearch/interfaces/deep_read.py,main,122,src/inresearch/interfaces/cli.py,42,module.main,statically observable name/attribute; receiver review in DELIVERY
src/inresearch/interfaces/deep_read.py,main,122,src/inresearch/interfaces/cli.py,70,main,statically observable name/attribute; receiver review in DELIVERY
src/inresearch/interfaces/deep_read.py,main,122,src/inresearch/interfaces/deep_read.py,198,main,statically observable name/attribute; receiver review in DELIVERY
src/inresearch/interfaces/deep_read.py,main,122,src/inresearch/interfaces/governance.py,232,main,statically observable name/attribute; receiver review in DELIVERY
src/inresearch/interfaces/deep_read.py,main,122,src/inresearch/interfaces/http.py,489,main,statically observable name/attribute; receiver review in DELIVERY
src/inresearch/interfaces/deep_read.py,main,122,src/inresearch/interfaces/users.py,69,main,statically observable name/attribute; receiver review in DELIVERY
src/inresearch/interfaces/deep_read.py,main,122,src/inresearch/knowledge/company_ids.py,64,main,statically observable name/attribute; receiver review in DELIVERY
src/inresearch/interfaces/deep_read.py,main,122,src/inresearch/knowledge/coverage.py,158,main,statically observable name/attribute; receiver review in DELIVERY
src/inresearch/interfaces/deep_read.py,main,122,src/inresearch/knowledge/facts.py,278,main,statically observable name/attribute; receiver review in DELIVERY
src/inresearch/interfaces/deep_read.py,main,122,src/inresearch/knowledge/indicators.py,110,main,statically observable name/attribute; receiver review in DELIVERY
src/inresearch/interfaces/deep_read.py,main,122,src/inresearch/knowledge/registry.py,541,main,statically observable name/attribute; receiver review in DELIVERY
src/inresearch/interfaces/deep_read.py,main,122,src/inresearch/knowledge/validate.py,293,main,statically observable name/attribute; receiver review in DELIVERY
src/inresearch/interfaces/deep_read.py,main,122,src/inresearch/knowledge/verify.py,159,main,statically observable name/attribute; receiver review in DELIVERY
src/inresearch/interfaces/deep_read.py,main,122,src/inresearch/materials/inventory.py,198,main,statically observable name/attribute; receiver review in DELIVERY
src/inresearch/interfaces/deep_read.py,main,122,src/inresearch/materials/library.py,572,main,statically observable name/attribute; receiver review in DELIVERY
src/inresearch/interfaces/deep_read.py,main,122,src/inresearch/materials/mapping.py,221,main,statically observable name/attribute; receiver review in DELIVERY
src/inresearch/interfaces/deep_read.py,main,122,src/inresearch/materials/organize.py,282,main,statically observable name/attribute; receiver review in DELIVERY
src/inresearch/interfaces/deep_read.py,main,122,src/inresearch/materials/preflight.py,111,main,statically observable name/attribute; receiver review in DELIVERY
src/inresearch/interfaces/deep_read.py,main,122,src/inresearch/materials/receive.py,78,main,statically observable name/attribute; receiver review in DELIVERY
src/inresearch/interfaces/deep_read.py,main,122,src/inresearch/materials/repair_paths.py,96,main,statically observable name/attribute; receiver review in DELIVERY
src/inresearch/interfaces/deep_read.py,main,122,src/inresearch/materials/scan_candidates.py,41,main,statically observable name/attribute; receiver review in DELIVERY
src/inresearch/interfaces/deep_read.py,main,122,src/inresearch/workflow/attribution.py,220,main,statically observable name/attribute; receiver review in DELIVERY
src/inresearch/interfaces/deep_read.py,main,122,src/inresearch/workflow/progress.py,132,main,statically observable name/attribute; receiver review in DELIVERY
src/inresearch/interfaces/deep_read.py,main,122,src/inresearch/workflow/reading_queue.py,75,main,statically observable name/attribute; receiver review in DELIVERY
src/inresearch/interfaces/deep_read.py,main,122,src/inresearch/workflow/score.py,154,main,statically observable name/attribute; receiver review in DELIVERY
src/inresearch/interfaces/deep_read.py,main,122,src/inresearch/workflow/submissions.py,460,main,statically observable name/attribute; receiver review in DELIVERY
src/inresearch/interfaces/deep_read.py,main,122,src/inresearch/workflow/terminal_batch.py,623,main,statically observable name/attribute; receiver review in DELIVERY
src/inresearch/interfaces/deep_read.py,main,122,src/inresearch/workflow/triage.py,160,main,statically observable name/attribute; receiver review in DELIVERY
src/inresearch/interfaces/deep_read.py,main,122,src/inresearch/workflow/workorders.py,407,main,statically observable name/attribute; receiver review in DELIVERY
src/inresearch/interfaces/deep_read.py,main,122,tests/unit/test_acquisition.py,70,unittest.main,statically observable name/attribute; receiver review in DELIVERY
src/inresearch/interfaces/deep_read.py,main,122,tests/unit/test_auth.py,97,main,statically observable name/attribute; receiver review in DELIVERY
src/inresearch/interfaces/deep_read.py,main,122,tests/unit/test_catalog_bridge.py,245,unittest.main,statically observable name/attribute; receiver review in DELIVERY
src/inresearch/interfaces/deep_read.py,main,122,tests/unit/test_commands.py,59,cli.main,statically observable name/attribute; receiver review in DELIVERY
src/inresearch/interfaces/deep_read.py,main,122,tests/unit/test_commands.py,83,cli.main,statically observable name/attribute; receiver review in DELIVERY
src/inresearch/interfaces/deep_read.py,main,122,tests/unit/test_commands.py,96,unittest.main,statically observable name/attribute; receiver review in DELIVERY
src/inresearch/interfaces/deep_read.py,main,122,tests/unit/test_continuous_reader.py,733,unittest.main,statically observable name/attribute; receiver review in DELIVERY
src/inresearch/interfaces/deep_read.py,main,122,tests/unit/test_deep_read_transactions.py,263,cli.main,statically observable name/attribute; receiver review in DELIVERY
src/inresearch/interfaces/deep_read.py,main,122,tests/unit/test_deep_read_transactions.py,267,cli.main,statically observable name/attribute; receiver review in DELIVERY
src/inresearch/interfaces/deep_read.py,main,122,tests/unit/test_display_regressions.py,170,unittest.main,statically observable name/attribute; receiver review in DELIVERY
src/inresearch/interfaces/deep_read.py,main,122,tests/unit/test_governance.py,84,unittest.main,statically observable name/attribute; receiver review in DELIVERY
src/inresearch/interfaces/deep_read.py,main,122,tests/unit/test_intake.py,84,intake.main,statically observable name/attribute; receiver review in DELIVERY
src/inresearch/interfaces/deep_read.py,main,122,tests/unit/test_intake.py,105,unittest.main,statically observable name/attribute; receiver review in DELIVERY
src/inresearch/interfaces/deep_read.py,main,122,tests/unit/test_interface_system.py,57,unittest.main,statically observable name/attribute; receiver review in DELIVERY
src/inresearch/interfaces/deep_read.py,main,122,tests/unit/test_m4_office_text.py,811,unittest.main,statically observable name/attribute; receiver review in DELIVERY
src/inresearch/interfaces/deep_read.py,main,122,tests/unit/test_m4_paths.py,81,unittest.main,statically observable name/attribute; receiver review in DELIVERY
src/inresearch/interfaces/deep_read.py,main,122,tests/unit/test_m4_redo_reads.py,315,unittest.main,statically observable name/attribute; receiver review in DELIVERY
src/inresearch/interfaces/deep_read.py,main,122,tests/unit/test_m4_triage.py,225,cli.main,statically observable name/attribute; receiver review in DELIVERY
src/inresearch/interfaces/deep_read.py,main,122,tests/unit/test_m4_triage.py,235,mt.main,statically observable name/attribute; receiver review in DELIVERY
src/inresearch/interfaces/deep_read.py,main,122,tests/unit/test_m4_triage.py,240,unittest.main,statically observable name/attribute; receiver review in DELIVERY
src/inresearch/interfaces/deep_read.py,main,122,tests/unit/test_m4_triage_apply.py,70,A.main,statically observable name/attribute; receiver review in DELIVERY
src/inresearch/interfaces/deep_read.py,main,122,tests/unit/test_m4_triage_apply.py,300,A.main,statically observable name/attribute; receiver review in DELIVERY
src/inresearch/interfaces/deep_read.py,main,122,tests/unit/test_m4_triage_apply.py,477,unittest.main,statically observable name/attribute; receiver review in DELIVERY
src/inresearch/interfaces/deep_read.py,main,122,tests/unit/test_m4_triage_export.py,69,EX.main,statically observable name/attribute; receiver review in DELIVERY
src/inresearch/interfaces/deep_read.py,main,122,tests/unit/test_m4_triage_export.py,321,unittest.main,statically observable name/attribute; receiver review in DELIVERY
src/inresearch/interfaces/deep_read.py,main,122,tests/unit/test_m4_triage_extract.py,736,unittest.main,statically observable name/attribute; receiver review in DELIVERY
src/inresearch/interfaces/deep_read.py,main,122,tests/unit/test_m4_triage_local.py,134,unittest.main,statically observable name/attribute; receiver review in DELIVERY
src/inresearch/interfaces/deep_read.py,main,122,tests/unit/test_m4_triage_report.py,116,RP.main,statically observable name/attribute; receiver review in DELIVERY
src/inresearch/interfaces/deep_read.py,main,122,tests/unit/test_m4_triage_report.py,120,unittest.main,statically observable name/attribute; receiver review in DELIVERY
src/inresearch/interfaces/deep_read.py,main,122,tests/unit/test_m4_triage_versions.py,128,unittest.main,statically observable name/attribute; receiver review in DELIVERY
src/inresearch/interfaces/deep_read.py,main,122,tests/unit/test_material_intake.py,24,unittest.main,statically observable name/attribute; receiver review in DELIVERY
src/inresearch/interfaces/deep_read.py,main,122,tests/unit/test_model_runtime.py,296,unittest.main,statically observable name/attribute; receiver review in DELIVERY
src/inresearch/interfaces/deep_read.py,main,122,tests/unit/test_news_projection.py,156,unittest.main,statically observable name/attribute; receiver review in DELIVERY
src/inresearch/interfaces/deep_read.py,main,122,tests/unit/test_product_library.py,136,unittest.main,statically observable name/attribute; receiver review in DELIVERY
src/inresearch/interfaces/deep_read.py,main,122,tests/unit/test_publish_reader.py,35,publish_reader.main,statically observable name/attribute; receiver review in DELIVERY
src/inresearch/interfaces/deep_read.py,main,122,tests/unit/test_publish_reader.py,55,unittest.main,statically observable name/attribute; receiver review in DELIVERY
src/inresearch/interfaces/deep_read.py,main,122,tests/unit/test_reading_results.py,64,cli.main,statically observable name/attribute; receiver review in DELIVERY
src/inresearch/interfaces/deep_read.py,main,122,tests/unit/test_reading_results.py,192,reader_cli.main,statically observable name/attribute; receiver review in DELIVERY
src/inresearch/interfaces/deep_read.py,main,122,tests/unit/test_reading_results.py,243,unittest.main,statically observable name/attribute; receiver review in DELIVERY
src/inresearch/interfaces/deep_read.py,main,122,tests/unit/test_reading_revisions.py,241,ocr_worker.main,statically observable name/attribute; receiver review in DELIVERY
src/inresearch/interfaces/deep_read.py,main,122,tests/unit/test_report_model.py,46,unittest.main,statically observable name/attribute; receiver review in DELIVERY
src/inresearch/interfaces/deep_read.py,main,122,tests/unit/test_research.py,297,export.main,statically observable name/attribute; receiver review in DELIVERY
src/inresearch/interfaces/deep_read.py,main,122,tests/unit/test_research.py,458,unittest.main,statically observable name/attribute; receiver review in DELIVERY
src/inresearch/interfaces/deep_read.py,main,122,tests/unit/test_research_navigation.py,92,unittest.main,statically observable name/attribute; receiver review in DELIVERY
src/inresearch/interfaces/deep_read.py,main,122,tests/unit/test_result_versions.py,64,unittest.main,statically observable name/attribute; receiver review in DELIVERY
src/inresearch/interfaces/deep_read.py,main,122,tests/unit/test_suite_integrity.py,59,unittest.main,statically observable name/attribute; receiver review in DELIVERY
src/inresearch/interfaces/deep_read.py,main,122,tests/unit/test_verification_contract.py,79,unittest.main,statically observable name/attribute; receiver review in DELIVERY
src/inresearch/interfaces/reader.py,main,9,manage.py,10,main,statically observable name/attribute; receiver review in DELIVERY
src/inresearch/interfaces/reader.py,main,9,src/inresearch/__main__.py,3,main,statically observable name/attribute; receiver review in DELIVERY
src/inresearch/interfaces/reader.py,main,9,src/inresearch/adapters/acquisition.py,256,main,statically observable name/attribute; receiver review in DELIVERY
src/inresearch/interfaces/reader.py,main,9,src/inresearch/adapters/asset_check.py,102,main,statically observable name/attribute; receiver review in DELIVERY
src/inresearch/interfaces/reader.py,main,9,src/inresearch/adapters/asset_compare.py,125,main,statically observable name/attribute; receiver review in DELIVERY
src/inresearch/interfaces/reader.py,main,9,src/inresearch/adapters/asset_download.py,208,main,statically observable name/attribute; receiver review in DELIVERY
src/inresearch/interfaces/reader.py,main,9,src/inresearch/adapters/historical_brief.py,211,main,statically observable name/attribute; receiver review in DELIVERY
src/inresearch/interfaces/reader.py,main,9,src/inresearch/adapters/models.py,321,main,statically observable name/attribute; receiver review in DELIVERY
src/inresearch/interfaces/reader.py,main,9,src/inresearch/adapters/news_sync.py,106,main,statically observable name/attribute; receiver review in DELIVERY
src/inresearch/interfaces/reader.py,main,9,src/inresearch/adapters/ocr_worker.py,94,main,statically observable name/attribute; receiver review in DELIVERY
src/inresearch/interfaces/reader.py,main,9,src/inresearch/delivery/acquisition_status.py,16,main,statically observable name/attribute; receiver review in DELIVERY
src/inresearch/interfaces/reader.py,main,9,src/inresearch/delivery/backup.py,36,main,statically observable name/attribute; receiver review in DELIVERY
src/inresearch/interfaces/reader.py,main,9,src/inresearch/delivery/export.py,111,main,statically observable name/attribute; receiver review in DELIVERY
src/inresearch/interfaces/reader.py,main,9,src/inresearch/delivery/library_index.py,77,main,statically observable name/attribute; receiver review in DELIVERY
src/inresearch/interfaces/reader.py,main,9,src/inresearch/delivery/map.py,153,main,statically observable name/attribute; receiver review in DELIVERY
src/inresearch/interfaces/reader.py,main,9,src/inresearch/delivery/publish.py,70,main,statically observable name/attribute; receiver review in DELIVERY
src/inresearch/interfaces/reader.py,main,9,src/inresearch/delivery/reader_status.py,15,main,statically observable name/attribute; receiver review in DELIVERY
src/inresearch/interfaces/reader.py,main,9,src/inresearch/interfaces/cli.py,42,module.main,statically observable name/attribute; receiver review in DELIVERY
src/inresearch/interfaces/reader.py,main,9,src/inresearch/interfaces/cli.py,70,main,statically observable name/attribute; receiver review in DELIVERY
src/inresearch/interfaces/reader.py,main,9,src/inresearch/interfaces/deep_read.py,198,main,statically observable name/attribute; receiver review in DELIVERY
src/inresearch/interfaces/reader.py,main,9,src/inresearch/interfaces/governance.py,232,main,statically observable name/attribute; receiver review in DELIVERY
src/inresearch/interfaces/reader.py,main,9,src/inresearch/interfaces/http.py,489,main,statically observable name/attribute; receiver review in DELIVERY
src/inresearch/interfaces/reader.py,main,9,src/inresearch/interfaces/users.py,69,main,statically observable name/attribute; receiver review in DELIVERY
src/inresearch/interfaces/reader.py,main,9,src/inresearch/knowledge/company_ids.py,64,main,statically observable name/attribute; receiver review in DELIVERY
src/inresearch/interfaces/reader.py,main,9,src/inresearch/knowledge/coverage.py,158,main,statically observable name/attribute; receiver review in DELIVERY
src/inresearch/interfaces/reader.py,main,9,src/inresearch/knowledge/facts.py,278,main,statically observable name/attribute; receiver review in DELIVERY
src/inresearch/interfaces/reader.py,main,9,src/inresearch/knowledge/indicators.py,110,main,statically observable name/attribute; receiver review in DELIVERY
src/inresearch/interfaces/reader.py,main,9,src/inresearch/knowledge/registry.py,541,main,statically observable name/attribute; receiver review in DELIVERY
src/inresearch/interfaces/reader.py,main,9,src/inresearch/knowledge/validate.py,293,main,statically observable name/attribute; receiver review in DELIVERY
src/inresearch/interfaces/reader.py,main,9,src/inresearch/knowledge/verify.py,159,main,statically observable name/attribute; receiver review in DELIVERY
src/inresearch/interfaces/reader.py,main,9,src/inresearch/materials/inventory.py,198,main,statically observable name/attribute; receiver review in DELIVERY
src/inresearch/interfaces/reader.py,main,9,src/inresearch/materials/library.py,572,main,statically observable name/attribute; receiver review in DELIVERY
src/inresearch/interfaces/reader.py,main,9,src/inresearch/materials/mapping.py,221,main,statically observable name/attribute; receiver review in DELIVERY
src/inresearch/interfaces/reader.py,main,9,src/inresearch/materials/organize.py,282,main,statically observable name/attribute; receiver review in DELIVERY
src/inresearch/interfaces/reader.py,main,9,src/inresearch/materials/preflight.py,111,main,statically observable name/attribute; receiver review in DELIVERY
src/inresearch/interfaces/reader.py,main,9,src/inresearch/materials/receive.py,78,main,statically observable name/attribute; receiver review in DELIVERY
src/inresearch/interfaces/reader.py,main,9,src/inresearch/materials/repair_paths.py,96,main,statically observable name/attribute; receiver review in DELIVERY
src/inresearch/interfaces/reader.py,main,9,src/inresearch/materials/scan_candidates.py,41,main,statically observable name/attribute; receiver review in DELIVERY
src/inresearch/interfaces/reader.py,main,9,src/inresearch/workflow/attribution.py,220,main,statically observable name/attribute; receiver review in DELIVERY
src/inresearch/interfaces/reader.py,main,9,src/inresearch/workflow/progress.py,132,main,statically observable name/attribute; receiver review in DELIVERY
src/inresearch/interfaces/reader.py,main,9,src/inresearch/workflow/reading_queue.py,75,main,statically observable name/attribute; receiver review in DELIVERY
src/inresearch/interfaces/reader.py,main,9,src/inresearch/workflow/score.py,154,main,statically observable name/attribute; receiver review in DELIVERY
src/inresearch/interfaces/reader.py,main,9,src/inresearch/workflow/submissions.py,460,main,statically observable name/attribute; receiver review in DELIVERY
src/inresearch/interfaces/reader.py,main,9,src/inresearch/workflow/terminal_batch.py,623,main,statically observable name/attribute; receiver review in DELIVERY
src/inresearch/interfaces/reader.py,main,9,src/inresearch/workflow/triage.py,160,main,statically observable name/attribute; receiver review in DELIVERY
src/inresearch/interfaces/reader.py,main,9,src/inresearch/workflow/workorders.py,407,main,statically observable name/attribute; receiver review in DELIVERY
src/inresearch/interfaces/reader.py,main,9,tests/unit/test_acquisition.py,70,unittest.main,statically observable name/attribute; receiver review in DELIVERY
src/inresearch/interfaces/reader.py,main,9,tests/unit/test_auth.py,97,main,statically observable name/attribute; receiver review in DELIVERY
src/inresearch/interfaces/reader.py,main,9,tests/unit/test_catalog_bridge.py,245,unittest.main,statically observable name/attribute; receiver review in DELIVERY
src/inresearch/interfaces/reader.py,main,9,tests/unit/test_commands.py,59,cli.main,statically observable name/attribute; receiver review in DELIVERY
src/inresearch/interfaces/reader.py,main,9,tests/unit/test_commands.py,83,cli.main,statically observable name/attribute; receiver review in DELIVERY
src/inresearch/interfaces/reader.py,main,9,tests/unit/test_commands.py,96,unittest.main,statically observable name/attribute; receiver review in DELIVERY
src/inresearch/interfaces/reader.py,main,9,tests/unit/test_continuous_reader.py,733,unittest.main,statically observable name/attribute; receiver review in DELIVERY
src/inresearch/interfaces/reader.py,main,9,tests/unit/test_deep_read_transactions.py,263,cli.main,statically observable name/attribute; receiver review in DELIVERY
src/inresearch/interfaces/reader.py,main,9,tests/unit/test_deep_read_transactions.py,267,cli.main,statically observable name/attribute; receiver review in DELIVERY
src/inresearch/interfaces/reader.py,main,9,tests/unit/test_display_regressions.py,170,unittest.main,statically observable name/attribute; receiver review in DELIVERY
src/inresearch/interfaces/reader.py,main,9,tests/unit/test_governance.py,84,unittest.main,statically observable name/attribute; receiver review in DELIVERY
src/inresearch/interfaces/reader.py,main,9,tests/unit/test_intake.py,84,intake.main,statically observable name/attribute; receiver review in DELIVERY
src/inresearch/interfaces/reader.py,main,9,tests/unit/test_intake.py,105,unittest.main,statically observable name/attribute; receiver review in DELIVERY
src/inresearch/interfaces/reader.py,main,9,tests/unit/test_interface_system.py,57,unittest.main,statically observable name/attribute; receiver review in DELIVERY
src/inresearch/interfaces/reader.py,main,9,tests/unit/test_m4_office_text.py,811,unittest.main,statically observable name/attribute; receiver review in DELIVERY
src/inresearch/interfaces/reader.py,main,9,tests/unit/test_m4_paths.py,81,unittest.main,statically observable name/attribute; receiver review in DELIVERY
src/inresearch/interfaces/reader.py,main,9,tests/unit/test_m4_redo_reads.py,315,unittest.main,statically observable name/attribute; receiver review in DELIVERY
src/inresearch/interfaces/reader.py,main,9,tests/unit/test_m4_triage.py,225,cli.main,statically observable name/attribute; receiver review in DELIVERY
src/inresearch/interfaces/reader.py,main,9,tests/unit/test_m4_triage.py,235,mt.main,statically observable name/attribute; receiver review in DELIVERY
src/inresearch/interfaces/reader.py,main,9,tests/unit/test_m4_triage.py,240,unittest.main,statically observable name/attribute; receiver review in DELIVERY
src/inresearch/interfaces/reader.py,main,9,tests/unit/test_m4_triage_apply.py,70,A.main,statically observable name/attribute; receiver review in DELIVERY
src/inresearch/interfaces/reader.py,main,9,tests/unit/test_m4_triage_apply.py,300,A.main,statically observable name/attribute; receiver review in DELIVERY
src/inresearch/interfaces/reader.py,main,9,tests/unit/test_m4_triage_apply.py,477,unittest.main,statically observable name/attribute; receiver review in DELIVERY
src/inresearch/interfaces/reader.py,main,9,tests/unit/test_m4_triage_export.py,69,EX.main,statically observable name/attribute; receiver review in DELIVERY
src/inresearch/interfaces/reader.py,main,9,tests/unit/test_m4_triage_export.py,321,unittest.main,statically observable name/attribute; receiver review in DELIVERY
src/inresearch/interfaces/reader.py,main,9,tests/unit/test_m4_triage_extract.py,736,unittest.main,statically observable name/attribute; receiver review in DELIVERY
src/inresearch/interfaces/reader.py,main,9,tests/unit/test_m4_triage_local.py,134,unittest.main,statically observable name/attribute; receiver review in DELIVERY
src/inresearch/interfaces/reader.py,main,9,tests/unit/test_m4_triage_report.py,116,RP.main,statically observable name/attribute; receiver review in DELIVERY
src/inresearch/interfaces/reader.py,main,9,tests/unit/test_m4_triage_report.py,120,unittest.main,statically observable name/attribute; receiver review in DELIVERY
src/inresearch/interfaces/reader.py,main,9,tests/unit/test_m4_triage_versions.py,128,unittest.main,statically observable name/attribute; receiver review in DELIVERY
src/inresearch/interfaces/reader.py,main,9,tests/unit/test_material_intake.py,24,unittest.main,statically observable name/attribute; receiver review in DELIVERY
src/inresearch/interfaces/reader.py,main,9,tests/unit/test_model_runtime.py,296,unittest.main,statically observable name/attribute; receiver review in DELIVERY
src/inresearch/interfaces/reader.py,main,9,tests/unit/test_news_projection.py,156,unittest.main,statically observable name/attribute; receiver review in DELIVERY
src/inresearch/interfaces/reader.py,main,9,tests/unit/test_product_library.py,136,unittest.main,statically observable name/attribute; receiver review in DELIVERY
src/inresearch/interfaces/reader.py,main,9,tests/unit/test_publish_reader.py,35,publish_reader.main,statically observable name/attribute; receiver review in DELIVERY
src/inresearch/interfaces/reader.py,main,9,tests/unit/test_publish_reader.py,55,unittest.main,statically observable name/attribute; receiver review in DELIVERY
src/inresearch/interfaces/reader.py,main,9,tests/unit/test_reading_results.py,64,cli.main,statically observable name/attribute; receiver review in DELIVERY
src/inresearch/interfaces/reader.py,main,9,tests/unit/test_reading_results.py,192,reader_cli.main,statically observable name/attribute; receiver review in DELIVERY
src/inresearch/interfaces/reader.py,main,9,tests/unit/test_reading_results.py,243,unittest.main,statically observable name/attribute; receiver review in DELIVERY
src/inresearch/interfaces/reader.py,main,9,tests/unit/test_reading_revisions.py,241,ocr_worker.main,statically observable name/attribute; receiver review in DELIVERY
src/inresearch/interfaces/reader.py,main,9,tests/unit/test_report_model.py,46,unittest.main,statically observable name/attribute; receiver review in DELIVERY
src/inresearch/interfaces/reader.py,main,9,tests/unit/test_research.py,297,export.main,statically observable name/attribute; receiver review in DELIVERY
src/inresearch/interfaces/reader.py,main,9,tests/unit/test_research.py,458,unittest.main,statically observable name/attribute; receiver review in DELIVERY
src/inresearch/interfaces/reader.py,main,9,tests/unit/test_research_navigation.py,92,unittest.main,statically observable name/attribute; receiver review in DELIVERY
src/inresearch/interfaces/reader.py,main,9,tests/unit/test_result_versions.py,64,unittest.main,statically observable name/attribute; receiver review in DELIVERY
src/inresearch/interfaces/reader.py,main,9,tests/unit/test_suite_integrity.py,59,unittest.main,statically observable name/attribute; receiver review in DELIVERY
src/inresearch/interfaces/reader.py,main,9,tests/unit/test_verification_contract.py,79,unittest.main,statically observable name/attribute; receiver review in DELIVERY
src/inresearch/materials/reading_artifacts.py,ReadingArtifacts,9,src/inresearch/workflow/reading_results.py,17,ReadingArtifacts,statically observable name/attribute; receiver review in DELIVERY
src/inresearch/materials/reading_artifacts.py,ReadingArtifacts.artifact_path,13,src/inresearch/materials/reading_artifacts.py,23,self.artifact_path,statically observable name/attribute; receiver review in DELIVERY
src/inresearch/materials/reading_artifacts.py,ReadingArtifacts.artifact_path,13,src/inresearch/materials/reading_artifacts.py,38,self.artifact_path,statically observable name/attribute; receiver review in DELIVERY
src/inresearch/materials/reading_artifacts.py,ReadingArtifacts.artifact_path,13,src/inresearch/materials/reading_artifacts.py,71,self.artifact_path,statically observable name/attribute; receiver review in DELIVERY
src/inresearch/materials/reading_artifacts.py,ReadingArtifacts.artifact_path,13,src/inresearch/materials/reading_artifacts.py,87,self.artifact_path,statically observable name/attribute; receiver review in DELIVERY
src/inresearch/materials/reading_artifacts.py,ReadingArtifacts.artifact_path,13,src/inresearch/materials/reading_artifacts.py,88,self.artifact_path,statically observable name/attribute; receiver review in DELIVERY
src/inresearch/materials/reading_artifacts.py,ReadingArtifacts.artifact_path,13,src/inresearch/materials/reading_artifacts.py,92,self.artifact_path,statically observable name/attribute; receiver review in DELIVERY
src/inresearch/materials/reading_artifacts.py,ReadingArtifacts.artifact_path,13,src/inresearch/materials/reading_artifacts.py,94,self.artifact_path,statically observable name/attribute; receiver review in DELIVERY
src/inresearch/materials/reading_artifacts.py,ReadingArtifacts.artifact_path,13,src/inresearch/materials/reading_artifacts.py,100,self.artifact_path,statically observable name/attribute; receiver review in DELIVERY
src/inresearch/materials/reading_artifacts.py,ReadingArtifacts.artifact_path,13,src/inresearch/workflow/reader.py,73,self.stages.artifact_path,statically observable name/attribute; receiver review in DELIVERY
src/inresearch/materials/reading_artifacts.py,ReadingArtifacts.artifact_path,13,src/inresearch/workflow/reader.py,240,self.stages.artifact_path,statically observable name/attribute; receiver review in DELIVERY
src/inresearch/materials/reading_artifacts.py,ReadingArtifacts.artifact_path,13,src/inresearch/workflow/reader.py,448,self.stages.artifact_path,statically observable name/attribute; receiver review in DELIVERY
src/inresearch/materials/reading_artifacts.py,ReadingArtifacts.artifact_path,13,src/inresearch/workflow/reading_revisions.py,31,self.stages.artifact_path,statically observable name/attribute; receiver review in DELIVERY
src/inresearch/materials/reading_artifacts.py,ReadingArtifacts.artifact_path,13,src/inresearch/workflow/reading_revisions.py,32,self.stages.artifact_path,statically observable name/attribute; receiver review in DELIVERY
src/inresearch/materials/reading_artifacts.py,ReadingArtifacts.artifact_path,13,src/inresearch/workflow/reading_stages.py,25,self.artifact_path,statically observable name/attribute; receiver review in DELIVERY
src/inresearch/materials/reading_artifacts.py,ReadingArtifacts.artifact_path,13,src/inresearch/workflow/reading_stages.py,101,self.artifact_path,statically observable name/attribute; receiver review in DELIVERY
src/inresearch/materials/reading_artifacts.py,ReadingArtifacts.artifact_path,13,src/inresearch/workflow/reading_stages.py,180,self.artifact_path,statically observable name/attribute; receiver review in DELIVERY
src/inresearch/materials/reading_artifacts.py,ReadingArtifacts.artifact_path,13,src/inresearch/workflow/reading_stages.py,252,self.artifact_path,statically observable name/attribute; receiver review in DELIVERY
src/inresearch/materials/reading_artifacts.py,ReadingArtifacts.artifact_path,13,src/inresearch/workflow/reading_stages.py,282,self.artifact_path,statically observable name/attribute; receiver review in DELIVERY
src/inresearch/materials/reading_artifacts.py,ReadingArtifacts.artifact_path,13,src/inresearch/workflow/reading_stages.py,328,self.artifact_path,statically observable name/attribute; receiver review in DELIVERY
src/inresearch/materials/reading_artifacts.py,ReadingArtifacts.artifact_path,13,src/inresearch/workflow/reading_stages.py,329,self.artifact_path,statically observable name/attribute; receiver review in DELIVERY
src/inresearch/materials/reading_artifacts.py,ReadingArtifacts.artifact_path,13,src/inresearch/workflow/reading_stages.py,369,self.artifact_path,statically observable name/attribute; receiver review in DELIVERY
src/inresearch/materials/reading_artifacts.py,ReadingArtifacts.artifact_path,13,tests/unit/test_continuous_reader.py,108,self.reader.artifact_path,statically observable name/attribute; receiver review in DELIVERY
src/inresearch/materials/reading_artifacts.py,ReadingArtifacts.artifact_path,13,tests/unit/test_continuous_reader.py,132,self.reader.artifact_path,statically observable name/attribute; receiver review in DELIVERY
src/inresearch/materials/reading_artifacts.py,ReadingArtifacts.artifact_path,13,tests/unit/test_continuous_reader.py,144,self.reader.artifact_path,statically observable name/attribute; receiver review in DELIVERY
src/inresearch/materials/reading_artifacts.py,ReadingArtifacts.artifact_path,13,tests/unit/test_continuous_reader.py,409,self.reader.artifact_path,statically observable name/attribute; receiver review in DELIVERY
src/inresearch/materials/reading_artifacts.py,ReadingArtifacts.artifact_path,13,tests/unit/test_continuous_reader.py,459,self.reader.artifact_path,statically observable name/attribute; receiver review in DELIVERY
src/inresearch/materials/reading_artifacts.py,ReadingArtifacts.artifact_path,13,tests/unit/test_continuous_reader.py,540,self.reader.artifact_path,statically observable name/attribute; receiver review in DELIVERY
src/inresearch/materials/reading_artifacts.py,ReadingArtifacts.artifact_path,13,tests/unit/test_continuous_reader.py,544,self.reader.artifact_path,statically observable name/attribute; receiver review in DELIVERY
src/inresearch/materials/reading_artifacts.py,ReadingArtifacts.artifact_path,13,tests/unit/test_continuous_reader.py,598,self.reader.artifact_path,statically observable name/attribute; receiver review in DELIVERY
src/inresearch/materials/reading_artifacts.py,ReadingArtifacts.artifact_path,13,tests/unit/test_reading_revisions.py,133,self.r.stages.artifact_path,statically observable name/attribute; receiver review in DELIVERY
src/inresearch/materials/reading_artifacts.py,ReadingArtifacts.full_text,116,src/inresearch/workflow/deep_read.py,44,packet.full_text,statically observable name/attribute; receiver review in DELIVERY
src/inresearch/materials/reading_artifacts.py,ReadingArtifacts.full_text,116,src/inresearch/workflow/reading_results.py,52,self.artifacts.full_text,statically observable name/attribute; receiver review in DELIVERY
src/inresearch/materials/reading_artifacts.py,ReadingArtifacts.full_text,116,tests/unit/test_reading_results.py,238,self.results.artifacts.full_text,statically observable name/attribute; receiver review in DELIVERY
src/inresearch/materials/reading_artifacts.py,ReadingArtifacts.seal,68,src/inresearch/workflow/reader.py,462,self.stages.seal,statically observable name/attribute; receiver review in DELIVERY
src/inresearch/materials/reading_artifacts.py,ReadingArtifacts.validate_report,34,src/inresearch/materials/reading_artifacts.py,70,self.validate_report,statically observable name/attribute; receiver review in DELIVERY
src/inresearch/materials/reading_artifacts.py,ReadingArtifacts.validate_report,34,src/inresearch/materials/reading_artifacts.py,107,self.validate_report,statically observable name/attribute; receiver review in DELIVERY
src/inresearch/materials/reading_artifacts.py,ReadingArtifacts.verify_seal,91,src/inresearch/workflow/reading_results.py,51,self.artifacts.verify_seal,statically observable name/attribute; receiver review in DELIVERY
src/inresearch/materials/reading_artifacts.py,ReadingArtifacts.verify_seal,91,src/inresearch/workflow/reading_revisions.py,65,self.stages.verify_seal,statically observable name/attribute; receiver review in DELIVERY
src/inresearch/materials/reading_artifacts.py,ReadingArtifacts.verify_seal,91,src/inresearch/workflow/reading_revisions.py,85,self.stages.verify_seal,statically observable name/attribute; receiver review in DELIVERY
src/inresearch/materials/reading_artifacts.py,ReadingArtifacts.verify_seal,91,src/inresearch/workflow/reading_revisions.py,91,self.stages.verify_seal,statically observable name/attribute; receiver review in DELIVERY
src/inresearch/materials/reading_artifacts.py,ReadingArtifacts.verify_seal,91,tests/unit/test_reading_results.py,216,self.results.artifacts.verify_seal,statically observable name/attribute; receiver review in DELIVERY
src/inresearch/materials/text_similarity.py,SimilarityIndex,53,src/inresearch/workflow/deep_read.py,51,SimilarityIndex,statically observable name/attribute; receiver review in DELIVERY
src/inresearch/materials/text_similarity.py,SimilarityIndex.fingerprints,57,src/inresearch/materials/text_similarity.py,71,self.fingerprints,statically observable name/attribute; receiver review in DELIVERY
src/inresearch/materials/text_similarity.py,SimilarityIndex.fingerprints,57,src/inresearch/workflow/deep_read.py,306,self.similarity.fingerprints,statically observable name/attribute; receiver review in DELIVERY
src/inresearch/materials/text_similarity.py,SimilarityIndex.fingerprints,57,tests/unit/test_deep_read.py,723,L2.similarity.fingerprints,statically observable name/attribute; receiver review in DELIVERY
src/inresearch/materials/text_similarity.py,SimilarityIndex.fingerprints,57,tests/unit/test_text_similarity.py,89,L2.similarity.fingerprints,statically observable name/attribute; receiver review in DELIVERY
src/inresearch/materials/text_similarity.py,SimilarityIndex.fingerprints,57,tests/unit/test_text_similarity.py,118,L2.similarity.fingerprints,statically observable name/attribute; receiver review in DELIVERY
src/inresearch/materials/text_similarity.py,SimilarityIndex.near_twins,75,src/inresearch/workflow/deep_read.py,137,self.similarity.near_twins,statically observable name/attribute; receiver review in DELIVERY
src/inresearch/materials/text_similarity.py,SimilarityIndex.near_twins,75,tests/unit/test_text_similarity.py,174,L2.similarity.near_twins,statically observable name/attribute; receiver review in DELIVERY
src/inresearch/materials/text_similarity.py,SimilarityIndex.near_twins,75,tests/unit/test_text_similarity.py,178,L2.similarity.near_twins,statically observable name/attribute; receiver review in DELIVERY
src/inresearch/materials/text_similarity.py,SimilarityIndex.near_twins,75,tests/unit/test_text_similarity.py,183,L2.similarity.near_twins,statically observable name/attribute; receiver review in DELIVERY
src/inresearch/materials/text_similarity.py,SimilarityIndex.near_twins,75,tests/unit/test_text_similarity.py,189,L2.similarity.near_twins,statically observable name/attribute; receiver review in DELIVERY
src/inresearch/materials/text_similarity.py,SimilarityIndex.remember,65,src/inresearch/workflow/deep_read.py,143,self.similarity.remember,statically observable name/attribute; receiver review in DELIVERY
src/inresearch/materials/text_similarity.py,SimilarityIndex.remember,65,tests/unit/test_deep_read.py,759,L2.similarity.remember,statically observable name/attribute; receiver review in DELIVERY
src/inresearch/materials/text_similarity.py,SimilarityIndex.remember,65,tests/unit/test_text_similarity.py,69,L2.similarity.remember,statically observable name/attribute; receiver review in DELIVERY
src/inresearch/materials/text_similarity.py,SimilarityIndex.remember,65,tests/unit/test_text_similarity.py,76,L2.similarity.remember,statically observable name/attribute; receiver review in DELIVERY
src/inresearch/materials/text_similarity.py,SimilarityIndex.remember,65,tests/unit/test_text_similarity.py,81,L2.similarity.remember,statically observable name/attribute; receiver review in DELIVERY
src/inresearch/materials/text_similarity.py,SimilarityIndex.remember,65,tests/unit/test_text_similarity.py,86,L2.similarity.remember,statically observable name/attribute; receiver review in DELIVERY
src/inresearch/materials/text_similarity.py,SimilarityIndex.remember,65,tests/unit/test_text_similarity.py,94,L2.similarity.remember,statically observable name/attribute; receiver review in DELIVERY
src/inresearch/materials/text_similarity.py,SimilarityIndex.remember,65,tests/unit/test_text_similarity.py,100,L2.similarity.remember,statically observable name/attribute; receiver review in DELIVERY
src/inresearch/materials/text_similarity.py,SimilarityIndex.remember,65,tests/unit/test_text_similarity.py,106,L2.similarity.remember,statically observable name/attribute; receiver review in DELIVERY
src/inresearch/materials/text_similarity.py,SimilarityIndex.remember,65,tests/unit/test_text_similarity.py,111,L2.similarity.remember,statically observable name/attribute; receiver review in DELIVERY
src/inresearch/materials/text_similarity.py,SimilarityIndex.remember,65,tests/unit/test_text_similarity.py,116,L2.similarity.remember,statically observable name/attribute; receiver review in DELIVERY
src/inresearch/materials/text_similarity.py,SimilarityIndex.remember,65,tests/unit/test_text_similarity.py,117,L2.similarity.remember,statically observable name/attribute; receiver review in DELIVERY
src/inresearch/materials/text_similarity.py,SimilarityIndex.remember,65,tests/unit/test_text_similarity.py,173,L2.similarity.remember,statically observable name/attribute; receiver review in DELIVERY
src/inresearch/materials/text_similarity.py,SimilarityIndex.remember,65,tests/unit/test_text_similarity.py,182,L2.similarity.remember,statically observable name/attribute; receiver review in DELIVERY
src/inresearch/materials/text_similarity.py,SimilarityIndex.remember,65,tests/unit/test_text_similarity.py,187,L2.similarity.remember,statically observable name/attribute; receiver review in DELIVERY
src/inresearch/materials/text_similarity.py,SimilarityIndex.same_text,70,src/inresearch/workflow/deep_read.py,135,self.similarity.same_text,statically observable name/attribute; receiver review in DELIVERY
src/inresearch/materials/text_similarity.py,SimilarityIndex.same_text,70,src/inresearch/workflow/deep_read.py,136,self.similarity.same_text,statically observable name/attribute; receiver review in DELIVERY
src/inresearch/materials/text_similarity.py,SimilarityIndex.same_text,70,tests/unit/test_text_similarity.py,70,L2.similarity.same_text,statically observable name/attribute; receiver review in DELIVERY
src/inresearch/materials/text_similarity.py,SimilarityIndex.same_text,70,tests/unit/test_text_similarity.py,72,L2.similarity.same_text,statically observable name/attribute; receiver review in DELIVERY
src/inresearch/materials/text_similarity.py,SimilarityIndex.same_text,70,tests/unit/test_text_similarity.py,78,L2.similarity.same_text,statically observable name/attribute; receiver review in DELIVERY
src/inresearch/materials/text_similarity.py,SimilarityIndex.same_text,70,tests/unit/test_text_similarity.py,83,L2.similarity.same_text,statically observable name/attribute; receiver review in DELIVERY
src/inresearch/materials/text_similarity.py,SimilarityIndex.same_text,70,tests/unit/test_text_similarity.py,96,L2.similarity.same_text,statically observable name/attribute; receiver review in DELIVERY
src/inresearch/materials/text_similarity.py,SimilarityIndex.same_text,70,tests/unit/test_text_similarity.py,103,L2.similarity.same_text,statically observable name/attribute; receiver review in DELIVERY
src/inresearch/materials/text_similarity.py,SimilarityIndex.same_text,70,tests/unit/test_text_similarity.py,108,L2.similarity.same_text,statically observable name/attribute; receiver review in DELIVERY
src/inresearch/materials/text_similarity.py,SimilarityIndex.same_text,70,tests/unit/test_text_similarity.py,112,L2.similarity.same_text,statically observable name/attribute; receiver review in DELIVERY
src/inresearch/materials/text_similarity.py,SimilarityIndex.sketches,61,src/inresearch/materials/text_similarity.py,79,self.sketches,statically observable name/attribute; receiver review in DELIVERY
src/inresearch/materials/text_similarity.py,SimilarityIndex.sketches,61,tests/unit/test_deep_read.py,724,L2.similarity.sketches,statically observable name/attribute; receiver review in DELIVERY
src/inresearch/materials/text_similarity.py,SimilarityIndex.sketches,61,tests/unit/test_text_similarity.py,188,L2.similarity.sketches,statically observable name/attribute; receiver review in DELIVERY
src/inresearch/materials/text_similarity.py,sketch_overlap,41,src/inresearch/materials/text_similarity.py,80,sketch_overlap,statically observable name/attribute; receiver review in DELIVERY
src/inresearch/materials/text_similarity.py,sketch_overlap,41,tests/unit/test_text_similarity.py,152,SIM.sketch_overlap,statically observable name/attribute; receiver review in DELIVERY
src/inresearch/materials/text_similarity.py,sketch_overlap,41,tests/unit/test_text_similarity.py,157,SIM.sketch_overlap,statically observable name/attribute; receiver review in DELIVERY
src/inresearch/materials/text_similarity.py,sketch_overlap,41,tests/unit/test_text_similarity.py,164,SIM.sketch_overlap,statically observable name/attribute; receiver review in DELIVERY
src/inresearch/materials/text_similarity.py,sketch_overlap,41,tests/unit/test_text_similarity.py,192,SIM.sketch_overlap,statically observable name/attribute; receiver review in DELIVERY
src/inresearch/materials/text_similarity.py,sketch_overlap,41,tests/unit/test_text_similarity.py,193,SIM.sketch_overlap,statically observable name/attribute; receiver review in DELIVERY
src/inresearch/materials/text_similarity.py,text_fingerprint,15,src/inresearch/workflow/deep_read.py,133,text_fingerprint,statically observable name/attribute; receiver review in DELIVERY
src/inresearch/materials/text_similarity.py,text_fingerprint,15,tests/unit/test_deep_read.py,759,SIM.text_fingerprint,statically observable name/attribute; receiver review in DELIVERY
src/inresearch/materials/text_similarity.py,text_fingerprint,15,tests/unit/test_text_similarity.py,43,SIM.text_fingerprint,statically observable name/attribute; receiver review in DELIVERY
src/inresearch/materials/text_similarity.py,text_fingerprint,15,tests/unit/test_text_similarity.py,149,SIM.text_fingerprint,statically observable name/attribute; receiver review in DELIVERY
src/inresearch/materials/text_similarity.py,text_fingerprint,15,tests/unit/test_text_similarity.py,150,SIM.text_fingerprint,statically observable name/attribute; receiver review in DELIVERY
src/inresearch/materials/text_similarity.py,text_sketch,24,src/inresearch/workflow/deep_read.py,133,text_sketch,statically observable name/attribute; receiver review in DELIVERY
src/inresearch/materials/text_similarity.py,text_sketch,24,tests/unit/test_text_similarity.py,152,SIM.text_sketch,statically observable name/attribute; receiver review in DELIVERY
src/inresearch/materials/text_similarity.py,text_sketch,24,tests/unit/test_text_similarity.py,157,SIM.text_sketch,statically observable name/attribute; receiver review in DELIVERY
src/inresearch/materials/text_similarity.py,text_sketch,24,tests/unit/test_text_similarity.py,164,SIM.text_sketch,statically observable name/attribute; receiver review in DELIVERY
src/inresearch/materials/text_similarity.py,text_sketch,24,tests/unit/test_text_similarity.py,165,SIM.text_sketch,statically observable name/attribute; receiver review in DELIVERY
src/inresearch/materials/text_similarity.py,text_sketch,24,tests/unit/test_text_similarity.py,169,SIM.text_sketch,statically observable name/attribute; receiver review in DELIVERY
src/inresearch/materials/text_similarity.py,text_sketch,24,tests/unit/test_text_similarity.py,172,SIM.text_sketch,statically observable name/attribute; receiver review in DELIVERY
src/inresearch/materials/text_similarity.py,text_sketch,24,tests/unit/test_text_similarity.py,173,SIM.text_sketch,statically observable name/attribute; receiver review in DELIVERY
src/inresearch/materials/text_similarity.py,text_sketch,24,tests/unit/test_text_similarity.py,181,SIM.text_sketch,statically observable name/attribute; receiver review in DELIVERY
src/inresearch/materials/text_similarity.py,text_sketch,24,tests/unit/test_text_similarity.py,189,SIM.text_sketch,statically observable name/attribute; receiver review in DELIVERY
src/inresearch/storage/catalog.py,Catalog,86,src/inresearch/workflow/reader.py,95,Catalog,statically observable name/attribute; receiver review in DELIVERY
src/inresearch/storage/catalog.py,Catalog,86,src/inresearch/workflow/reading_results.py,25,Catalog,statically observable name/attribute; receiver review in DELIVERY
src/inresearch/storage/catalog.py,Catalog,86,tests/unit/test_reading_results.py,159,Catalog,statically observable name/attribute; receiver review in DELIVERY
src/inresearch/storage/catalog.py,Catalog.close,233,src/inresearch/adapters/acquisition.py,68,self.db.close,statically observable name/attribute; receiver review in DELIVERY
src/inresearch/storage/catalog.py,Catalog.close,233,src/inresearch/adapters/acquisition.py,130,con.close,statically observable name/attribute; receiver review in DELIVERY
src/inresearch/storage/catalog.py,Catalog.close,233,src/inresearch/adapters/acquisition.py,232,con.close,statically observable name/attribute; receiver review in DELIVERY
src/inresearch/storage/catalog.py,Catalog.close,233,src/inresearch/adapters/acquisition.py,255,c.close,statically observable name/attribute; receiver review in DELIVERY
src/inresearch/storage/catalog.py,Catalog.close,233,src/inresearch/adapters/news_projection.py,55,con.close,statically observable name/attribute; receiver review in DELIVERY
src/inresearch/storage/catalog.py,Catalog.close,233,src/inresearch/adapters/news_sync.py,104,c.close,statically observable name/attribute; receiver review in DELIVERY
src/inresearch/storage/catalog.py,Catalog.close,233,src/inresearch/delivery/backup.py,20,source.close,statically observable name/attribute; receiver review in DELIVERY
src/inresearch/storage/catalog.py,Catalog.close,233,src/inresearch/delivery/backup.py,20,target.close,statically observable name/attribute; receiver review in DELIVERY
src/inresearch/storage/catalog.py,Catalog.close,233,src/inresearch/delivery/publish.py,65,reader.close,statically observable name/attribute; receiver review in DELIVERY
src/inresearch/storage/catalog.py,Catalog.close,233,src/inresearch/delivery/reader_export.py,142,snapshot.close,statically observable name/attribute; receiver review in DELIVERY
src/inresearch/storage/catalog.py,Catalog.close,233,src/inresearch/interfaces/reader.py,115,reader.close,statically observable name/attribute; receiver review in DELIVERY
src/inresearch/storage/catalog.py,Catalog.close,233,src/inresearch/materials/artifacts.py,70,os.close,statically observable name/attribute; receiver review in DELIVERY
src/inresearch/storage/catalog.py,Catalog.close,233,src/inresearch/materials/library.py,355,fh.close,statically observable name/attribute; receiver review in DELIVERY
src/inresearch/storage/catalog.py,Catalog.close,233,src/inresearch/storage/catalog.py,124,os.close,statically observable name/attribute; receiver review in DELIVERY
src/inresearch/storage/catalog.py,Catalog.close,233,src/inresearch/storage/catalog.py,129,os.close,statically observable name/attribute; receiver review in DELIVERY
src/inresearch/storage/catalog.py,Catalog.close,233,src/inresearch/storage/catalog.py,136,backup.close,statically observable name/attribute; receiver review in DELIVERY
src/inresearch/storage/catalog.py,Catalog.close,233,src/inresearch/storage/catalog.py,143,os.close,statically observable name/attribute; receiver review in DELIVERY
src/inresearch/storage/catalog.py,Catalog.close,233,src/inresearch/storage/catalog.py,231,conn.close,statically observable name/attribute; receiver review in DELIVERY
src/inresearch/storage/catalog.py,Catalog.close,233,src/inresearch/storage/catalog.py,237,conn.close,statically observable name/attribute; receiver review in DELIVERY
src/inresearch/storage/catalog.py,Catalog.close,233,src/inresearch/storage/files.py,35,os.close,statically observable name/attribute; receiver review in DELIVERY
src/inresearch/storage/catalog.py,Catalog.close,233,src/inresearch/workflow/reader.py,70,self.catalog.close,statically observable name/attribute; receiver review in DELIVERY
src/inresearch/storage/catalog.py,Catalog.close,233,src/inresearch/workflow/reader.py,94,os.close,statically observable name/attribute; receiver review in DELIVERY
src/inresearch/storage/catalog.py,Catalog.close,233,src/inresearch/workflow/reader.py,99,self.catalog.close,statically observable name/attribute; receiver review in DELIVERY
src/inresearch/storage/catalog.py,Catalog.close,233,src/inresearch/workflow/reader.py,120,os.close,statically observable name/attribute; receiver review in DELIVERY
src/inresearch/storage/catalog.py,Catalog.close,233,src/inresearch/workflow/reading_results.py,32,catalog.close,statically observable name/attribute; receiver review in DELIVERY
src/inresearch/storage/catalog.py,Catalog.close,233,tests/unit/test_acquisition.py,13,self.c.close,statically observable name/attribute; receiver review in DELIVERY
src/inresearch/storage/catalog.py,Catalog.close,233,tests/unit/test_acquisition.py,50,c.close,statically observable name/attribute; receiver review in DELIVERY
src/inresearch/storage/catalog.py,Catalog.close,233,tests/unit/test_catalog_migration.py,87,self.reader.close,statically observable name/attribute; receiver review in DELIVERY
src/inresearch/storage/catalog.py,Catalog.close,233,tests/unit/test_catalog_migration.py,116,reader.close,statically observable name/attribute; receiver review in DELIVERY
src/inresearch/storage/catalog.py,Catalog.close,233,tests/unit/test_continuous_reader.py,70,self.reader.close,statically observable name/attribute; receiver review in DELIVERY
src/inresearch/storage/catalog.py,Catalog.close,233,tests/unit/test_continuous_reader.py,234,self.reader.close,statically observable name/attribute; receiver review in DELIVERY
src/inresearch/storage/catalog.py,Catalog.close,233,tests/unit/test_continuous_reader.py,249,other.close,statically observable name/attribute; receiver review in DELIVERY
src/inresearch/storage/catalog.py,Catalog.close,233,tests/unit/test_continuous_reader.py,426,self.reader.close,statically observable name/attribute; receiver review in DELIVERY
src/inresearch/storage/catalog.py,Catalog.close,233,tests/unit/test_continuous_reader.py,491,self.reader.close,statically observable name/attribute; receiver review in DELIVERY
src/inresearch/storage/catalog.py,Catalog.close,233,tests/unit/test_continuous_reader.py,571,restored.close,statically observable name/attribute; receiver review in DELIVERY
src/inresearch/storage/catalog.py,Catalog.close,233,tests/unit/test_datacenter_news.py,24,c.close,statically observable name/attribute; receiver review in DELIVERY
src/inresearch/storage/catalog.py,Catalog.close,233,tests/unit/test_datacenter_news.py,32,c.close,statically observable name/attribute; receiver review in DELIVERY
src/inresearch/storage/catalog.py,Catalog.close,233,tests/unit/test_datacenter_news.py,37,restored.close,statically observable name/attribute; receiver review in DELIVERY
src/inresearch/storage/catalog.py,Catalog.close,233,tests/unit/test_deep_read_transactions.py,78,queue.close,statically observable name/attribute; receiver review in DELIVERY
src/inresearch/storage/catalog.py,Catalog.close,233,tests/unit/test_http_workflow.py,18,self.stack.close,statically observable name/attribute; receiver review in DELIVERY
src/inresearch/storage/catalog.py,Catalog.close,233,tests/unit/test_http_workflow.py,46,connection.close,statically observable name/attribute; receiver review in DELIVERY
src/inresearch/storage/catalog.py,Catalog.close,233,tests/unit/test_interface_system.py,53,con.close,statically observable name/attribute; receiver review in DELIVERY
src/inresearch/storage/catalog.py,Catalog.close,233,tests/unit/test_news_projection.py,33,self.collector.close,statically observable name/attribute; receiver review in DELIVERY
src/inresearch/storage/catalog.py,Catalog.close,233,tests/unit/test_product_library.py,27,stack.close,statically observable name/attribute; receiver review in DELIVERY
src/inresearch/storage/catalog.py,Catalog.close,233,tests/unit/test_reading_results.py,160,catalog.close,statically observable name/attribute; receiver review in DELIVERY
src/inresearch/storage/catalog.py,Catalog.close,233,tests/unit/test_reading_results.py,227,replies.close,statically observable name/attribute; receiver review in DELIVERY
src/inresearch/storage/catalog.py,Catalog.close,233,tests/unit/test_reading_revisions.py,26,reader.close,statically observable name/attribute; receiver review in DELIVERY
src/inresearch/storage/catalog.py,Catalog.close,233,tests/unit/test_reading_revisions.py,180,replies.close,statically observable name/attribute; receiver review in DELIVERY
src/inresearch/storage/catalog.py,Catalog.close,233,tests/unit/test_reading_revisions.py,208,replies.close,statically observable name/attribute; receiver review in DELIVERY
src/inresearch/storage/catalog.py,Catalog.close,233,tests/unit/test_reading_revisions.py,234,reader.close,statically observable name/attribute; receiver review in DELIVERY
src/inresearch/storage/catalog.py,Catalog.close,233,tests/unit/test_research.py,327,stack.close,statically observable name/attribute; receiver review in DELIVERY
src/inresearch/storage/catalog.py,Catalog.close,233,tests/unit/test_research.py,364,connection.close,statically observable name/attribute; receiver review in DELIVERY
src/inresearch/storage/catalog.py,Catalog.close,233,tests/unit/test_result_versions.py,48,queue.close,statically observable name/attribute; receiver review in DELIVERY
src/inresearch/storage/catalog.py,Catalog.conn,204,src/inresearch/delivery/publish.py,39,reader.conn,statically observable name/attribute; receiver review in DELIVERY
src/inresearch/storage/catalog.py,Catalog.conn,204,src/inresearch/delivery/publish.py,41,reader.conn,statically observable name/attribute; receiver review in DELIVERY
src/inresearch/storage/catalog.py,Catalog.conn,204,src/inresearch/storage/catalog.py,97,self.conn,statically observable name/attribute; receiver review in DELIVERY
src/inresearch/storage/catalog.py,Catalog.conn,204,src/inresearch/storage/catalog.py,105,self.conn,statically observable name/attribute; receiver review in DELIVERY
src/inresearch/storage/catalog.py,Catalog.conn,204,src/inresearch/storage/catalog.py,107,self.conn,statically observable name/attribute; receiver review in DELIVERY
src/inresearch/storage/catalog.py,Catalog.conn,204,src/inresearch/storage/catalog.py,110,self.conn,statically observable name/attribute; receiver review in DELIVERY
src/inresearch/storage/catalog.py,Catalog.conn,204,src/inresearch/storage/catalog.py,116,self.conn,statically observable name/attribute; receiver review in DELIVERY
src/inresearch/storage/catalog.py,Catalog.conn,204,src/inresearch/storage/catalog.py,117,self.conn,statically observable name/attribute; receiver review in DELIVERY
src/inresearch/storage/catalog.py,Catalog.conn,204,src/inresearch/storage/catalog.py,119,self.conn,statically observable name/attribute; receiver review in DELIVERY
src/inresearch/storage/catalog.py,Catalog.conn,204,src/inresearch/storage/catalog.py,120,self.conn,statically observable name/attribute; receiver review in DELIVERY
src/inresearch/storage/catalog.py,Catalog.conn,204,src/inresearch/storage/catalog.py,122,self.conn,statically observable name/attribute; receiver review in DELIVERY
src/inresearch/storage/catalog.py,Catalog.conn,204,src/inresearch/storage/catalog.py,132,self.conn,statically observable name/attribute; receiver review in DELIVERY
src/inresearch/storage/catalog.py,Catalog.conn,204,src/inresearch/storage/catalog.py,146,self.conn,statically observable name/attribute; receiver review in DELIVERY
src/inresearch/storage/catalog.py,Catalog.conn,204,src/inresearch/storage/catalog.py,147,self.conn,statically observable name/attribute; receiver review in DELIVERY
src/inresearch/storage/catalog.py,Catalog.conn,204,src/inresearch/storage/catalog.py,148,self.conn,statically observable name/attribute; receiver review in DELIVERY
src/inresearch/storage/catalog.py,Catalog.conn,204,src/inresearch/storage/catalog.py,151,self.conn,statically observable name/attribute; receiver review in DELIVERY
src/inresearch/storage/catalog.py,Catalog.conn,204,src/inresearch/storage/catalog.py,164,self.conn,statically observable name/attribute; receiver review in DELIVERY
src/inresearch/storage/catalog.py,Catalog.conn,204,src/inresearch/storage/catalog.py,166,self.conn,statically observable name/attribute; receiver review in DELIVERY
src/inresearch/storage/catalog.py,Catalog.conn,204,src/inresearch/storage/catalog.py,167,self.conn,statically observable name/attribute; receiver review in DELIVERY
src/inresearch/storage/catalog.py,Catalog.conn,204,src/inresearch/storage/catalog.py,169,self.conn,statically observable name/attribute; receiver review in DELIVERY
src/inresearch/storage/catalog.py,Catalog.conn,204,src/inresearch/storage/catalog.py,170,self.conn,statically observable name/attribute; receiver review in DELIVERY
src/inresearch/storage/catalog.py,Catalog.conn,204,src/inresearch/storage/catalog.py,171,self.conn,statically observable name/attribute; receiver review in DELIVERY
src/inresearch/storage/catalog.py,Catalog.conn,204,src/inresearch/storage/catalog.py,172,self.conn,statically observable name/attribute; receiver review in DELIVERY
src/inresearch/storage/catalog.py,Catalog.conn,204,src/inresearch/storage/catalog.py,173,self.conn,statically observable name/attribute; receiver review in DELIVERY
src/inresearch/storage/catalog.py,Catalog.conn,204,src/inresearch/storage/catalog.py,176,self.conn,statically observable name/attribute; receiver review in DELIVERY
src/inresearch/storage/catalog.py,Catalog.conn,204,src/inresearch/storage/catalog.py,180,self.conn,statically observable name/attribute; receiver review in DELIVERY
src/inresearch/storage/catalog.py,Catalog.conn,204,src/inresearch/storage/catalog.py,185,self.conn,statically observable name/attribute; receiver review in DELIVERY
src/inresearch/storage/catalog.py,Catalog.conn,204,src/inresearch/storage/catalog.py,187,self.conn,statically observable name/attribute; receiver review in DELIVERY
src/inresearch/storage/catalog.py,Catalog.conn,204,src/inresearch/storage/catalog.py,194,self.conn,statically observable name/attribute; receiver review in DELIVERY
src/inresearch/storage/catalog.py,Catalog.conn,204,src/inresearch/storage/catalog.py,197,self.conn,statically observable name/attribute; receiver review in DELIVERY
src/inresearch/storage/catalog.py,Catalog.conn,204,src/inresearch/storage/catalog.py,201,self.conn,statically observable name/attribute; receiver review in DELIVERY
src/inresearch/storage/catalog.py,Catalog.conn,204,src/inresearch/storage/catalog.py,219,self._local.conn,statically observable name/attribute; receiver review in DELIVERY
src/inresearch/storage/catalog.py,Catalog.conn,204,src/inresearch/storage/catalog.py,227,self._local.conn,statically observable name/attribute; receiver review in DELIVERY
src/inresearch/storage/catalog.py,Catalog.conn,204,src/inresearch/storage/catalog.py,245,self.conn,statically observable name/attribute; receiver review in DELIVERY
src/inresearch/storage/catalog.py,Catalog.conn,204,src/inresearch/storage/catalog.py,248,self.conn,statically observable name/attribute; receiver review in DELIVERY
src/inresearch/storage/catalog.py,Catalog.conn,204,src/inresearch/storage/catalog.py,250,self.conn,statically observable name/attribute; receiver review in DELIVERY
src/inresearch/storage/catalog.py,Catalog.conn,204,src/inresearch/storage/catalog.py,251,self.conn,statically observable name/attribute; receiver review in DELIVERY
src/inresearch/storage/catalog.py,Catalog.conn,204,src/inresearch/workflow/reader.py,63,self.catalog.conn,statically observable name/attribute; receiver review in DELIVERY
src/inresearch/storage/catalog.py,Catalog.conn,204,src/inresearch/workflow/reader.py,77,self.conn,statically observable name/attribute; receiver review in DELIVERY
src/inresearch/storage/catalog.py,Catalog.conn,204,src/inresearch/workflow/reader.py,81,self.conn,statically observable name/attribute; receiver review in DELIVERY
src/inresearch/storage/catalog.py,Catalog.conn,204,src/inresearch/workflow/reader.py,84,self.conn,statically observable name/attribute; receiver review in DELIVERY
src/inresearch/storage/catalog.py,Catalog.conn,204,src/inresearch/workflow/reader.py,113,self.conn,statically observable name/attribute; receiver review in DELIVERY
src/inresearch/storage/catalog.py,Catalog.conn,204,src/inresearch/workflow/reader.py,114,self.conn,statically observable name/attribute; receiver review in DELIVERY
src/inresearch/storage/catalog.py,Catalog.conn,204,src/inresearch/workflow/reader.py,126,self.conn,statically observable name/attribute; receiver review in DELIVERY
src/inresearch/storage/catalog.py,Catalog.conn,204,src/inresearch/workflow/reader.py,128,self.conn,statically observable name/attribute; receiver review in DELIVERY
src/inresearch/storage/catalog.py,Catalog.conn,204,src/inresearch/workflow/reader.py,174,self.conn,statically observable name/attribute; receiver review in DELIVERY
src/inresearch/storage/catalog.py,Catalog.conn,204,src/inresearch/workflow/reader.py,185,self.conn,statically observable name/attribute; receiver review in DELIVERY
src/inresearch/storage/catalog.py,Catalog.conn,204,src/inresearch/workflow/reader.py,188,self.conn,statically observable name/attribute; receiver review in DELIVERY
src/inresearch/storage/catalog.py,Catalog.conn,204,src/inresearch/workflow/reader.py,190,self.conn,statically observable name/attribute; receiver review in DELIVERY
src/inresearch/storage/catalog.py,Catalog.conn,204,src/inresearch/workflow/reader.py,192,self.conn,statically observable name/attribute; receiver review in DELIVERY
src/inresearch/storage/catalog.py,Catalog.conn,204,src/inresearch/workflow/reader.py,194,self.conn,statically observable name/attribute; receiver review in DELIVERY
src/inresearch/storage/catalog.py,Catalog.conn,204,src/inresearch/workflow/reader.py,216,self.conn,statically observable name/attribute; receiver review in DELIVERY
src/inresearch/storage/catalog.py,Catalog.conn,204,src/inresearch/workflow/reader.py,218,self.conn,statically observable name/attribute; receiver review in DELIVERY
src/inresearch/storage/catalog.py,Catalog.conn,204,src/inresearch/workflow/reader.py,222,self.conn,statically observable name/attribute; receiver review in DELIVERY
src/inresearch/storage/catalog.py,Catalog.conn,204,src/inresearch/workflow/reader.py,235,self.conn,statically observable name/attribute; receiver review in DELIVERY
src/inresearch/storage/catalog.py,Catalog.conn,204,src/inresearch/workflow/reader.py,266,self.conn,statically observable name/attribute; receiver review in DELIVERY
src/inresearch/storage/catalog.py,Catalog.conn,204,src/inresearch/workflow/reader.py,267,self.conn,statically observable name/attribute; receiver review in DELIVERY
src/inresearch/storage/catalog.py,Catalog.conn,204,src/inresearch/workflow/reader.py,272,self.conn,statically observable name/attribute; receiver review in DELIVERY
src/inresearch/storage/catalog.py,Catalog.conn,204,src/inresearch/workflow/reader.py,274,self.conn,statically observable name/attribute; receiver review in DELIVERY
src/inresearch/storage/catalog.py,Catalog.conn,204,src/inresearch/workflow/reader.py,281,self.conn,statically observable name/attribute; receiver review in DELIVERY
src/inresearch/storage/catalog.py,Catalog.conn,204,src/inresearch/workflow/reader.py,290,self.conn,statically observable name/attribute; receiver review in DELIVERY
src/inresearch/storage/catalog.py,Catalog.conn,204,src/inresearch/workflow/reader.py,291,self.conn,statically observable name/attribute; receiver review in DELIVERY
src/inresearch/storage/catalog.py,Catalog.conn,204,src/inresearch/workflow/reader.py,292,self.conn,statically observable name/attribute; receiver review in DELIVERY
src/inresearch/storage/catalog.py,Catalog.conn,204,src/inresearch/workflow/reader.py,296,self.conn,statically observable name/attribute; receiver review in DELIVERY
src/inresearch/storage/catalog.py,Catalog.conn,204,src/inresearch/workflow/reader.py,306,self.conn,statically observable name/attribute; receiver review in DELIVERY
src/inresearch/storage/catalog.py,Catalog.conn,204,src/inresearch/workflow/reader.py,307,self.conn,statically observable name/attribute; receiver review in DELIVERY
src/inresearch/storage/catalog.py,Catalog.conn,204,src/inresearch/workflow/reader.py,311,self.conn,statically observable name/attribute; receiver review in DELIVERY
src/inresearch/storage/catalog.py,Catalog.conn,204,src/inresearch/workflow/reader.py,312,self.conn,statically observable name/attribute; receiver review in DELIVERY
src/inresearch/storage/catalog.py,Catalog.conn,204,src/inresearch/workflow/reader.py,316,self.conn,statically observable name/attribute; receiver review in DELIVERY
src/inresearch/storage/catalog.py,Catalog.conn,204,src/inresearch/workflow/reader.py,319,self.conn,statically observable name/attribute; receiver review in DELIVERY
src/inresearch/storage/catalog.py,Catalog.conn,204,src/inresearch/workflow/reader.py,324,self.conn,statically observable name/attribute; receiver review in DELIVERY
src/inresearch/storage/catalog.py,Catalog.conn,204,src/inresearch/workflow/reader.py,327,self.conn,statically observable name/attribute; receiver review in DELIVERY
src/inresearch/storage/catalog.py,Catalog.conn,204,src/inresearch/workflow/reader.py,331,self.conn,statically observable name/attribute; receiver review in DELIVERY
src/inresearch/storage/catalog.py,Catalog.conn,204,src/inresearch/workflow/reader.py,385,self.conn,statically observable name/attribute; receiver review in DELIVERY
src/inresearch/storage/catalog.py,Catalog.conn,204,src/inresearch/workflow/reader.py,390,self.conn,statically observable name/attribute; receiver review in DELIVERY
src/inresearch/storage/catalog.py,Catalog.conn,204,src/inresearch/workflow/reader.py,391,self.conn,statically observable name/attribute; receiver review in DELIVERY
src/inresearch/storage/catalog.py,Catalog.conn,204,src/inresearch/workflow/reader.py,395,self.conn,statically observable name/attribute; receiver review in DELIVERY
src/inresearch/storage/catalog.py,Catalog.conn,204,src/inresearch/workflow/reader.py,398,self.conn,statically observable name/attribute; receiver review in DELIVERY
src/inresearch/storage/catalog.py,Catalog.conn,204,src/inresearch/workflow/reader.py,401,self.conn,statically observable name/attribute; receiver review in DELIVERY
src/inresearch/storage/catalog.py,Catalog.conn,204,src/inresearch/workflow/reader.py,402,self.conn,statically observable name/attribute; receiver review in DELIVERY
src/inresearch/storage/catalog.py,Catalog.conn,204,src/inresearch/workflow/reader.py,403,self.conn,statically observable name/attribute; receiver review in DELIVERY
src/inresearch/storage/catalog.py,Catalog.conn,204,src/inresearch/workflow/reader.py,404,self.conn,statically observable name/attribute; receiver review in DELIVERY
src/inresearch/storage/catalog.py,Catalog.conn,204,src/inresearch/workflow/reader.py,410,self.conn,statically observable name/attribute; receiver review in DELIVERY
src/inresearch/storage/catalog.py,Catalog.conn,204,src/inresearch/workflow/reader.py,413,self.conn,statically observable name/attribute; receiver review in DELIVERY
src/inresearch/storage/catalog.py,Catalog.conn,204,src/inresearch/workflow/reader.py,415,self.conn,statically observable name/attribute; receiver review in DELIVERY
src/inresearch/storage/catalog.py,Catalog.conn,204,src/inresearch/workflow/reader.py,418,self.conn,statically observable name/attribute; receiver review in DELIVERY
src/inresearch/storage/catalog.py,Catalog.conn,204,src/inresearch/workflow/reader.py,422,self.conn,statically observable name/attribute; receiver review in DELIVERY
src/inresearch/storage/catalog.py,Catalog.conn,204,src/inresearch/workflow/reader.py,423,self.conn,statically observable name/attribute; receiver review in DELIVERY
src/inresearch/storage/catalog.py,Catalog.conn,204,src/inresearch/workflow/reader.py,428,self.conn,statically observable name/attribute; receiver review in DELIVERY
src/inresearch/storage/catalog.py,Catalog.conn,204,src/inresearch/workflow/reader.py,431,self.conn,statically observable name/attribute; receiver review in DELIVERY
src/inresearch/storage/catalog.py,Catalog.conn,204,src/inresearch/workflow/reader.py,432,self.conn,statically observable name/attribute; receiver review in DELIVERY
src/inresearch/storage/catalog.py,Catalog.conn,204,src/inresearch/workflow/reader.py,435,self.conn,statically observable name/attribute; receiver review in DELIVERY
src/inresearch/storage/catalog.py,Catalog.conn,204,src/inresearch/workflow/reader.py,439,self.conn,statically observable name/attribute; receiver review in DELIVERY
src/inresearch/storage/catalog.py,Catalog.conn,204,src/inresearch/workflow/reader.py,441,self.conn,statically observable name/attribute; receiver review in DELIVERY
src/inresearch/storage/catalog.py,Catalog.conn,204,src/inresearch/workflow/reader.py,471,self.conn,statically observable name/attribute; receiver review in DELIVERY
src/inresearch/storage/catalog.py,Catalog.conn,204,src/inresearch/workflow/reader.py,475,self.conn,statically observable name/attribute; receiver review in DELIVERY
src/inresearch/storage/catalog.py,Catalog.conn,204,src/inresearch/workflow/reader.py,483,self.conn,statically observable name/attribute; receiver review in DELIVERY
src/inresearch/storage/catalog.py,Catalog.conn,204,src/inresearch/workflow/reader.py,487,self.conn,statically observable name/attribute; receiver review in DELIVERY
src/inresearch/storage/catalog.py,Catalog.conn,204,src/inresearch/workflow/reader.py,496,self.conn,statically observable name/attribute; receiver review in DELIVERY
src/inresearch/storage/catalog.py,Catalog.conn,204,src/inresearch/workflow/reader.py,497,self.conn,statically observable name/attribute; receiver review in DELIVERY
src/inresearch/storage/catalog.py,Catalog.conn,204,src/inresearch/workflow/reader.py,499,self.conn,statically observable name/attribute; receiver review in DELIVERY
src/inresearch/storage/catalog.py,Catalog.conn,204,src/inresearch/workflow/reader.py,500,self.conn,statically observable name/attribute; receiver review in DELIVERY
src/inresearch/storage/catalog.py,Catalog.conn,204,src/inresearch/workflow/reader.py,504,self.conn,statically observable name/attribute; receiver review in DELIVERY
src/inresearch/storage/catalog.py,Catalog.conn,204,src/inresearch/workflow/reader.py,505,self.conn,statically observable name/attribute; receiver review in DELIVERY
src/inresearch/storage/catalog.py,Catalog.conn,204,src/inresearch/workflow/reader.py,506,self.conn,statically observable name/attribute; receiver review in DELIVERY
src/inresearch/storage/catalog.py,Catalog.conn,204,src/inresearch/workflow/reader.py,507,self.conn,statically observable name/attribute; receiver review in DELIVERY
src/inresearch/storage/catalog.py,Catalog.conn,204,src/inresearch/workflow/reader.py,508,self.conn,statically observable name/attribute; receiver review in DELIVERY
src/inresearch/storage/catalog.py,Catalog.conn,204,src/inresearch/workflow/reader.py,509,self.conn,statically observable name/attribute; receiver review in DELIVERY
src/inresearch/storage/catalog.py,Catalog.conn,204,src/inresearch/workflow/reader.py,513,self.conn,statically observable name/attribute; receiver review in DELIVERY
src/inresearch/storage/catalog.py,Catalog.conn,204,src/inresearch/workflow/reader.py,514,self.conn,statically observable name/attribute; receiver review in DELIVERY
src/inresearch/storage/catalog.py,Catalog.conn,204,src/inresearch/workflow/reading_results.py,28,catalog.conn,statically observable name/attribute; receiver review in DELIVERY
src/inresearch/storage/catalog.py,Catalog.conn,204,src/inresearch/workflow/reading_results.py,30,catalog.conn,statically observable name/attribute; receiver review in DELIVERY
src/inresearch/storage/catalog.py,Catalog.conn,204,src/inresearch/workflow/reading_revisions.py,16,self.catalog.conn,statically observable name/attribute; receiver review in DELIVERY
src/inresearch/storage/catalog.py,Catalog.conn,204,src/inresearch/workflow/reading_revisions.py,43,self.conn,statically observable name/attribute; receiver review in DELIVERY
src/inresearch/storage/catalog.py,Catalog.conn,204,src/inresearch/workflow/reading_revisions.py,53,self.conn,statically observable name/attribute; receiver review in DELIVERY
src/inresearch/storage/catalog.py,Catalog.conn,204,src/inresearch/workflow/reading_revisions.py,61,self.conn,statically observable name/attribute; receiver review in DELIVERY
src/inresearch/storage/catalog.py,Catalog.conn,204,src/inresearch/workflow/reading_revisions.py,72,self.conn,statically observable name/attribute; receiver review in DELIVERY
src/inresearch/storage/catalog.py,Catalog.conn,204,src/inresearch/workflow/reading_revisions.py,80,self.conn,statically observable name/attribute; receiver review in DELIVERY
src/inresearch/storage/catalog.py,Catalog.conn,204,src/inresearch/workflow/reading_revisions.py,92,self.conn,statically observable name/attribute; receiver review in DELIVERY
src/inresearch/storage/catalog.py,Catalog.conn,204,src/inresearch/workflow/reading_revisions.py,96,self.conn,statically observable name/attribute; receiver review in DELIVERY
src/inresearch/storage/catalog.py,Catalog.conn,204,src/inresearch/workflow/reading_revisions.py,103,self.conn,statically observable name/attribute; receiver review in DELIVERY
src/inresearch/storage/catalog.py,Catalog.conn,204,src/inresearch/workflow/reading_revisions.py,110,self.conn,statically observable name/attribute; receiver review in DELIVERY
src/inresearch/storage/catalog.py,Catalog.conn,204,src/inresearch/workflow/reading_revisions.py,112,self.conn,statically observable name/attribute; receiver review in DELIVERY
src/inresearch/storage/catalog.py,Catalog.conn,204,src/inresearch/workflow/reading_revisions.py,113,self.conn,statically observable name/attribute; receiver review in DELIVERY
src/inresearch/storage/catalog.py,Catalog.conn,204,tests/unit/test_catalog_migration.py,96,reader.conn,statically observable name/attribute; receiver review in DELIVERY
src/inresearch/storage/catalog.py,Catalog.conn,204,tests/unit/test_catalog_migration.py,97,reader.conn,statically observable name/attribute; receiver review in DELIVERY
src/inresearch/storage/catalog.py,Catalog.conn,204,tests/unit/test_catalog_migration.py,108,reader.conn,statically observable name/attribute; receiver review in DELIVERY
src/inresearch/storage/catalog.py,Catalog.conn,204,tests/unit/test_catalog_migration.py,109,reader.conn,statically observable name/attribute; receiver review in DELIVERY
src/inresearch/storage/catalog.py,Catalog.conn,204,tests/unit/test_catalog_migration.py,114,reader.conn,statically observable name/attribute; receiver review in DELIVERY
src/inresearch/storage/catalog.py,Catalog.conn,204,tests/unit/test_catalog_migration.py,133,self.reader.conn,statically observable name/attribute; receiver review in DELIVERY
src/inresearch/storage/catalog.py,Catalog.conn,204,tests/unit/test_continuous_reader.py,84,self.reader.conn,statically observable name/attribute; receiver review in DELIVERY
src/inresearch/storage/catalog.py,Catalog.conn,204,tests/unit/test_continuous_reader.py,121,self.reader.conn,statically observable name/attribute; receiver review in DELIVERY
src/inresearch/storage/catalog.py,Catalog.conn,204,tests/unit/test_continuous_reader.py,140,self.reader.conn,statically observable name/attribute; receiver review in DELIVERY
src/inresearch/storage/catalog.py,Catalog.conn,204,tests/unit/test_continuous_reader.py,143,self.reader.conn,statically observable name/attribute; receiver review in DELIVERY
src/inresearch/storage/catalog.py,Catalog.conn,204,tests/unit/test_continuous_reader.py,162,self.reader.conn,statically observable name/attribute; receiver review in DELIVERY
src/inresearch/storage/catalog.py,Catalog.conn,204,tests/unit/test_continuous_reader.py,163,self.reader.conn,statically observable name/attribute; receiver review in DELIVERY
src/inresearch/storage/catalog.py,Catalog.conn,204,tests/unit/test_continuous_reader.py,273,self.reader.conn,statically observable name/attribute; receiver review in DELIVERY
src/inresearch/storage/catalog.py,Catalog.conn,204,tests/unit/test_continuous_reader.py,274,self.reader.conn,statically observable name/attribute; receiver review in DELIVERY
src/inresearch/storage/catalog.py,Catalog.conn,204,tests/unit/test_continuous_reader.py,286,self.reader.conn,statically observable name/attribute; receiver review in DELIVERY
src/inresearch/storage/catalog.py,Catalog.conn,204,tests/unit/test_continuous_reader.py,326,self.reader.conn,statically observable name/attribute; receiver review in DELIVERY
src/inresearch/storage/catalog.py,Catalog.conn,204,tests/unit/test_continuous_reader.py,330,self.reader.conn,statically observable name/attribute; receiver review in DELIVERY
src/inresearch/storage/catalog.py,Catalog.conn,204,tests/unit/test_continuous_reader.py,334,self.reader.conn,statically observable name/attribute; receiver review in DELIVERY
src/inresearch/storage/catalog.py,Catalog.conn,204,tests/unit/test_continuous_reader.py,356,self.reader.conn,statically observable name/attribute; receiver review in DELIVERY
src/inresearch/storage/catalog.py,Catalog.conn,204,tests/unit/test_continuous_reader.py,357,self.reader.conn,statically observable name/attribute; receiver review in DELIVERY
src/inresearch/storage/catalog.py,Catalog.conn,204,tests/unit/test_continuous_reader.py,371,self.reader.conn,statically observable name/attribute; receiver review in DELIVERY
src/inresearch/storage/catalog.py,Catalog.conn,204,tests/unit/test_continuous_reader.py,372,self.reader.conn,statically observable name/attribute; receiver review in DELIVERY
src/inresearch/storage/catalog.py,Catalog.conn,204,tests/unit/test_continuous_reader.py,380,self.reader.conn,statically observable name/attribute; receiver review in DELIVERY
src/inresearch/storage/catalog.py,Catalog.conn,204,tests/unit/test_continuous_reader.py,421,self.reader.conn,statically observable name/attribute; receiver review in DELIVERY
src/inresearch/storage/catalog.py,Catalog.conn,204,tests/unit/test_continuous_reader.py,496,self.reader.conn,statically observable name/attribute; receiver review in DELIVERY
src/inresearch/storage/catalog.py,Catalog.conn,204,tests/unit/test_continuous_reader.py,500,self.reader.conn,statically observable name/attribute; receiver review in DELIVERY
src/inresearch/storage/catalog.py,Catalog.conn,204,tests/unit/test_continuous_reader.py,504,self.reader.conn,statically observable name/attribute; receiver review in DELIVERY
src/inresearch/storage/catalog.py,Catalog.conn,204,tests/unit/test_continuous_reader.py,521,self.reader.conn,statically observable name/attribute; receiver review in DELIVERY
src/inresearch/storage/catalog.py,Catalog.conn,204,tests/unit/test_continuous_reader.py,532,self.reader.conn,statically observable name/attribute; receiver review in DELIVERY
src/inresearch/storage/catalog.py,Catalog.conn,204,tests/unit/test_continuous_reader.py,625,self.reader.conn,statically observable name/attribute; receiver review in DELIVERY
src/inresearch/storage/catalog.py,Catalog.conn,204,tests/unit/test_continuous_reader.py,626,self.reader.conn,statically observable name/attribute; receiver review in DELIVERY
src/inresearch/storage/catalog.py,Catalog.conn,204,tests/unit/test_continuous_reader.py,627,self.reader.conn,statically observable name/attribute; receiver review in DELIVERY
src/inresearch/storage/catalog.py,Catalog.conn,204,tests/unit/test_continuous_reader.py,712,self.reader.conn,statically observable name/attribute; receiver review in DELIVERY
src/inresearch/storage/catalog.py,Catalog.conn,204,tests/unit/test_continuous_reader.py,714,self.reader.conn,statically observable name/attribute; receiver review in DELIVERY
src/inresearch/storage/catalog.py,Catalog.conn,204,tests/unit/test_reading_results.py,45,self.reader.conn,statically observable name/attribute; receiver review in DELIVERY
src/inresearch/storage/catalog.py,Catalog.conn,204,tests/unit/test_reading_results.py,131,self.reader.conn,statically observable name/attribute; receiver review in DELIVERY
src/inresearch/storage/catalog.py,Catalog.conn,204,tests/unit/test_reading_results.py,140,self.reader.conn,statically observable name/attribute; receiver review in DELIVERY
src/inresearch/storage/catalog.py,Catalog.conn,204,tests/unit/test_reading_results.py,150,self.reader.conn,statically observable name/attribute; receiver review in DELIVERY
src/inresearch/storage/catalog.py,Catalog.conn,204,tests/unit/test_reading_results.py,155,self.reader.conn,statically observable name/attribute; receiver review in DELIVERY
src/inresearch/storage/catalog.py,Catalog.conn,204,tests/unit/test_reading_results.py,156,self.reader.conn,statically observable name/attribute; receiver review in DELIVERY
src/inresearch/storage/catalog.py,Catalog.conn,204,tests/unit/test_reading_results.py,164,catalog.conn,statically observable name/attribute; receiver review in DELIVERY
src/inresearch/storage/catalog.py,Catalog.conn,204,tests/unit/test_reading_results.py,187,self.reader.conn,statically observable name/attribute; receiver review in DELIVERY
src/inresearch/storage/catalog.py,Catalog.conn,204,tests/unit/test_reading_revisions.py,82,self.r.conn,statically observable name/attribute; receiver review in DELIVERY
src/inresearch/storage/catalog.py,Catalog.conn,204,tests/unit/test_reading_revisions.py,83,self.r.conn,statically observable name/attribute; receiver review in DELIVERY
src/inresearch/storage/catalog.py,Catalog.conn,204,tests/unit/test_reading_revisions.py,102,self.r.conn,statically observable name/attribute; receiver review in DELIVERY
src/inresearch/storage/catalog.py,Catalog.conn,204,tests/unit/test_reading_revisions.py,103,self.r.conn,statically observable name/attribute; receiver review in DELIVERY
src/inresearch/storage/catalog.py,Catalog.conn,204,tests/unit/test_reading_revisions.py,196,self.r.conn,statically observable name/attribute; receiver review in DELIVERY
src/inresearch/storage/catalog.py,Catalog.conn,204,tests/unit/test_reading_revisions.py,233,reader.conn,statically observable name/attribute; receiver review in DELIVERY
src/inresearch/storage/catalog.py,Catalog.enqueue,178,src/inresearch/workflow/reader.py,147,self.catalog.enqueue,statically observable name/attribute; receiver review in DELIVERY
src/inresearch/storage/catalog.py,Catalog.enqueue,178,src/inresearch/workflow/reading_revisions.py,35,self.catalog.enqueue,statically observable name/attribute; receiver review in DELIVERY
src/inresearch/storage/catalog.py,Catalog.initialize,94,src/inresearch/delivery/publish.py,35,"Reader(model=model, data_root=os.environ.get('READER_DATA_ROOT'), state_root=state, repo_root=os.environ.get('READER_REPO_ROOT')).initialize",statically observable name/attribute; receiver review in DELIVERY
src/inresearch/storage/catalog.py,Catalog.initialize,94,src/inresearch/interfaces/reader.py,76,reader.initialize,statically observable name/attribute; receiver review in DELIVERY
src/inresearch/storage/catalog.py,Catalog.initialize,94,src/inresearch/workflow/reader.py,97,self.catalog.initialize,statically observable name/attribute; receiver review in DELIVERY
src/inresearch/storage/catalog.py,Catalog.initialize,94,tests/unit/test_catalog_migration.py,91,"Reader(self.data, self.base / 'state', self.base / 'repo', fixtures.Model(), 0, 200).initialize",statically observable name/attribute; receiver review in DELIVERY
src/inresearch/storage/catalog.py,Catalog.initialize,94,tests/unit/test_catalog_migration.py,95,self.initialize,statically observable name/attribute; receiver review in DELIVERY
src/inresearch/storage/catalog.py,Catalog.initialize,94,tests/unit/test_catalog_migration.py,117,self.initialize,statically observable name/attribute; receiver review in DELIVERY
src/inresearch/storage/catalog.py,Catalog.initialize,94,tests/unit/test_catalog_migration.py,126,self.initialize,statically observable name/attribute; receiver review in DELIVERY
src/inresearch/storage/catalog.py,Catalog.initialize,94,tests/unit/test_catalog_migration.py,133,self.initialize,statically observable name/attribute; receiver review in DELIVERY
src/inresearch/storage/catalog.py,Catalog.initialize,94,tests/unit/test_catalog_migration.py,136,self.initialize,statically observable name/attribute; receiver review in DELIVERY
src/inresearch/storage/catalog.py,Catalog.initialize,94,tests/unit/test_catalog_migration.py,150,self.initialize,statically observable name/attribute; receiver review in DELIVERY
src/inresearch/storage/catalog.py,Catalog.initialize,94,tests/unit/test_catalog_migration.py,158,self.initialize,statically observable name/attribute; receiver review in DELIVERY
src/inresearch/storage/catalog.py,Catalog.initialize,94,tests/unit/test_continuous_reader.py,74,"cr.Reader(self.base / 'data', state or self.base / 'state', self.base / 'repo', model or self.model, stable, chunks, self.clock).initialize",statically observable name/attribute; receiver review in DELIVERY
src/inresearch/storage/catalog.py,Catalog.initialize,94,tests/unit/test_continuous_reader.py,561,"cr.Reader(restored_root, self.base / 'restored-state', self.base / 'repo', self.model, 0, 200, self.clock).initialize",statically observable name/attribute; receiver review in DELIVERY
src/inresearch/storage/catalog.py,Catalog.initialize,94,tests/unit/test_reading_results.py,161,catalog.initialize,statically observable name/attribute; receiver review in DELIVERY
src/inresearch/storage/catalog.py,Catalog.initialize,94,tests/unit/test_reading_revisions.py,19,"Reader(Path(base) / 'data', Path(base) / 'state', Path(base) / 'repo', fixtures.Model(), 0, 200, fixtures.Clock()).initialize",statically observable name/attribute; receiver review in DELIVERY
src/inresearch/storage/catalog.py,Catalog.initialize,94,tests/unit/test_reading_revisions.py,226,"Reader(restored, self.f.base / 'restore-state', self.f.base / 'repo', model, 0, 200, self.f.clock).initialize",statically observable name/attribute; receiver review in DELIVERY
src/inresearch/storage/catalog.py,Catalog.insert_run,175,src/inresearch/storage/catalog.py,163,self.insert_run,statically observable name/attribute; receiver review in DELIVERY
src/inresearch/storage/catalog.py,Catalog.insert_run,175,src/inresearch/workflow/reading_revisions.py,34,self.catalog.insert_run,statically observable name/attribute; receiver review in DELIVERY
src/inresearch/storage/catalog.py,Catalog.read_snapshot,193,src/inresearch/workflow/reader.py,76,self.catalog.read_snapshot,statically observable name/attribute; receiver review in DELIVERY
src/inresearch/storage/catalog.py,Catalog.read_snapshot,193,src/inresearch/workflow/reader.py,80,self.catalog.read_snapshot,statically observable name/attribute; receiver review in DELIVERY
src/inresearch/storage/catalog.py,Catalog.read_snapshot,193,src/inresearch/workflow/reading_results.py,27,catalog.read_snapshot,statically observable name/attribute; receiver review in DELIVERY
src/inresearch/storage/catalog.py,Catalog.read_snapshot,193,src/inresearch/workflow/reading_revisions.py,60,self.catalog.read_snapshot,statically observable name/attribute; receiver review in DELIVERY
src/inresearch/storage/catalog.py,Catalog.read_snapshot,193,src/inresearch/workflow/reading_revisions.py,70,self.catalog.read_snapshot,statically observable name/attribute; receiver review in DELIVERY
src/inresearch/storage/catalog.py,Catalog.reading,183,src/inresearch/workflow/reader.py,123,self.catalog.reading,statically observable name/attribute; receiver review in DELIVERY
src/inresearch/storage/catalog.py,Catalog.reading,183,src/inresearch/workflow/reading_revisions.py,48,self.catalog.reading,statically observable name/attribute; receiver review in DELIVERY
src/inresearch/storage/catalog.py,Catalog.reading,183,src/inresearch/workflow/reading_revisions.py,71,self.catalog.reading,statically observable name/attribute; receiver review in DELIVERY
src/inresearch/storage/catalog.py,Catalog.transaction,242,src/inresearch/storage/catalog.py,112,self.transaction,statically observable name/attribute; receiver review in DELIVERY
src/inresearch/storage/catalog.py,Catalog.transaction,242,src/inresearch/workflow/reader.py,66,self.catalog.transaction,statically observable name/attribute; receiver review in DELIVERY
src/inresearch/storage/catalog.py,Catalog.transaction,242,src/inresearch/workflow/reader.py,112,self.transaction,statically observable name/attribute; receiver review in DELIVERY
src/inresearch/storage/catalog.py,Catalog.transaction,242,src/inresearch/workflow/reader.py,184,self.transaction,statically observable name/attribute; receiver review in DELIVERY
src/inresearch/storage/catalog.py,Catalog.transaction,242,src/inresearch/workflow/reader.py,265,self.transaction,statically observable name/attribute; receiver review in DELIVERY
src/inresearch/storage/catalog.py,Catalog.transaction,242,src/inresearch/workflow/reader.py,305,self.transaction,statically observable name/attribute; receiver review in DELIVERY
src/inresearch/storage/catalog.py,Catalog.transaction,242,src/inresearch/workflow/reader.py,394,self.transaction,statically observable name/attribute; receiver review in DELIVERY
src/inresearch/storage/catalog.py,Catalog.transaction,242,src/inresearch/workflow/reader.py,409,self.transaction,statically observable name/attribute; receiver review in DELIVERY
src/inresearch/storage/catalog.py,Catalog.transaction,242,src/inresearch/workflow/reader.py,470,self.transaction,statically observable name/attribute; receiver review in DELIVERY
src/inresearch/storage/catalog.py,Catalog.transaction,242,src/inresearch/workflow/reader.py,482,self.transaction,statically observable name/attribute; receiver review in DELIVERY
src/inresearch/storage/catalog.py,Catalog.transaction,242,src/inresearch/workflow/reader.py,495,self.transaction,statically observable name/attribute; receiver review in DELIVERY
src/inresearch/storage/catalog.py,Catalog.transaction,242,src/inresearch/workflow/reading_revisions.py,42,self.catalog.transaction,statically observable name/attribute; receiver review in DELIVERY
src/inresearch/storage/catalog.py,Catalog.transaction,242,src/inresearch/workflow/reading_revisions.py,79,self.catalog.transaction,statically observable name/attribute; receiver review in DELIVERY
src/inresearch/storage/catalog.py,Catalog.transaction,242,src/inresearch/workflow/reading_revisions.py,102,self.catalog.transaction,statically observable name/attribute; receiver review in DELIVERY
src/inresearch/storage/catalog.py,Catalog.transaction,242,tests/unit/test_reading_results.py,163,catalog.transaction,statically observable name/attribute; receiver review in DELIVERY
src/inresearch/storage/catalog.py,Catalog.transaction,242,tests/unit/test_reading_revisions.py,155,self.r.catalog.transaction,statically observable name/attribute; receiver review in DELIVERY
src/inresearch/storage/catalog.py,Catalog.transaction,242,tests/unit/test_reading_revisions.py,158,transaction,statically observable name/attribute; receiver review in DELIVERY
src/inresearch/storage/catalog.py,statements,80,src/inresearch/storage/catalog.py,116,statements,statically observable name/attribute; receiver review in DELIVERY
src/inresearch/storage/catalog.py,statements,80,src/inresearch/storage/catalog.py,147,statements,statically observable name/attribute; receiver review in DELIVERY
src/inresearch/storage/catalog.py,statements,80,src/inresearch/storage/catalog.py,148,statements,statically observable name/attribute; receiver review in DELIVERY
src/inresearch/storage/catalog.py,statements,80,src/inresearch/storage/catalog.py,173,statements,statically observable name/attribute; receiver review in DELIVERY
src/inresearch/workflow/deep_read.py,CompletionPending,32,src/inresearch/workflow/deep_read.py,216,CompletionPending,statically observable name/attribute; receiver review in DELIVERY
src/inresearch/workflow/deep_read.py,CompletionPending,32,src/inresearch/workflow/deep_read.py,268,CompletionPending,statically observable name/attribute; receiver review in DELIVERY
src/inresearch/workflow/deep_read.py,DeepRead,38,src/inresearch/interfaces/deep_read.py,174,DeepRead,statically observable name/attribute; receiver review in DELIVERY
src/inresearch/workflow/deep_read.py,DeepRead,38,tests/unit/deep_read_fixtures.py,16,DeepRead,statically observable name/attribute; receiver review in DELIVERY
src/inresearch/workflow/deep_read.py,DeepRead,38,tests/unit/test_deep_read_transactions.py,31,DeepRead,statically observable name/attribute; receiver review in DELIVERY
src/inresearch/workflow/deep_read.py,DeepRead,38,tests/unit/test_reading_results.py,40,DeepRead,statically observable name/attribute; receiver review in DELIVERY
src/inresearch/workflow/deep_read.py,DeepRead.all_results,69,src/inresearch/interfaces/deep_read.py,91,app.all_results,statically observable name/attribute; receiver review in DELIVERY
src/inresearch/workflow/deep_read.py,DeepRead.all_results,69,src/inresearch/interfaces/deep_read.py,103,app.all_results,statically observable name/attribute; receiver review in DELIVERY
src/inresearch/workflow/deep_read.py,DeepRead.all_results,69,src/inresearch/workflow/deep_read.py,73,self.all_results,statically observable name/attribute; receiver review in DELIVERY
src/inresearch/workflow/deep_read.py,DeepRead.all_results,69,src/inresearch/workflow/deep_read.py,103,self.all_results,statically observable name/attribute; receiver review in DELIVERY
src/inresearch/workflow/deep_read.py,DeepRead.all_results,69,src/inresearch/workflow/deep_read.py,165,self.all_results,statically observable name/attribute; receiver review in DELIVERY
src/inresearch/workflow/deep_read.py,DeepRead.all_results,69,src/inresearch/workflow/deep_read.py,284,self.all_results,statically observable name/attribute; receiver review in DELIVERY
src/inresearch/workflow/deep_read.py,DeepRead.all_results,69,tests/unit/test_deep_read.py,29,L2.all_results,statically observable name/attribute; receiver review in DELIVERY
src/inresearch/workflow/deep_read.py,DeepRead.all_results,69,tests/unit/test_deep_read.py,37,L2.all_results,statically observable name/attribute; receiver review in DELIVERY
src/inresearch/workflow/deep_read.py,DeepRead.all_results,69,tests/unit/test_deep_read.py,40,L2.all_results,statically observable name/attribute; receiver review in DELIVERY
src/inresearch/workflow/deep_read.py,DeepRead.all_results,69,tests/unit/test_deep_read.py,183,L2.all_results,statically observable name/attribute; receiver review in DELIVERY
src/inresearch/workflow/deep_read.py,DeepRead.all_results,69,tests/unit/test_deep_read.py,210,L2.all_results,statically observable name/attribute; receiver review in DELIVERY
src/inresearch/workflow/deep_read.py,DeepRead.all_results,69,tests/unit/test_deep_read.py,347,L2.all_results,statically observable name/attribute; receiver review in DELIVERY
src/inresearch/workflow/deep_read.py,DeepRead.all_results,69,tests/unit/test_deep_read.py,351,L2.all_results,statically observable name/attribute; receiver review in DELIVERY
src/inresearch/workflow/deep_read.py,DeepRead.all_results,69,tests/unit/test_deep_read.py,360,L2.all_results,statically observable name/attribute; receiver review in DELIVERY
src/inresearch/workflow/deep_read.py,DeepRead.all_results,69,tests/unit/test_deep_read.py,422,L2.all_results,statically observable name/attribute; receiver review in DELIVERY
src/inresearch/workflow/deep_read.py,DeepRead.all_results,69,tests/unit/test_deep_read.py,425,L2.all_results,statically observable name/attribute; receiver review in DELIVERY
src/inresearch/workflow/deep_read.py,DeepRead.all_results,69,tests/unit/test_deep_read.py,429,L2.all_results,statically observable name/attribute; receiver review in DELIVERY
src/inresearch/workflow/deep_read.py,DeepRead.all_results,69,tests/unit/test_deep_read.py,464,L2.all_results,statically observable name/attribute; receiver review in DELIVERY
src/inresearch/workflow/deep_read.py,DeepRead.all_results,69,tests/unit/test_deep_read.py,466,L2.all_results,statically observable name/attribute; receiver review in DELIVERY
src/inresearch/workflow/deep_read.py,DeepRead.all_results,69,tests/unit/test_deep_read.py,471,L2.all_results,statically observable name/attribute; receiver review in DELIVERY
src/inresearch/workflow/deep_read.py,DeepRead.all_results,69,tests/unit/test_deep_read.py,517,L2.all_results,statically observable name/attribute; receiver review in DELIVERY
src/inresearch/workflow/deep_read.py,DeepRead.all_results,69,tests/unit/test_deep_read.py,932,L2.all_results,statically observable name/attribute; receiver review in DELIVERY
src/inresearch/workflow/deep_read.py,DeepRead.all_results,69,tests/unit/test_deep_read_transactions.py,217,self.app.all_results,statically observable name/attribute; receiver review in DELIVERY
src/inresearch/workflow/deep_read.py,DeepRead.all_results,69,tests/unit/test_deep_read_transactions.py,218,self.app.all_results,statically observable name/attribute; receiver review in DELIVERY
src/inresearch/workflow/deep_read.py,DeepRead.all_results,69,tests/unit/test_fact_contract.py,345,L2.all_results,statically observable name/attribute; receiver review in DELIVERY
src/inresearch/workflow/deep_read.py,DeepRead.all_results,69,tests/unit/test_fact_contract.py,346,L2.all_results,statically observable name/attribute; receiver review in DELIVERY
src/inresearch/workflow/deep_read.py,DeepRead.all_results,69,tests/unit/test_fact_contract.py,353,L2.all_results,statically observable name/attribute; receiver review in DELIVERY
src/inresearch/workflow/deep_read.py,DeepRead.attribute,221,src/inresearch/interfaces/deep_read.py,42,app.attribute,statically observable name/attribute; receiver review in DELIVERY
src/inresearch/workflow/deep_read.py,DeepRead.attribute,221,tests/unit/test_deep_read.py,231,self.attribute,statically observable name/attribute; receiver review in DELIVERY
src/inresearch/workflow/deep_read.py,DeepRead.attribute,221,tests/unit/test_deep_read.py,237,self.attribute,statically observable name/attribute; receiver review in DELIVERY
src/inresearch/workflow/deep_read.py,DeepRead.attribute,221,tests/unit/test_deep_read.py,247,self.attribute,statically observable name/attribute; receiver review in DELIVERY
src/inresearch/workflow/deep_read.py,DeepRead.attribute,221,tests/unit/test_deep_read.py,254,self.attribute,statically observable name/attribute; receiver review in DELIVERY
src/inresearch/workflow/deep_read.py,DeepRead.attribute,221,tests/unit/test_deep_read.py,261,self.attribute,statically observable name/attribute; receiver review in DELIVERY
src/inresearch/workflow/deep_read.py,DeepRead.attribute,221,tests/unit/test_deep_read.py,265,self.attribute,statically observable name/attribute; receiver review in DELIVERY
src/inresearch/workflow/deep_read.py,DeepRead.attribute,221,tests/unit/test_deep_read.py,269,self.attribute,statically observable name/attribute; receiver review in DELIVERY
src/inresearch/workflow/deep_read.py,DeepRead.attribute,221,tests/unit/test_deep_read.py,273,self.attribute,statically observable name/attribute; receiver review in DELIVERY
src/inresearch/workflow/deep_read.py,DeepRead.attribute,221,tests/unit/test_deep_read.py,276,self.attribute,statically observable name/attribute; receiver review in DELIVERY
src/inresearch/workflow/deep_read.py,DeepRead.attribute,221,tests/unit/test_deep_read_transactions.py,41,app.attribute,statically observable name/attribute; receiver review in DELIVERY
src/inresearch/workflow/deep_read.py,DeepRead.attribute,221,tests/unit/test_deep_read_transactions.py,214,self.app.attribute,statically observable name/attribute; receiver review in DELIVERY
src/inresearch/workflow/deep_read.py,DeepRead.backfill_provenance,272,src/inresearch/interfaces/deep_read.py,67,app.backfill_provenance,statically observable name/attribute; receiver review in DELIVERY
src/inresearch/workflow/deep_read.py,DeepRead.backfill_provenance,272,tests/unit/test_deep_read.py,838,L2.backfill_provenance,statically observable name/attribute; receiver review in DELIVERY
src/inresearch/workflow/deep_read.py,DeepRead.backfill_provenance,272,tests/unit/test_deep_read_transactions.py,290,self.app.backfill_provenance,statically observable name/attribute; receiver review in DELIVERY
src/inresearch/workflow/deep_read.py,DeepRead.backfill_provenance,272,tests/unit/test_deep_read_transactions.py,291,self.app.backfill_provenance,statically observable name/attribute; receiver review in DELIVERY
src/inresearch/workflow/deep_read.py,DeepRead.backfill_provenance,272,tests/unit/test_deep_read_transactions.py,295,self.app.backfill_provenance,statically observable name/attribute; receiver review in DELIVERY
src/inresearch/workflow/deep_read.py,DeepRead.backfill_provenance,272,tests/unit/test_deep_read_transactions.py,297,self.app.backfill_provenance,statically observable name/attribute; receiver review in DELIVERY
src/inresearch/workflow/deep_read.py,DeepRead.backfill_provenance,272,tests/unit/test_deep_read_transactions.py,298,self.app.backfill_provenance,statically observable name/attribute; receiver review in DELIVERY
src/inresearch/workflow/deep_read.py,DeepRead.backfill_provenance,272,tests/unit/test_deep_read_transactions.py,302,self.app.backfill_provenance,statically observable name/attribute; receiver review in DELIVERY
src/inresearch/workflow/deep_read.py,DeepRead.backfill_provenance,272,tests/unit/test_deep_read_transactions.py,305,self.app.backfill_provenance,statically observable name/attribute; receiver review in DELIVERY
src/inresearch/workflow/deep_read.py,DeepRead.backfill_provenance,272,tests/unit/test_deep_read_transactions.py,307,self.app.backfill_provenance,statically observable name/attribute; receiver review in DELIVERY
src/inresearch/workflow/deep_read.py,DeepRead.coverage,94,src/inresearch/interfaces/deep_read.py,82,app.coverage,statically observable name/attribute; receiver review in DELIVERY
src/inresearch/workflow/deep_read.py,DeepRead.coverage,94,src/inresearch/workflow/deep_read.py,102,self.coverage,statically observable name/attribute; receiver review in DELIVERY
src/inresearch/workflow/deep_read.py,DeepRead.current,98,src/inresearch/interfaces/deep_read.py,177,app.current,statically observable name/attribute; receiver review in DELIVERY
src/inresearch/workflow/deep_read.py,DeepRead.current,98,src/inresearch/interfaces/reader.py,59,ReadingResults(args.data_root).current,statically observable name/attribute; receiver review in DELIVERY
src/inresearch/workflow/deep_read.py,DeepRead.current,98,src/inresearch/workflow/deep_read.py,99,self.readings.current,statically observable name/attribute; receiver review in DELIVERY
src/inresearch/workflow/deep_read.py,DeepRead.current,98,src/inresearch/workflow/deep_read.py,125,self.readings.current,statically observable name/attribute; receiver review in DELIVERY
src/inresearch/workflow/deep_read.py,DeepRead.current,98,src/inresearch/workflow/reading_gaps.py,17,self.current,statically observable name/attribute; receiver review in DELIVERY
src/inresearch/workflow/deep_read.py,DeepRead.current,98,src/inresearch/workflow/reading_gaps.py,31,self.current,statically observable name/attribute; receiver review in DELIVERY
src/inresearch/workflow/deep_read.py,DeepRead.current,98,src/inresearch/workflow/reading_gaps.py,48,self.current,statically observable name/attribute; receiver review in DELIVERY
src/inresearch/workflow/deep_read.py,DeepRead.current,98,tests/unit/test_deep_read_transactions.py,168,self.app.gaps.current,statically observable name/attribute; receiver review in DELIVERY
src/inresearch/workflow/deep_read.py,DeepRead.current,98,tests/unit/test_deep_read_transactions.py,203,self.app.gaps.current,statically observable name/attribute; receiver review in DELIVERY
src/inresearch/workflow/deep_read.py,DeepRead.current,98,tests/unit/test_reading_results.py,106,self.app.current,statically observable name/attribute; receiver review in DELIVERY
src/inresearch/workflow/deep_read.py,DeepRead.current,98,tests/unit/test_reading_results.py,118,service.current,statically observable name/attribute; receiver review in DELIVERY
src/inresearch/workflow/deep_read.py,DeepRead.current,98,tests/unit/test_reading_results.py,124,ReadingResults().current,statically observable name/attribute; receiver review in DELIVERY
src/inresearch/workflow/deep_read.py,DeepRead.current,98,tests/unit/test_reading_results.py,125,ReadingResults(self.f.base / 'different').current,statically observable name/attribute; receiver review in DELIVERY
src/inresearch/workflow/deep_read.py,DeepRead.current,98,tests/unit/test_reading_results.py,126,self.results.current,statically observable name/attribute; receiver review in DELIVERY
src/inresearch/workflow/deep_read.py,DeepRead.current,98,tests/unit/test_reading_results.py,128,self.results.current,statically observable name/attribute; receiver review in DELIVERY
src/inresearch/workflow/deep_read.py,DeepRead.current,98,tests/unit/test_reading_results.py,132,self.results.current,statically observable name/attribute; receiver review in DELIVERY
src/inresearch/workflow/deep_read.py,DeepRead.current,98,tests/unit/test_reading_results.py,142,self.results.current,statically observable name/attribute; receiver review in DELIVERY
src/inresearch/workflow/deep_read.py,DeepRead.current,98,tests/unit/test_reading_results.py,153,self.results.current,statically observable name/attribute; receiver review in DELIVERY
src/inresearch/workflow/deep_read.py,DeepRead.current,98,tests/unit/test_reading_results.py,181,self.results.current,statically observable name/attribute; receiver review in DELIVERY
src/inresearch/workflow/deep_read.py,DeepRead.current,98,tests/unit/test_reading_results.py,183,self.results.current,statically observable name/attribute; receiver review in DELIVERY
src/inresearch/workflow/deep_read.py,DeepRead.current,98,tests/unit/test_reading_results.py,189,self.results.current,statically observable name/attribute; receiver review in DELIVERY
src/inresearch/workflow/deep_read.py,DeepRead.current,98,tests/unit/test_reading_results.py,204,self.results.current,statically observable name/attribute; receiver review in DELIVERY
src/inresearch/workflow/deep_read.py,DeepRead.current,98,tests/unit/test_reading_results.py,207,self.app.current,statically observable name/attribute; receiver review in DELIVERY
src/inresearch/workflow/deep_read.py,DeepRead.current,98,tests/unit/test_reading_results.py,209,self.app.current,statically observable name/attribute; receiver review in DELIVERY
src/inresearch/workflow/deep_read.py,DeepRead.current,98,tests/unit/test_reading_results.py,229,self.app.current,statically observable name/attribute; receiver review in DELIVERY
src/inresearch/workflow/deep_read.py,DeepRead.eligible,101,src/inresearch/interfaces/deep_read.py,86,app.eligible,statically observable name/attribute; receiver review in DELIVERY
src/inresearch/workflow/deep_read.py,DeepRead.eligible,101,src/inresearch/workflow/deep_read.py,117,self.eligible,statically observable name/attribute; receiver review in DELIVERY
src/inresearch/workflow/deep_read.py,DeepRead.eligible,101,src/inresearch/workflow/reading_queue.py,42,eligible,statically observable name/attribute; receiver review in DELIVERY
src/inresearch/workflow/deep_read.py,DeepRead.eligible,101,tests/unit/test_deep_read.py,173,L2.eligible,statically observable name/attribute; receiver review in DELIVERY
src/inresearch/workflow/deep_read.py,DeepRead.eligible,101,tests/unit/test_deep_read.py,284,L2.eligible,statically observable name/attribute; receiver review in DELIVERY
src/inresearch/workflow/deep_read.py,DeepRead.eligible,101,tests/unit/test_deep_read.py,286,L2.eligible,statically observable name/attribute; receiver review in DELIVERY
src/inresearch/workflow/deep_read.py,DeepRead.eligible,101,tests/unit/test_deep_read.py,302,L2.eligible,statically observable name/attribute; receiver review in DELIVERY
src/inresearch/workflow/deep_read.py,DeepRead.eligible,101,tests/unit/test_deep_read.py,346,L2.eligible,statically observable name/attribute; receiver review in DELIVERY
src/inresearch/workflow/deep_read.py,DeepRead.eligible,101,tests/unit/test_deep_read.py,348,L2.eligible,statically observable name/attribute; receiver review in DELIVERY
src/inresearch/workflow/deep_read.py,DeepRead.eligible,101,tests/unit/test_deep_read.py,359,L2.eligible,statically observable name/attribute; receiver review in DELIVERY
src/inresearch/workflow/deep_read.py,DeepRead.eligible,101,tests/unit/test_deep_read.py,475,L2.eligible,statically observable name/attribute; receiver review in DELIVERY
src/inresearch/workflow/deep_read.py,DeepRead.eligible,101,tests/unit/test_deep_read.py,478,L2.eligible,statically observable name/attribute; receiver review in DELIVERY
src/inresearch/workflow/deep_read.py,DeepRead.eligible,101,tests/unit/test_deep_read.py,529,L2.eligible,statically observable name/attribute; receiver review in DELIVERY
src/inresearch/workflow/deep_read.py,DeepRead.eligible,101,tests/unit/test_deep_read.py,534,L2.eligible,statically observable name/attribute; receiver review in DELIVERY
src/inresearch/workflow/deep_read.py,DeepRead.eligible,101,tests/unit/test_deep_read.py,551,L2.eligible,statically observable name/attribute; receiver review in DELIVERY
src/inresearch/workflow/deep_read.py,DeepRead.eligible,101,tests/unit/test_deep_read.py,557,L2.eligible,statically observable name/attribute; receiver review in DELIVERY
src/inresearch/workflow/deep_read.py,DeepRead.eligible,101,tests/unit/test_deep_read.py,563,L2.eligible,statically observable name/attribute; receiver review in DELIVERY
src/inresearch/workflow/deep_read.py,DeepRead.eligible,101,tests/unit/test_deep_read.py,620,L2.eligible,statically observable name/attribute; receiver review in DELIVERY
src/inresearch/workflow/deep_read.py,DeepRead.eligible,101,tests/unit/test_deep_read.py,622,L2.eligible,statically observable name/attribute; receiver review in DELIVERY
src/inresearch/workflow/deep_read.py,DeepRead.eligible,101,tests/unit/test_deep_read.py,742,L2.eligible,statically observable name/attribute; receiver review in DELIVERY
src/inresearch/workflow/deep_read.py,DeepRead.eligible,101,tests/unit/test_deep_read.py,752,L2.eligible,statically observable name/attribute; receiver review in DELIVERY
src/inresearch/workflow/deep_read.py,DeepRead.eligible,101,tests/unit/test_deep_read.py,764,L2.eligible,statically observable name/attribute; receiver review in DELIVERY
src/inresearch/workflow/deep_read.py,DeepRead.eligible,101,tests/unit/test_deep_read_transactions.py,229,self.app.eligible,statically observable name/attribute; receiver review in DELIVERY
src/inresearch/workflow/deep_read.py,DeepRead.eligible,101,tests/unit/test_deep_read_transactions.py,231,self.app.eligible,statically observable name/attribute; receiver review in DELIVERY
src/inresearch/workflow/deep_read.py,DeepRead.eligible,101,tests/unit/test_deep_read_transactions.py,353,self.app.eligible,statically observable name/attribute; receiver review in DELIVERY
src/inresearch/workflow/deep_read.py,DeepRead.eligible,101,tests/unit/test_fact_contract.py,351,L2.eligible,statically observable name/attribute; receiver review in DELIVERY
src/inresearch/workflow/deep_read.py,DeepRead.eligible,101,tests/unit/test_research.py,115,reading_queue.eligible,statically observable name/attribute; receiver review in DELIVERY
src/inresearch/workflow/deep_read.py,DeepRead.flag,244,src/inresearch/interfaces/deep_read.py,47,app.flag,statically observable name/attribute; receiver review in DELIVERY
src/inresearch/workflow/deep_read.py,DeepRead.flag,244,tests/unit/test_deep_read.py,532,self.flag,statically observable name/attribute; receiver review in DELIVERY
src/inresearch/workflow/deep_read.py,DeepRead.flag,244,tests/unit/test_deep_read.py,537,self.flag,statically observable name/attribute; receiver review in DELIVERY
src/inresearch/workflow/deep_read.py,DeepRead.flag,244,tests/unit/test_deep_read.py,541,self.flag,statically observable name/attribute; receiver review in DELIVERY
src/inresearch/workflow/deep_read.py,DeepRead.flag,244,tests/unit/test_deep_read.py,544,self.flag,statically observable name/attribute; receiver review in DELIVERY
src/inresearch/workflow/deep_read.py,DeepRead.flag,244,tests/unit/test_deep_read.py,550,self.flag,statically observable name/attribute; receiver review in DELIVERY
src/inresearch/workflow/deep_read.py,DeepRead.flag,244,tests/unit/test_deep_read.py,554,self.flag,statically observable name/attribute; receiver review in DELIVERY
src/inresearch/workflow/deep_read.py,DeepRead.flag,244,tests/unit/test_deep_read.py,555,self.flag,statically observable name/attribute; receiver review in DELIVERY
src/inresearch/workflow/deep_read.py,DeepRead.flag,244,tests/unit/test_deep_read.py,560,self.flag,statically observable name/attribute; receiver review in DELIVERY
src/inresearch/workflow/deep_read.py,DeepRead.flag,244,tests/unit/test_deep_read.py,561,self.flag,statically observable name/attribute; receiver review in DELIVERY
src/inresearch/workflow/deep_read.py,DeepRead.flag,244,tests/unit/test_deep_read.py,562,self.flag,statically observable name/attribute; receiver review in DELIVERY
src/inresearch/workflow/deep_read.py,DeepRead.flag,244,tests/unit/test_deep_read.py,567,self.flag,statically observable name/attribute; receiver review in DELIVERY
src/inresearch/workflow/deep_read.py,DeepRead.flag,244,tests/unit/test_deep_read.py,570,self.flag,statically observable name/attribute; receiver review in DELIVERY
src/inresearch/workflow/deep_read.py,DeepRead.flag,244,tests/unit/test_deep_read_transactions.py,216,self.app.flag,statically observable name/attribute; receiver review in DELIVERY
src/inresearch/workflow/deep_read.py,DeepRead.load_facts,66,src/inresearch/interfaces/deep_read.py,90,app.load_facts,statically observable name/attribute; receiver review in DELIVERY
src/inresearch/workflow/deep_read.py,DeepRead.load_facts,66,src/inresearch/workflow/deep_read.py,96,self.load_facts,statically observable name/attribute; receiver review in DELIVERY
src/inresearch/workflow/deep_read.py,DeepRead.load_facts,66,src/inresearch/workflow/deep_read.py,169,self.load_facts,statically observable name/attribute; receiver review in DELIVERY
src/inresearch/workflow/deep_read.py,DeepRead.load_facts,66,src/inresearch/workflow/deep_read.py,280,self.load_facts,statically observable name/attribute; receiver review in DELIVERY
src/inresearch/workflow/deep_read.py,DeepRead.load_facts,66,src/inresearch/workflow/deep_read.py,297,self.load_facts,statically observable name/attribute; receiver review in DELIVERY
src/inresearch/workflow/deep_read.py,DeepRead.load_facts,66,src/inresearch/workflow/submissions.py,285,load_facts,statically observable name/attribute; receiver review in DELIVERY
src/inresearch/workflow/deep_read.py,DeepRead.load_facts,66,src/inresearch/workflow/submissions.py,325,load_facts,statically observable name/attribute; receiver review in DELIVERY
src/inresearch/workflow/deep_read.py,DeepRead.load_facts,66,tests/unit/test_deep_read.py,285,L2.load_facts,statically observable name/attribute; receiver review in DELIVERY
src/inresearch/workflow/deep_read.py,DeepRead.load_facts,66,tests/unit/test_deep_read.py,292,L2.load_facts,statically observable name/attribute; receiver review in DELIVERY
src/inresearch/workflow/deep_read.py,DeepRead.load_facts,66,tests/unit/test_deep_read.py,303,L2.load_facts,statically observable name/attribute; receiver review in DELIVERY
src/inresearch/workflow/deep_read.py,DeepRead.load_facts,66,tests/unit/test_deep_read.py,346,L2.load_facts,statically observable name/attribute; receiver review in DELIVERY
src/inresearch/workflow/deep_read.py,DeepRead.load_facts,66,tests/unit/test_deep_read.py,350,L2.load_facts,statically observable name/attribute; receiver review in DELIVERY
src/inresearch/workflow/deep_read.py,DeepRead.load_facts,66,tests/unit/test_deep_read.py,359,L2.load_facts,statically observable name/attribute; receiver review in DELIVERY
src/inresearch/workflow/deep_read.py,DeepRead.load_facts,66,tests/unit/test_deep_read.py,464,L2.load_facts,statically observable name/attribute; receiver review in DELIVERY
src/inresearch/workflow/deep_read.py,DeepRead.load_facts,66,tests/unit/test_deep_read.py,467,L2.load_facts,statically observable name/attribute; receiver review in DELIVERY
src/inresearch/workflow/deep_read.py,DeepRead.load_facts,66,tests/unit/test_deep_read.py,471,L2.load_facts,statically observable name/attribute; receiver review in DELIVERY
src/inresearch/workflow/deep_read.py,DeepRead.load_facts,66,tests/unit/test_deep_read.py,504,L2.load_facts,statically observable name/attribute; receiver review in DELIVERY
src/inresearch/workflow/deep_read.py,DeepRead.load_facts,66,tests/unit/test_deep_read.py,507,L2.load_facts,statically observable name/attribute; receiver review in DELIVERY
src/inresearch/workflow/deep_read.py,DeepRead.load_facts,66,tests/unit/test_deep_read.py,511,L2.load_facts,statically observable name/attribute; receiver review in DELIVERY
src/inresearch/workflow/deep_read.py,DeepRead.load_facts,66,tests/unit/test_deep_read.py,594,L2.load_facts,statically observable name/attribute; receiver review in DELIVERY
src/inresearch/workflow/deep_read.py,DeepRead.load_facts,66,tests/unit/test_deep_read.py,599,L2.load_facts,statically observable name/attribute; receiver review in DELIVERY
src/inresearch/workflow/deep_read.py,DeepRead.load_facts,66,tests/unit/test_deep_read.py,603,L2.load_facts,statically observable name/attribute; receiver review in DELIVERY
src/inresearch/workflow/deep_read.py,DeepRead.load_facts,66,tests/unit/test_deep_read.py,744,L2.load_facts,statically observable name/attribute; receiver review in DELIVERY
src/inresearch/workflow/deep_read.py,DeepRead.load_facts,66,tests/unit/test_deep_read.py,757,L2.load_facts,statically observable name/attribute; receiver review in DELIVERY
src/inresearch/workflow/deep_read.py,DeepRead.load_facts,66,tests/unit/test_deep_read.py,765,L2.load_facts,statically observable name/attribute; receiver review in DELIVERY
src/inresearch/workflow/deep_read.py,DeepRead.load_facts,66,tests/unit/test_deep_read.py,921,L2.load_facts,statically observable name/attribute; receiver review in DELIVERY
src/inresearch/workflow/deep_read.py,DeepRead.load_facts,66,tests/unit/test_deep_read_transactions.py,103,self.app.load_facts,statically observable name/attribute; receiver review in DELIVERY
src/inresearch/workflow/deep_read.py,DeepRead.load_facts,66,tests/unit/test_deep_read_transactions.py,141,self.app.load_facts,statically observable name/attribute; receiver review in DELIVERY
src/inresearch/workflow/deep_read.py,DeepRead.load_facts,66,tests/unit/test_deep_read_transactions.py,152,self.app.load_facts,statically observable name/attribute; receiver review in DELIVERY
src/inresearch/workflow/deep_read.py,DeepRead.load_facts,66,tests/unit/test_deep_read_transactions.py,196,self.app.load_facts,statically observable name/attribute; receiver review in DELIVERY
src/inresearch/workflow/deep_read.py,DeepRead.load_facts,66,tests/unit/test_deep_read_transactions.py,292,self.app.load_facts,statically observable name/attribute; receiver review in DELIVERY
src/inresearch/workflow/deep_read.py,DeepRead.load_facts,66,tests/unit/test_deep_read_transactions.py,321,self.app.load_facts,statically observable name/attribute; receiver review in DELIVERY
src/inresearch/workflow/deep_read.py,DeepRead.load_facts,66,tests/unit/test_deep_read_transactions.py,328,self.app.load_facts,statically observable name/attribute; receiver review in DELIVERY
src/inresearch/workflow/deep_read.py,DeepRead.load_facts,66,tests/unit/test_deep_read_transactions.py,340,self.app.load_facts,statically observable name/attribute; receiver review in DELIVERY
src/inresearch/workflow/deep_read.py,DeepRead.load_facts,66,tests/unit/test_deep_read_transactions.py,344,self.app.load_facts,statically observable name/attribute; receiver review in DELIVERY
src/inresearch/workflow/deep_read.py,DeepRead.load_facts,66,tests/unit/test_fact_contract.py,345,L2.load_facts,statically observable name/attribute; receiver review in DELIVERY
src/inresearch/workflow/deep_read.py,DeepRead.load_facts,66,tests/unit/test_fact_contract.py,348,L2.load_facts,statically observable name/attribute; receiver review in DELIVERY
src/inresearch/workflow/deep_read.py,DeepRead.load_facts,66,tests/unit/test_fact_contract.py,353,L2.load_facts,statically observable name/attribute; receiver review in DELIVERY
src/inresearch/workflow/deep_read.py,DeepRead.load_facts,66,tests/unit/test_fact_contract.py,412,L2.load_facts,statically observable name/attribute; receiver review in DELIVERY
src/inresearch/workflow/deep_read.py,DeepRead.load_facts,66,tests/unit/test_fact_contract.py,1770,L2.load_facts,statically observable name/attribute; receiver review in DELIVERY
src/inresearch/workflow/deep_read.py,DeepRead.load_facts,66,tests/unit/test_fact_contract.py,1786,L2.load_facts,statically observable name/attribute; receiver review in DELIVERY
src/inresearch/workflow/deep_read.py,DeepRead.load_facts,66,tests/unit/test_fact_contract.py,1797,L2.load_facts,statically observable name/attribute; receiver review in DELIVERY
src/inresearch/workflow/deep_read.py,DeepRead.load_facts,66,tests/unit/test_fact_contract.py,1847,L2.load_facts,statically observable name/attribute; receiver review in DELIVERY
src/inresearch/workflow/deep_read.py,DeepRead.load_facts,66,tests/unit/test_fact_contract.py,1860,L2.load_facts,statically observable name/attribute; receiver review in DELIVERY
src/inresearch/workflow/deep_read.py,DeepRead.load_facts,66,tests/unit/test_fact_contract.py,1907,L2.load_facts,statically observable name/attribute; receiver review in DELIVERY
src/inresearch/workflow/deep_read.py,DeepRead.load_facts,66,tests/unit/test_fact_contract.py,2002,L2.load_facts,statically observable name/attribute; receiver review in DELIVERY
src/inresearch/workflow/deep_read.py,DeepRead.load_facts,66,tests/unit/test_fact_contract.py,2074,L2.load_facts,statically observable name/attribute; receiver review in DELIVERY
src/inresearch/workflow/deep_read.py,DeepRead.load_facts,66,tests/unit/test_fact_contract.py,2080,L2.load_facts,statically observable name/attribute; receiver review in DELIVERY
src/inresearch/workflow/deep_read.py,DeepRead.load_facts,66,tests/unit/test_fact_contract.py,2091,L2.load_facts,statically observable name/attribute; receiver review in DELIVERY
src/inresearch/workflow/deep_read.py,DeepRead.load_facts,66,tests/unit/test_fact_contract.py,2130,L2.load_facts,statically observable name/attribute; receiver review in DELIVERY
src/inresearch/workflow/deep_read.py,DeepRead.load_facts,66,tests/unit/test_fact_contract.py,2152,L2.load_facts,statically observable name/attribute; receiver review in DELIVERY
src/inresearch/workflow/deep_read.py,DeepRead.load_facts,66,tests/unit/test_fact_contract.py,2159,L2.load_facts,statically observable name/attribute; receiver review in DELIVERY
src/inresearch/workflow/deep_read.py,DeepRead.load_facts,66,tests/unit/test_fact_contract.py,2182,L2.load_facts,statically observable name/attribute; receiver review in DELIVERY
src/inresearch/workflow/deep_read.py,DeepRead.load_facts,66,tests/unit/test_fact_contract.py,2201,L2.load_facts,statically observable name/attribute; receiver review in DELIVERY
src/inresearch/workflow/deep_read.py,DeepRead.load_metrics,56,src/inresearch/interfaces/deep_read.py,88,app.load_metrics,statically observable name/attribute; receiver review in DELIVERY
src/inresearch/workflow/deep_read.py,DeepRead.load_metrics,56,src/inresearch/workflow/deep_read.py,95,self.load_metrics,statically observable name/attribute; receiver review in DELIVERY
src/inresearch/workflow/deep_read.py,DeepRead.load_metrics,56,src/inresearch/workflow/deep_read.py,139,self.load_metrics,statically observable name/attribute; receiver review in DELIVERY
src/inresearch/workflow/deep_read.py,DeepRead.load_metrics,56,src/inresearch/workflow/deep_read.py,169,self.load_metrics,statically observable name/attribute; receiver review in DELIVERY
src/inresearch/workflow/deep_read.py,DeepRead.load_metrics,56,src/inresearch/workflow/deep_read.py,297,self.load_metrics,statically observable name/attribute; receiver review in DELIVERY
src/inresearch/workflow/deep_read.py,DeepRead.load_metrics,56,tests/unit/test_deep_read.py,29,L2.load_metrics,statically observable name/attribute; receiver review in DELIVERY
src/inresearch/workflow/deep_read.py,DeepRead.load_metrics,56,tests/unit/test_deep_read.py,32,L2.load_metrics,statically observable name/attribute; receiver review in DELIVERY
src/inresearch/workflow/deep_read.py,DeepRead.load_metrics,56,tests/unit/test_deep_read.py,40,L2.load_metrics,statically observable name/attribute; receiver review in DELIVERY
src/inresearch/workflow/deep_read.py,DeepRead.load_metrics,56,tests/unit/test_deep_read.py,285,L2.load_metrics,statically observable name/attribute; receiver review in DELIVERY
src/inresearch/workflow/deep_read.py,DeepRead.load_metrics,56,tests/unit/test_deep_read.py,290,L2.load_metrics,statically observable name/attribute; receiver review in DELIVERY
src/inresearch/workflow/deep_read.py,DeepRead.load_metrics,56,tests/unit/test_deep_read.py,302,L2.load_metrics,statically observable name/attribute; receiver review in DELIVERY
src/inresearch/workflow/deep_read.py,DeepRead.load_metrics,56,tests/unit/test_deep_read.py,346,L2.load_metrics,statically observable name/attribute; receiver review in DELIVERY
src/inresearch/workflow/deep_read.py,DeepRead.load_metrics,56,tests/unit/test_deep_read.py,349,L2.load_metrics,statically observable name/attribute; receiver review in DELIVERY
src/inresearch/workflow/deep_read.py,DeepRead.load_metrics,56,tests/unit/test_deep_read.py,359,L2.load_metrics,statically observable name/attribute; receiver review in DELIVERY
src/inresearch/workflow/deep_read.py,DeepRead.load_metrics,56,tests/unit/test_deep_read.py,422,L2.load_metrics,statically observable name/attribute; receiver review in DELIVERY
src/inresearch/workflow/deep_read.py,DeepRead.load_metrics,56,tests/unit/test_deep_read.py,423,L2.load_metrics,statically observable name/attribute; receiver review in DELIVERY
src/inresearch/workflow/deep_read.py,DeepRead.load_metrics,56,tests/unit/test_deep_read.py,429,L2.load_metrics,statically observable name/attribute; receiver review in DELIVERY
src/inresearch/workflow/deep_read.py,DeepRead.load_metrics,56,tests/unit/test_deep_read.py,464,L2.load_metrics,statically observable name/attribute; receiver review in DELIVERY
src/inresearch/workflow/deep_read.py,DeepRead.load_metrics,56,tests/unit/test_deep_read.py,468,L2.load_metrics,statically observable name/attribute; receiver review in DELIVERY
src/inresearch/workflow/deep_read.py,DeepRead.load_metrics,56,tests/unit/test_deep_read.py,471,L2.load_metrics,statically observable name/attribute; receiver review in DELIVERY
src/inresearch/workflow/deep_read.py,DeepRead.load_metrics,56,tests/unit/test_deep_read.py,504,L2.load_metrics,statically observable name/attribute; receiver review in DELIVERY
src/inresearch/workflow/deep_read.py,DeepRead.load_metrics,56,tests/unit/test_deep_read.py,506,L2.load_metrics,statically observable name/attribute; receiver review in DELIVERY
src/inresearch/workflow/deep_read.py,DeepRead.load_metrics,56,tests/unit/test_deep_read.py,511,L2.load_metrics,statically observable name/attribute; receiver review in DELIVERY
src/inresearch/workflow/deep_read.py,DeepRead.load_metrics,56,tests/unit/test_deep_read.py,593,L2.load_metrics,statically observable name/attribute; receiver review in DELIVERY
src/inresearch/workflow/deep_read.py,DeepRead.load_metrics,56,tests/unit/test_deep_read.py,598,L2.load_metrics,statically observable name/attribute; receiver review in DELIVERY
src/inresearch/workflow/deep_read.py,DeepRead.load_metrics,56,tests/unit/test_deep_read.py,602,L2.load_metrics,statically observable name/attribute; receiver review in DELIVERY
src/inresearch/workflow/deep_read.py,DeepRead.load_metrics,56,tests/unit/test_deep_read.py,743,L2.load_metrics,statically observable name/attribute; receiver review in DELIVERY
src/inresearch/workflow/deep_read.py,DeepRead.load_metrics,56,tests/unit/test_deep_read.py,755,L2.load_metrics,statically observable name/attribute; receiver review in DELIVERY
src/inresearch/workflow/deep_read.py,DeepRead.load_metrics,56,tests/unit/test_deep_read.py,765,L2.load_metrics,statically observable name/attribute; receiver review in DELIVERY
src/inresearch/workflow/deep_read.py,DeepRead.load_metrics,56,tests/unit/test_deep_read.py,955,self.app.load_metrics,statically observable name/attribute; receiver review in DELIVERY
src/inresearch/workflow/deep_read.py,DeepRead.load_metrics,56,tests/unit/test_fact_contract.py,345,L2.load_metrics,statically observable name/attribute; receiver review in DELIVERY
src/inresearch/workflow/deep_read.py,DeepRead.load_metrics,56,tests/unit/test_fact_contract.py,349,L2.load_metrics,statically observable name/attribute; receiver review in DELIVERY
src/inresearch/workflow/deep_read.py,DeepRead.load_metrics,56,tests/unit/test_fact_contract.py,353,L2.load_metrics,statically observable name/attribute; receiver review in DELIVERY
src/inresearch/workflow/deep_read.py,DeepRead.load_metrics,56,tests/unit/test_fact_contract.py,411,L2.load_metrics,statically observable name/attribute; receiver review in DELIVERY
src/inresearch/workflow/deep_read.py,DeepRead.load_metrics,56,tests/unit/test_fact_contract.py,484,L2.load_metrics,statically observable name/attribute; receiver review in DELIVERY
src/inresearch/workflow/deep_read.py,DeepRead.load_metrics,56,tests/unit/test_fact_contract.py,521,L2.load_metrics,statically observable name/attribute; receiver review in DELIVERY
src/inresearch/workflow/deep_read.py,DeepRead.load_metrics,56,tests/unit/test_fact_contract.py,571,L2.load_metrics,statically observable name/attribute; receiver review in DELIVERY
src/inresearch/workflow/deep_read.py,DeepRead.load_metrics,56,tests/unit/test_fact_contract.py,658,L2.load_metrics,statically observable name/attribute; receiver review in DELIVERY
src/inresearch/workflow/deep_read.py,DeepRead.load_metrics,56,tests/unit/test_fact_contract.py,802,L2.load_metrics,statically observable name/attribute; receiver review in DELIVERY
src/inresearch/workflow/deep_read.py,DeepRead.load_metrics,56,tests/unit/test_fact_contract.py,949,L2.load_metrics,statically observable name/attribute; receiver review in DELIVERY
src/inresearch/workflow/deep_read.py,DeepRead.load_metrics,56,tests/unit/test_fact_contract.py,1138,L2.load_metrics,statically observable name/attribute; receiver review in DELIVERY
src/inresearch/workflow/deep_read.py,DeepRead.load_metrics,56,tests/unit/test_fact_contract.py,1157,L2.load_metrics,statically observable name/attribute; receiver review in DELIVERY
src/inresearch/workflow/deep_read.py,DeepRead.load_metrics,56,tests/unit/test_fact_contract.py,1329,L2.load_metrics,statically observable name/attribute; receiver review in DELIVERY
src/inresearch/workflow/deep_read.py,DeepRead.load_metrics,56,tests/unit/test_fact_contract.py,1472,L2.load_metrics,statically observable name/attribute; receiver review in DELIVERY
src/inresearch/workflow/deep_read.py,DeepRead.load_metrics,56,tests/unit/test_fact_contract.py,1647,L2.load_metrics,statically observable name/attribute; receiver review in DELIVERY
src/inresearch/workflow/deep_read.py,DeepRead.load_metrics,56,tests/unit/test_fact_contract.py,1762,L2.load_metrics,statically observable name/attribute; receiver review in DELIVERY
src/inresearch/workflow/deep_read.py,DeepRead.load_metrics,56,tests/unit/test_fact_contract.py,1770,L2.load_metrics,statically observable name/attribute; receiver review in DELIVERY
src/inresearch/workflow/deep_read.py,DeepRead.load_metrics,56,tests/unit/test_fact_contract.py,1785,L2.load_metrics,statically observable name/attribute; receiver review in DELIVERY
src/inresearch/workflow/deep_read.py,DeepRead.load_metrics,56,tests/unit/test_fact_contract.py,1797,L2.load_metrics,statically observable name/attribute; receiver review in DELIVERY
src/inresearch/workflow/deep_read.py,DeepRead.load_metrics,56,tests/unit/test_fact_contract.py,1878,L2.load_metrics,statically observable name/attribute; receiver review in DELIVERY
src/inresearch/workflow/deep_read.py,DeepRead.load_metrics,56,tests/unit/test_fact_contract.py,1967,L2.load_metrics,statically observable name/attribute; receiver review in DELIVERY
src/inresearch/workflow/deep_read.py,DeepRead.load_metrics,56,tests/unit/test_fact_contract.py,2113,L2.load_metrics,statically observable name/attribute; receiver review in DELIVERY
src/inresearch/workflow/deep_read.py,DeepRead.load_metrics,56,tests/unit/test_fact_contract.py,2200,L2.load_metrics,statically observable name/attribute; receiver review in DELIVERY
src/inresearch/workflow/deep_read.py,DeepRead.load_questions,60,src/inresearch/workflow/deep_read.py,139,self.load_questions,statically observable name/attribute; receiver review in DELIVERY
src/inresearch/workflow/deep_read.py,DeepRead.load_questions,60,tests/unit/test_deep_read.py,285,L2.load_questions,statically observable name/attribute; receiver review in DELIVERY
src/inresearch/workflow/deep_read.py,DeepRead.load_questions,60,tests/unit/test_deep_read.py,291,L2.load_questions,statically observable name/attribute; receiver review in DELIVERY
src/inresearch/workflow/deep_read.py,DeepRead.load_questions,60,tests/unit/test_deep_read.py,303,L2.load_questions,statically observable name/attribute; receiver review in DELIVERY
src/inresearch/workflow/deep_read.py,DeepRead.load_questions,60,tests/unit/test_deep_read.py,743,L2.load_questions,statically observable name/attribute; receiver review in DELIVERY
src/inresearch/workflow/deep_read.py,DeepRead.load_questions,60,tests/unit/test_deep_read.py,756,L2.load_questions,statically observable name/attribute; receiver review in DELIVERY
src/inresearch/workflow/deep_read.py,DeepRead.load_questions,60,tests/unit/test_deep_read.py,765,L2.load_questions,statically observable name/attribute; receiver review in DELIVERY
src/inresearch/workflow/deep_read.py,DeepRead.pack,111,src/inresearch/adapters/asset_download.py,106,struct.pack,statically observable name/attribute; receiver review in DELIVERY
src/inresearch/workflow/deep_read.py,DeepRead.pack,111,src/inresearch/adapters/asset_download.py,107,struct.pack,statically observable name/attribute; receiver review in DELIVERY
src/inresearch/workflow/deep_read.py,DeepRead.pack,111,src/inresearch/adapters/asset_download.py,108,struct.pack,statically observable name/attribute; receiver review in DELIVERY
src/inresearch/workflow/deep_read.py,DeepRead.pack,111,src/inresearch/adapters/office_biff.py,131,struct.pack,statically observable name/attribute; receiver review in DELIVERY
src/inresearch/workflow/deep_read.py,DeepRead.pack,111,src/inresearch/interfaces/deep_read.py,19,app.pack,statically observable name/attribute; receiver review in DELIVERY
src/inresearch/workflow/deep_read.py,DeepRead.pack,111,tests/unit/test_deep_read.py,308,self.pack,statically observable name/attribute; receiver review in DELIVERY
src/inresearch/workflow/deep_read.py,DeepRead.pack,111,tests/unit/test_deep_read.py,315,self.pack,statically observable name/attribute; receiver review in DELIVERY
src/inresearch/workflow/deep_read.py,DeepRead.pack,111,tests/unit/test_deep_read.py,320,self.pack,statically observable name/attribute; receiver review in DELIVERY
src/inresearch/workflow/deep_read.py,DeepRead.pack,111,tests/unit/test_deep_read.py,328,self.pack,statically observable name/attribute; receiver review in DELIVERY
src/inresearch/workflow/deep_read.py,DeepRead.pack,111,tests/unit/test_deep_read.py,777,self.pack,statically observable name/attribute; receiver review in DELIVERY
src/inresearch/workflow/deep_read.py,DeepRead.pack,111,tests/unit/test_deep_read.py,787,self.pack,statically observable name/attribute; receiver review in DELIVERY
src/inresearch/workflow/deep_read.py,DeepRead.pack,111,tests/unit/test_deep_read_transactions.py,43,app.pack,statically observable name/attribute; receiver review in DELIVERY
src/inresearch/workflow/deep_read.py,DeepRead.pack,111,tests/unit/test_deep_read_transactions.py,83,self.app.pack,statically observable name/attribute; receiver review in DELIVERY
src/inresearch/workflow/deep_read.py,DeepRead.pack,111,tests/unit/test_deep_read_transactions.py,232,self.app.pack,statically observable name/attribute; receiver review in DELIVERY
src/inresearch/workflow/deep_read.py,DeepRead.pack,111,tests/unit/test_deep_read_transactions.py,234,self.app.pack,statically observable name/attribute; receiver review in DELIVERY
src/inresearch/workflow/deep_read.py,DeepRead.pack,111,tests/unit/test_deep_read_transactions.py,239,self.app.pack,statically observable name/attribute; receiver review in DELIVERY
src/inresearch/workflow/deep_read.py,DeepRead.pack,111,tests/unit/test_deep_read_transactions.py,242,self.app.pack,statically observable name/attribute; receiver review in DELIVERY
src/inresearch/workflow/deep_read.py,DeepRead.pack,111,tests/unit/test_m4_office_text.py,118,struct.pack,statically observable name/attribute; receiver review in DELIVERY
src/inresearch/workflow/deep_read.py,DeepRead.pack,111,tests/unit/test_m4_office_text.py,120,struct.pack,statically observable name/attribute; receiver review in DELIVERY
src/inresearch/workflow/deep_read.py,DeepRead.pack,111,tests/unit/test_m4_office_text.py,142,struct.pack,statically observable name/attribute; receiver review in DELIVERY
src/inresearch/workflow/deep_read.py,DeepRead.pack,111,tests/unit/test_m4_office_text.py,147,struct.pack,statically observable name/attribute; receiver review in DELIVERY
src/inresearch/workflow/deep_read.py,DeepRead.pack,111,tests/unit/test_m4_office_text.py,159,struct.pack,statically observable name/attribute; receiver review in DELIVERY
src/inresearch/workflow/deep_read.py,DeepRead.pack,111,tests/unit/test_m4_office_text.py,162,struct.pack,statically observable name/attribute; receiver review in DELIVERY
src/inresearch/workflow/deep_read.py,DeepRead.pack,111,tests/unit/test_m4_office_text.py,178,struct.pack,statically observable name/attribute; receiver review in DELIVERY
src/inresearch/workflow/deep_read.py,DeepRead.pack,111,tests/unit/test_m4_office_text.py,260,struct.pack,statically observable name/attribute; receiver review in DELIVERY
src/inresearch/workflow/deep_read.py,DeepRead.pack,111,tests/unit/test_m4_office_text.py,442,struct.pack,statically observable name/attribute; receiver review in DELIVERY
src/inresearch/workflow/deep_read.py,DeepRead.pack,111,tests/unit/test_m4_office_text.py,446,struct.pack,statically observable name/attribute; receiver review in DELIVERY
src/inresearch/workflow/deep_read.py,DeepRead.pack,111,tests/unit/test_m4_office_text.py,450,struct.pack,statically observable name/attribute; receiver review in DELIVERY
src/inresearch/workflow/deep_read.py,DeepRead.pack,111,tests/unit/test_m4_office_text.py,454,struct.pack,statically observable name/attribute; receiver review in DELIVERY
src/inresearch/workflow/deep_read.py,DeepRead.pack,111,tests/unit/test_m4_office_text.py,458,struct.pack,statically observable name/attribute; receiver review in DELIVERY
src/inresearch/workflow/deep_read.py,DeepRead.pack,111,tests/unit/test_m4_office_text.py,462,struct.pack,statically observable name/attribute; receiver review in DELIVERY
src/inresearch/workflow/deep_read.py,DeepRead.pack,111,tests/unit/test_m4_office_text.py,463,struct.pack,statically observable name/attribute; receiver review in DELIVERY
src/inresearch/workflow/deep_read.py,DeepRead.pack,111,tests/unit/test_m4_office_text.py,753,struct.pack,statically observable name/attribute; receiver review in DELIVERY
src/inresearch/workflow/deep_read.py,DeepRead.pack,111,tests/unit/test_m4_office_text.py,766,struct.pack,statically observable name/attribute; receiver review in DELIVERY
src/inresearch/workflow/deep_read.py,DeepRead.pack,111,tests/unit/test_m4_office_text.py,768,struct.pack,statically observable name/attribute; receiver review in DELIVERY
src/inresearch/workflow/deep_read.py,DeepRead.pack,111,tests/unit/test_m4_office_text.py,769,struct.pack,statically observable name/attribute; receiver review in DELIVERY
src/inresearch/workflow/deep_read.py,DeepRead.pack,111,tests/unit/test_m4_office_text.py,776,struct.pack,statically observable name/attribute; receiver review in DELIVERY
src/inresearch/workflow/deep_read.py,DeepRead.pack,111,tests/unit/test_m4_office_text.py,782,struct.pack,statically observable name/attribute; receiver review in DELIVERY
src/inresearch/workflow/deep_read.py,DeepRead.pack,111,tests/unit/test_m4_office_text.py,783,struct.pack,statically observable name/attribute; receiver review in DELIVERY
src/inresearch/workflow/deep_read.py,DeepRead.pack,111,tests/unit/test_m4_triage_extract.py,429,self.pack,statically observable name/attribute; receiver review in DELIVERY
src/inresearch/workflow/deep_read.py,DeepRead.pack,111,tests/unit/test_m4_triage_extract.py,434,self.pack,statically observable name/attribute; receiver review in DELIVERY
src/inresearch/workflow/deep_read.py,DeepRead.pack,111,tests/unit/test_m4_triage_extract.py,440,self.pack,statically observable name/attribute; receiver review in DELIVERY
src/inresearch/workflow/deep_read.py,DeepRead.pack,111,tests/unit/test_m4_triage_extract.py,444,self.pack,statically observable name/attribute; receiver review in DELIVERY
src/inresearch/workflow/deep_read.py,DeepRead.pack,111,tests/unit/test_m4_triage_extract.py,454,self.pack,statically observable name/attribute; receiver review in DELIVERY
src/inresearch/workflow/deep_read.py,DeepRead.pack,111,tests/unit/test_m4_triage_extract.py,500,self.pack,statically observable name/attribute; receiver review in DELIVERY
src/inresearch/workflow/deep_read.py,DeepRead.pack,111,tests/unit/test_m4_triage_extract.py,505,self.pack,statically observable name/attribute; receiver review in DELIVERY
src/inresearch/workflow/deep_read.py,DeepRead.pack,111,tests/unit/test_m4_triage_extract.py,506,self.pack,statically observable name/attribute; receiver review in DELIVERY
src/inresearch/workflow/deep_read.py,DeepRead.pack,111,tests/unit/test_m4_triage_extract.py,512,self.pack,statically observable name/attribute; receiver review in DELIVERY
src/inresearch/workflow/deep_read.py,DeepRead.pack,111,tests/unit/test_m4_triage_extract.py,514,self.pack,statically observable name/attribute; receiver review in DELIVERY
src/inresearch/workflow/deep_read.py,DeepRead.pack,111,tests/unit/test_m4_triage_extract.py,639,self.pack,statically observable name/attribute; receiver review in DELIVERY
src/inresearch/workflow/deep_read.py,DeepRead.pack,111,tests/unit/test_m4_triage_extract.py,644,self.pack,statically observable name/attribute; receiver review in DELIVERY
src/inresearch/workflow/deep_read.py,DeepRead.pack,111,tests/unit/test_m4_triage_extract.py,649,self.pack,statically observable name/attribute; receiver review in DELIVERY
src/inresearch/workflow/deep_read.py,DeepRead.pack,111,tests/unit/test_m4_triage_extract.py,653,self.pack,statically observable name/attribute; receiver review in DELIVERY
src/inresearch/workflow/deep_read.py,DeepRead.pack,111,tests/unit/test_m4_triage_extract.py,657,self.pack,statically observable name/attribute; receiver review in DELIVERY
src/inresearch/workflow/deep_read.py,DeepRead.pack,111,tests/unit/test_m4_triage_extract.py,660,self.pack,statically observable name/attribute; receiver review in DELIVERY
src/inresearch/workflow/deep_read.py,DeepRead.pack,111,tests/unit/test_reading_results.py,73,self.app.pack,statically observable name/attribute; receiver review in DELIVERY
src/inresearch/workflow/deep_read.py,DeepRead.pack,111,tests/unit/test_reading_results.py,92,self.app.pack,statically observable name/attribute; receiver review in DELIVERY
src/inresearch/workflow/deep_read.py,DeepRead.pack,111,tests/unit/test_reading_results.py,93,self.app.pack,statically observable name/attribute; receiver review in DELIVERY
src/inresearch/workflow/deep_read.py,DeepRead.pack,111,tests/unit/test_reading_results.py,134,self.app.pack,statically observable name/attribute; receiver review in DELIVERY
src/inresearch/workflow/deep_read.py,DeepRead.pack,111,tests/unit/test_reading_results.py,171,self.app.pack,statically observable name/attribute; receiver review in DELIVERY
src/inresearch/workflow/deep_read.py,DeepRead.pack,111,tests/unit/test_reading_results.py,174,self.app.pack,statically observable name/attribute; receiver review in DELIVERY
src/inresearch/workflow/deep_read.py,DeepRead.pack,111,tests/unit/test_reading_results.py,198,self.app.pack,statically observable name/attribute; receiver review in DELIVERY
src/inresearch/workflow/deep_read.py,DeepRead.pack,111,tests/unit/test_reading_results.py,199,self.app.pack,statically observable name/attribute; receiver review in DELIVERY
src/inresearch/workflow/deep_read.py,DeepRead.pack,111,tests/unit/test_reading_results.py,223,self.app.pack,statically observable name/attribute; receiver review in DELIVERY
src/inresearch/workflow/deep_read.py,DeepRead.processed_documents,75,src/inresearch/interfaces/deep_read.py,98,app.processed_documents,statically observable name/attribute; receiver review in DELIVERY
src/inresearch/workflow/deep_read.py,DeepRead.processed_documents,75,src/inresearch/workflow/deep_read.py,102,self.processed_documents,statically observable name/attribute; receiver review in DELIVERY
src/inresearch/workflow/deep_read.py,DeepRead.processed_documents,75,src/inresearch/workflow/deep_read.py,134,self.processed_documents,statically observable name/attribute; receiver review in DELIVERY
src/inresearch/workflow/deep_read.py,DeepRead.processed_documents,75,src/inresearch/workflow/deep_read.py,298,self.processed_documents,statically observable name/attribute; receiver review in DELIVERY
src/inresearch/workflow/deep_read.py,DeepRead.processed_documents,75,tests/unit/test_deep_read.py,347,L2.processed_documents,statically observable name/attribute; receiver review in DELIVERY
src/inresearch/workflow/deep_read.py,DeepRead.processed_documents,75,tests/unit/test_deep_read.py,352,L2.processed_documents,statically observable name/attribute; receiver review in DELIVERY
src/inresearch/workflow/deep_read.py,DeepRead.processed_documents,75,tests/unit/test_deep_read.py,360,L2.processed_documents,statically observable name/attribute; receiver review in DELIVERY
src/inresearch/workflow/deep_read.py,DeepRead.processed_documents,75,tests/unit/test_deep_read.py,464,L2.processed_documents,statically observable name/attribute; receiver review in DELIVERY
src/inresearch/workflow/deep_read.py,DeepRead.processed_documents,75,tests/unit/test_deep_read.py,465,L2.processed_documents,statically observable name/attribute; receiver review in DELIVERY
src/inresearch/workflow/deep_read.py,DeepRead.processed_documents,75,tests/unit/test_deep_read.py,471,L2.processed_documents,statically observable name/attribute; receiver review in DELIVERY
src/inresearch/workflow/deep_read.py,DeepRead.processed_documents,75,tests/unit/test_deep_read.py,504,L2.processed_documents,statically observable name/attribute; receiver review in DELIVERY
src/inresearch/workflow/deep_read.py,DeepRead.processed_documents,75,tests/unit/test_deep_read.py,508,L2.processed_documents,statically observable name/attribute; receiver review in DELIVERY
src/inresearch/workflow/deep_read.py,DeepRead.processed_documents,75,tests/unit/test_deep_read.py,511,L2.processed_documents,statically observable name/attribute; receiver review in DELIVERY
src/inresearch/workflow/deep_read.py,DeepRead.processed_documents,75,tests/unit/test_deep_read.py,723,L2.processed_documents,statically observable name/attribute; receiver review in DELIVERY
src/inresearch/workflow/deep_read.py,DeepRead.processed_documents,75,tests/unit/test_deep_read.py,781,L2.processed_documents,statically observable name/attribute; receiver review in DELIVERY
src/inresearch/workflow/deep_read.py,DeepRead.processed_documents,75,tests/unit/test_deep_read.py,794,L2.processed_documents,statically observable name/attribute; receiver review in DELIVERY
src/inresearch/workflow/deep_read.py,DeepRead.processed_documents,75,tests/unit/test_deep_read.py,795,L2.processed_documents,statically observable name/attribute; receiver review in DELIVERY
src/inresearch/workflow/deep_read.py,DeepRead.processed_documents,75,tests/unit/test_deep_read.py,799,L2.processed_documents,statically observable name/attribute; receiver review in DELIVERY
src/inresearch/workflow/deep_read.py,DeepRead.processed_documents,75,tests/unit/test_fact_contract.py,345,L2.processed_documents,statically observable name/attribute; receiver review in DELIVERY
src/inresearch/workflow/deep_read.py,DeepRead.processed_documents,75,tests/unit/test_fact_contract.py,347,L2.processed_documents,statically observable name/attribute; receiver review in DELIVERY
src/inresearch/workflow/deep_read.py,DeepRead.processed_documents,75,tests/unit/test_fact_contract.py,353,L2.processed_documents,statically observable name/attribute; receiver review in DELIVERY
src/inresearch/workflow/deep_read.py,DeepRead.processed_documents,75,tests/unit/test_reading_results.py,110,self.app.processed_documents,statically observable name/attribute; receiver review in DELIVERY
src/inresearch/workflow/deep_read.py,DeepRead.processed_documents,75,tests/unit/test_text_similarity.py,33,L2.processed_documents,statically observable name/attribute; receiver review in DELIVERY
src/inresearch/workflow/deep_read.py,DeepRead.processed_documents,75,tests/unit/test_text_similarity.py,35,L2.processed_documents,statically observable name/attribute; receiver review in DELIVERY
src/inresearch/workflow/deep_read.py,DeepRead.processed_documents,75,tests/unit/test_text_similarity.py,39,L2.processed_documents,statically observable name/attribute; receiver review in DELIVERY
src/inresearch/workflow/deep_read.py,DeepRead.processed_documents,75,tests/unit/test_text_similarity.py,70,L2.processed_documents,statically observable name/attribute; receiver review in DELIVERY
src/inresearch/workflow/deep_read.py,DeepRead.processed_documents,75,tests/unit/test_text_similarity.py,72,L2.processed_documents,statically observable name/attribute; receiver review in DELIVERY
src/inresearch/workflow/deep_read.py,DeepRead.processed_documents,75,tests/unit/test_text_similarity.py,78,L2.processed_documents,statically observable name/attribute; receiver review in DELIVERY
src/inresearch/workflow/deep_read.py,DeepRead.processed_documents,75,tests/unit/test_text_similarity.py,83,L2.processed_documents,statically observable name/attribute; receiver review in DELIVERY
src/inresearch/workflow/deep_read.py,DeepRead.processed_documents,75,tests/unit/test_text_similarity.py,96,L2.processed_documents,statically observable name/attribute; receiver review in DELIVERY
src/inresearch/workflow/deep_read.py,DeepRead.processed_documents,75,tests/unit/test_text_similarity.py,103,L2.processed_documents,statically observable name/attribute; receiver review in DELIVERY
src/inresearch/workflow/deep_read.py,DeepRead.processed_documents,75,tests/unit/test_text_similarity.py,108,L2.processed_documents,statically observable name/attribute; receiver review in DELIVERY
src/inresearch/workflow/deep_read.py,DeepRead.processed_documents,75,tests/unit/test_text_similarity.py,112,L2.processed_documents,statically observable name/attribute; receiver review in DELIVERY
src/inresearch/workflow/deep_read.py,DeepRead.processed_documents,75,tests/unit/test_text_similarity.py,132,L2.processed_documents,statically observable name/attribute; receiver review in DELIVERY
src/inresearch/workflow/deep_read.py,DeepRead.processed_documents,75,tests/unit/test_text_similarity.py,134,L2.processed_documents,statically observable name/attribute; receiver review in DELIVERY
src/inresearch/workflow/deep_read.py,DeepRead.processed_documents,75,tests/unit/test_text_similarity.py,144,L2.processed_documents,statically observable name/attribute; receiver review in DELIVERY
src/inresearch/workflow/deep_read.py,DeepRead.processed_documents,75,tests/unit/test_text_similarity.py,174,L2.processed_documents,statically observable name/attribute; receiver review in DELIVERY
src/inresearch/workflow/deep_read.py,DeepRead.processed_documents,75,tests/unit/test_text_similarity.py,178,L2.processed_documents,statically observable name/attribute; receiver review in DELIVERY
src/inresearch/workflow/deep_read.py,DeepRead.processed_documents,75,tests/unit/test_text_similarity.py,183,L2.processed_documents,statically observable name/attribute; receiver review in DELIVERY
src/inresearch/workflow/deep_read.py,DeepRead.processed_documents,75,tests/unit/test_text_similarity.py,189,L2.processed_documents,statically observable name/attribute; receiver review in DELIVERY
src/inresearch/workflow/deep_read.py,DeepRead.record,152,src/inresearch/interfaces/deep_read.py,23,app.record,statically observable name/attribute; receiver review in DELIVERY
src/inresearch/workflow/deep_read.py,DeepRead.record,152,tests/unit/test_deep_read.py,54,self.record,statically observable name/attribute; receiver review in DELIVERY
src/inresearch/workflow/deep_read.py,DeepRead.record,152,tests/unit/test_deep_read.py,60,self.record,statically observable name/attribute; receiver review in DELIVERY
src/inresearch/workflow/deep_read.py,DeepRead.record,152,tests/unit/test_deep_read.py,65,self.record,statically observable name/attribute; receiver review in DELIVERY
src/inresearch/workflow/deep_read.py,DeepRead.record,152,tests/unit/test_deep_read.py,70,self.record,statically observable name/attribute; receiver review in DELIVERY
src/inresearch/workflow/deep_read.py,DeepRead.record,152,tests/unit/test_deep_read.py,71,self.record,statically observable name/attribute; receiver review in DELIVERY
src/inresearch/workflow/deep_read.py,DeepRead.record,152,tests/unit/test_deep_read.py,75,self.record,statically observable name/attribute; receiver review in DELIVERY
src/inresearch/workflow/deep_read.py,DeepRead.record,152,tests/unit/test_deep_read.py,84,self.record,statically observable name/attribute; receiver review in DELIVERY
src/inresearch/workflow/deep_read.py,DeepRead.record,152,tests/unit/test_deep_read.py,85,self.record,statically observable name/attribute; receiver review in DELIVERY
src/inresearch/workflow/deep_read.py,DeepRead.record,152,tests/unit/test_deep_read.py,91,self.record,statically observable name/attribute; receiver review in DELIVERY
src/inresearch/workflow/deep_read.py,DeepRead.record,152,tests/unit/test_deep_read.py,98,self.record,statically observable name/attribute; receiver review in DELIVERY
src/inresearch/workflow/deep_read.py,DeepRead.record,152,tests/unit/test_deep_read.py,103,self.record,statically observable name/attribute; receiver review in DELIVERY
src/inresearch/workflow/deep_read.py,DeepRead.record,152,tests/unit/test_deep_read.py,104,self.record,statically observable name/attribute; receiver review in DELIVERY
src/inresearch/workflow/deep_read.py,DeepRead.record,152,tests/unit/test_deep_read.py,108,self.record,statically observable name/attribute; receiver review in DELIVERY
src/inresearch/workflow/deep_read.py,DeepRead.record,152,tests/unit/test_deep_read.py,109,self.record,statically observable name/attribute; receiver review in DELIVERY
src/inresearch/workflow/deep_read.py,DeepRead.record,152,tests/unit/test_deep_read.py,115,self.record,statically observable name/attribute; receiver review in DELIVERY
src/inresearch/workflow/deep_read.py,DeepRead.record,152,tests/unit/test_deep_read.py,129,self.record,statically observable name/attribute; receiver review in DELIVERY
src/inresearch/workflow/deep_read.py,DeepRead.record,152,tests/unit/test_deep_read.py,137,self.record,statically observable name/attribute; receiver review in DELIVERY
src/inresearch/workflow/deep_read.py,DeepRead.record,152,tests/unit/test_deep_read.py,145,self.record,statically observable name/attribute; receiver review in DELIVERY
src/inresearch/workflow/deep_read.py,DeepRead.record,152,tests/unit/test_deep_read.py,156,self.record,statically observable name/attribute; receiver review in DELIVERY
src/inresearch/workflow/deep_read.py,DeepRead.record,152,tests/unit/test_deep_read.py,442,self.record,statically observable name/attribute; receiver review in DELIVERY
src/inresearch/workflow/deep_read.py,DeepRead.record,152,tests/unit/test_deep_read.py,447,self.record,statically observable name/attribute; receiver review in DELIVERY
src/inresearch/workflow/deep_read.py,DeepRead.record,152,tests/unit/test_deep_read.py,453,self.record,statically observable name/attribute; receiver review in DELIVERY
src/inresearch/workflow/deep_read.py,DeepRead.record,152,tests/unit/test_deep_read.py,971,self.record,statically observable name/attribute; receiver review in DELIVERY
src/inresearch/workflow/deep_read.py,DeepRead.record,152,tests/unit/test_deep_read.py,984,self.record,statically observable name/attribute; receiver review in DELIVERY
src/inresearch/workflow/deep_read.py,DeepRead.record,152,tests/unit/test_deep_read.py,992,self.record,statically observable name/attribute; receiver review in DELIVERY
src/inresearch/workflow/deep_read.py,DeepRead.record,152,tests/unit/test_deep_read.py,999,self.record,statically observable name/attribute; receiver review in DELIVERY
src/inresearch/workflow/deep_read.py,DeepRead.record,152,tests/unit/test_deep_read_transactions.py,38,app.record,statically observable name/attribute; receiver review in DELIVERY
src/inresearch/workflow/deep_read.py,DeepRead.record,152,tests/unit/test_deep_read_transactions.py,91,self.app.record,statically observable name/attribute; receiver review in DELIVERY
src/inresearch/workflow/deep_read.py,DeepRead.record,152,tests/unit/test_deep_read_transactions.py,92,self.app.record,statically observable name/attribute; receiver review in DELIVERY
src/inresearch/workflow/deep_read.py,DeepRead.record,152,tests/unit/test_deep_read_transactions.py,93,self.app.record,statically observable name/attribute; receiver review in DELIVERY
src/inresearch/workflow/deep_read.py,DeepRead.record,152,tests/unit/test_deep_read_transactions.py,98,self.app.record,statically observable name/attribute; receiver review in DELIVERY
src/inresearch/workflow/deep_read.py,DeepRead.record,152,tests/unit/test_deep_read_transactions.py,99,self.app.record,statically observable name/attribute; receiver review in DELIVERY
src/inresearch/workflow/deep_read.py,DeepRead.record,152,tests/unit/test_deep_read_transactions.py,104,self.app.record,statically observable name/attribute; receiver review in DELIVERY
src/inresearch/workflow/deep_read.py,DeepRead.record,152,tests/unit/test_deep_read_transactions.py,107,self.app.record,statically observable name/attribute; receiver review in DELIVERY
src/inresearch/workflow/deep_read.py,DeepRead.record,152,tests/unit/test_deep_read_transactions.py,111,self.app.record,statically observable name/attribute; receiver review in DELIVERY
src/inresearch/workflow/deep_read.py,DeepRead.record,152,tests/unit/test_deep_read_transactions.py,113,self.app.record,statically observable name/attribute; receiver review in DELIVERY
src/inresearch/workflow/deep_read.py,DeepRead.record,152,tests/unit/test_deep_read_transactions.py,117,self.app.record,statically observable name/attribute; receiver review in DELIVERY
src/inresearch/workflow/deep_read.py,DeepRead.record,152,tests/unit/test_deep_read_transactions.py,125,self.app.record,statically observable name/attribute; receiver review in DELIVERY
src/inresearch/workflow/deep_read.py,DeepRead.record,152,tests/unit/test_deep_read_transactions.py,127,self.app.record,statically observable name/attribute; receiver review in DELIVERY
src/inresearch/workflow/deep_read.py,DeepRead.record,152,tests/unit/test_deep_read_transactions.py,134,self.app.record,statically observable name/attribute; receiver review in DELIVERY
src/inresearch/workflow/deep_read.py,DeepRead.record,152,tests/unit/test_deep_read_transactions.py,140,self.app.record,statically observable name/attribute; receiver review in DELIVERY
src/inresearch/workflow/deep_read.py,DeepRead.record,152,tests/unit/test_deep_read_transactions.py,142,self.app.record,statically observable name/attribute; receiver review in DELIVERY
src/inresearch/workflow/deep_read.py,DeepRead.record,152,tests/unit/test_deep_read_transactions.py,151,self.app.record,statically observable name/attribute; receiver review in DELIVERY
src/inresearch/workflow/deep_read.py,DeepRead.record,152,tests/unit/test_deep_read_transactions.py,153,self.app.record,statically observable name/attribute; receiver review in DELIVERY
src/inresearch/workflow/deep_read.py,DeepRead.record,152,tests/unit/test_deep_read_transactions.py,313,self.app.record,statically observable name/attribute; receiver review in DELIVERY
src/inresearch/workflow/deep_read.py,DeepRead.record,152,tests/unit/test_deep_read_transactions.py,314,self.app.record,statically observable name/attribute; receiver review in DELIVERY
src/inresearch/workflow/deep_read.py,DeepRead.record,152,tests/unit/test_deep_read_transactions.py,316,self.app.record,statically observable name/attribute; receiver review in DELIVERY
src/inresearch/workflow/deep_read.py,DeepRead.record,152,tests/unit/test_deep_read_transactions.py,327,self.app.record,statically observable name/attribute; receiver review in DELIVERY
src/inresearch/workflow/deep_read.py,DeepRead.record,152,tests/unit/test_deep_read_transactions.py,332,self.app.record,statically observable name/attribute; receiver review in DELIVERY
src/inresearch/workflow/deep_read.py,DeepRead.record,152,tests/unit/test_deep_read_transactions.py,339,self.app.record,statically observable name/attribute; receiver review in DELIVERY
src/inresearch/workflow/deep_read.py,DeepRead.record,152,tests/unit/test_deep_read_transactions.py,343,self.app.record,statically observable name/attribute; receiver review in DELIVERY
src/inresearch/workflow/deep_read.py,DeepRead.record,152,tests/unit/test_deep_read_transactions.py,346,self.app.record,statically observable name/attribute; receiver review in DELIVERY
src/inresearch/workflow/deep_read.py,DeepRead.record,152,tests/unit/test_display_regressions.py,32,self.record,statically observable name/attribute; receiver review in DELIVERY
src/inresearch/workflow/deep_read.py,DeepRead.record,152,tests/unit/test_display_regressions.py,43,self.record,statically observable name/attribute; receiver review in DELIVERY
src/inresearch/workflow/deep_read.py,DeepRead.record,152,tests/unit/test_display_regressions.py,48,self.record,statically observable name/attribute; receiver review in DELIVERY
src/inresearch/workflow/deep_read.py,DeepRead.record,152,tests/unit/test_display_regressions.py,74,self.record,statically observable name/attribute; receiver review in DELIVERY
src/inresearch/workflow/deep_read.py,DeepRead.record,152,tests/unit/test_display_regressions.py,79,self.record,statically observable name/attribute; receiver review in DELIVERY
src/inresearch/workflow/deep_read.py,DeepRead.record,152,tests/unit/test_display_regressions.py,86,self.record,statically observable name/attribute; receiver review in DELIVERY
src/inresearch/workflow/deep_read.py,DeepRead.record,152,tests/unit/test_display_regressions.py,91,self.record,statically observable name/attribute; receiver review in DELIVERY
src/inresearch/workflow/deep_read.py,DeepRead.record,152,tests/unit/test_display_regressions.py,97,self.record,statically observable name/attribute; receiver review in DELIVERY
src/inresearch/workflow/deep_read.py,DeepRead.record,152,tests/unit/test_display_regressions.py,102,self.record,statically observable name/attribute; receiver review in DELIVERY
src/inresearch/workflow/deep_read.py,DeepRead.record,152,tests/unit/test_display_regressions.py,109,self.record,statically observable name/attribute; receiver review in DELIVERY
src/inresearch/workflow/deep_read.py,DeepRead.record,152,tests/unit/test_display_regressions.py,111,self.record,statically observable name/attribute; receiver review in DELIVERY
src/inresearch/workflow/deep_read.py,DeepRead.record,152,tests/unit/test_m4_triage_extract.py,568,self.record,statically observable name/attribute; receiver review in DELIVERY
src/inresearch/workflow/deep_read.py,DeepRead.record,152,tests/unit/test_m4_triage_extract.py,575,self.record,statically observable name/attribute; receiver review in DELIVERY
src/inresearch/workflow/deep_read.py,DeepRead.record,152,tests/unit/test_m4_triage_extract.py,582,self.record,statically observable name/attribute; receiver review in DELIVERY
src/inresearch/workflow/deep_read.py,DeepRead.record,152,tests/unit/test_m4_triage_extract.py,583,self.record,statically observable name/attribute; receiver review in DELIVERY
src/inresearch/workflow/deep_read.py,DeepRead.record,152,tests/unit/test_reading_results.py,86,self.app.record,statically observable name/attribute; receiver review in DELIVERY
src/inresearch/workflow/deep_read.py,DeepRead.record,152,tests/unit/test_reading_results.py,88,self.app.record,statically observable name/attribute; receiver review in DELIVERY
src/inresearch/workflow/deep_read.py,DeepRead.record,152,tests/unit/test_reading_results.py,101,self.app.record,statically observable name/attribute; receiver review in DELIVERY
src/inresearch/workflow/deep_read.py,DeepRead.record,152,tests/unit/test_research.py,275,record,statically observable name/attribute; receiver review in DELIVERY
src/inresearch/workflow/deep_read.py,DeepRead.record,152,tests/unit/test_research.py,278,record,statically observable name/attribute; receiver review in DELIVERY
src/inresearch/workflow/deep_read.py,DeepRead.record,152,tests/unit/test_research.py,279,record,statically observable name/attribute; receiver review in DELIVERY
src/inresearch/workflow/deep_read.py,DeepRead.remember_processing,84,src/inresearch/workflow/deep_read.py,213,self.remember_processing,statically observable name/attribute; receiver review in DELIVERY
src/inresearch/workflow/deep_read.py,DeepRead.remember_processing,84,src/inresearch/workflow/deep_read.py,265,self.remember_processing,statically observable name/attribute; receiver review in DELIVERY
src/inresearch/workflow/deep_read.py,DeepRead.resolve_document,72,src/inresearch/workflow/deep_read.py,73,policy.resolve_document,statically observable name/attribute; receiver review in DELIVERY
src/inresearch/workflow/deep_read.py,DeepRead.resolve_document,72,src/inresearch/workflow/deep_read.py,116,self.resolve_document,statically observable name/attribute; receiver review in DELIVERY
src/inresearch/workflow/deep_read.py,DeepRead.resolve_document,72,src/inresearch/workflow/deep_read.py,166,policy.resolve_document,statically observable name/attribute; receiver review in DELIVERY
src/inresearch/workflow/deep_read.py,DeepRead.resolve_document,72,src/inresearch/workflow/deep_read.py,222,self.resolve_document,statically observable name/attribute; receiver review in DELIVERY
src/inresearch/workflow/deep_read.py,DeepRead.resolve_document,72,src/inresearch/workflow/deep_read.py,245,self.resolve_document,statically observable name/attribute; receiver review in DELIVERY
src/inresearch/workflow/deep_read.py,DeepRead.resolve_document,72,src/inresearch/workflow/deep_read.py,262,self.resolve_document,statically observable name/attribute; receiver review in DELIVERY
src/inresearch/workflow/deep_read.py,DeepRead.skip,261,src/inresearch/interfaces/deep_read.py,52,app.skip,statically observable name/attribute; receiver review in DELIVERY
src/inresearch/workflow/deep_read.py,DeepRead.skip,261,tests/unit/test_deep_read.py,621,self.skip,statically observable name/attribute; receiver review in DELIVERY
src/inresearch/workflow/deep_read.py,DeepRead.skip,261,tests/unit/test_deep_read.py,625,self.skip,statically observable name/attribute; receiver review in DELIVERY
src/inresearch/workflow/deep_read.py,DeepRead.skip,261,tests/unit/test_deep_read.py,633,self.skip,statically observable name/attribute; receiver review in DELIVERY
src/inresearch/workflow/deep_read.py,DeepRead.skip,261,tests/unit/test_deep_read.py,640,self.skip,statically observable name/attribute; receiver review in DELIVERY
src/inresearch/workflow/deep_read.py,DeepRead.skip,261,tests/unit/test_deep_read.py,641,self.skip,statically observable name/attribute; receiver review in DELIVERY
src/inresearch/workflow/deep_read.py,DeepRead.skip,261,tests/unit/test_deep_read.py,651,self.skip,statically observable name/attribute; receiver review in DELIVERY
src/inresearch/workflow/deep_read.py,DeepRead.skip,261,tests/unit/test_deep_read.py,652,self.skip,statically observable name/attribute; receiver review in DELIVERY
src/inresearch/workflow/deep_read.py,DeepRead.skip,261,tests/unit/test_deep_read.py,657,self.skip,statically observable name/attribute; receiver review in DELIVERY
src/inresearch/workflow/deep_read.py,DeepRead.skip,261,tests/unit/test_deep_read.py,664,self.skip,statically observable name/attribute; receiver review in DELIVERY
src/inresearch/workflow/deep_read.py,DeepRead.skip,261,tests/unit/test_deep_read.py,670,self.skip,statically observable name/attribute; receiver review in DELIVERY
src/inresearch/workflow/deep_read.py,DeepRead.skip,261,tests/unit/test_deep_read.py,679,self.skip,statically observable name/attribute; receiver review in DELIVERY
src/inresearch/workflow/deep_read.py,DeepRead.skip,261,tests/unit/test_deep_read.py,682,self.skip,statically observable name/attribute; receiver review in DELIVERY
src/inresearch/workflow/deep_read.py,DeepRead.skip,261,tests/unit/test_deep_read.py,687,self.skip,statically observable name/attribute; receiver review in DELIVERY
src/inresearch/workflow/deep_read.py,DeepRead.skip,261,tests/unit/test_deep_read.py,697,self.skip,statically observable name/attribute; receiver review in DELIVERY
src/inresearch/workflow/deep_read.py,DeepRead.skip,261,tests/unit/test_deep_read.py,704,self.skip,statically observable name/attribute; receiver review in DELIVERY
src/inresearch/workflow/deep_read.py,DeepRead.skip,261,tests/unit/test_deep_read.py,711,self.skip,statically observable name/attribute; receiver review in DELIVERY
src/inresearch/workflow/deep_read.py,DeepRead.skip,261,tests/unit/test_deep_read_transactions.py,39,app.skip,statically observable name/attribute; receiver review in DELIVERY
src/inresearch/workflow/deep_read.py,DeepRead.skip,261,tests/unit/test_deep_read_transactions.py,156,self.app.skip,statically observable name/attribute; receiver review in DELIVERY
src/inresearch/workflow/deep_read.py,DeepRead.skip,261,tests/unit/test_deep_read_transactions.py,159,self.app.skip,statically observable name/attribute; receiver review in DELIVERY
src/inresearch/workflow/deep_read.py,DeepRead.skip,261,tests/unit/test_deep_read_transactions.py,167,self.app.skip,statically observable name/attribute; receiver review in DELIVERY
src/inresearch/workflow/deep_read.py,DeepRead.skip,261,tests/unit/test_deep_read_transactions.py,169,self.app.skip,statically observable name/attribute; receiver review in DELIVERY
src/inresearch/workflow/deep_read.py,DeepRead.skip,261,tests/unit/test_deep_read_transactions.py,174,self.app.skip,statically observable name/attribute; receiver review in DELIVERY
src/inresearch/workflow/deep_read.py,DeepRead.skip,261,tests/unit/test_deep_read_transactions.py,184,self.app.skip,statically observable name/attribute; receiver review in DELIVERY
src/inresearch/workflow/deep_read.py,DeepRead.skip,261,tests/unit/test_reading_results.py,89,self.app.skip,statically observable name/attribute; receiver review in DELIVERY
src/inresearch/workflow/deep_read.py,DeepRead.status,296,src/inresearch/adapters/news_sync.py,73,response.status,statically observable name/attribute; receiver review in DELIVERY
src/inresearch/workflow/deep_read.py,DeepRead.status,296,src/inresearch/interfaces/deep_read.py,81,app.status,statically observable name/attribute; receiver review in DELIVERY
src/inresearch/workflow/deep_read.py,DeepRead.status,296,src/inresearch/interfaces/http.py,371,e.status,statically observable name/attribute; receiver review in DELIVERY
src/inresearch/workflow/deep_read.py,DeepRead.status,296,src/inresearch/interfaces/http.py,454,exc.status,statically observable name/attribute; receiver review in DELIVERY
src/inresearch/workflow/deep_read.py,DeepRead.status,296,src/inresearch/interfaces/http.py,465,exc.status,statically observable name/attribute; receiver review in DELIVERY
src/inresearch/workflow/deep_read.py,DeepRead.status,296,src/inresearch/workflow/commands.py,21,self.status,statically observable name/attribute; receiver review in DELIVERY
src/inresearch/workflow/deep_read.py,DeepRead.status,296,src/inresearch/workflow/deep_read.py,299,self.readings.status,statically observable name/attribute; receiver review in DELIVERY
src/inresearch/workflow/deep_read.py,DeepRead.status,296,src/inresearch/workflow/reader.py,77,self.status,statically observable name/attribute; receiver review in DELIVERY
src/inresearch/workflow/deep_read.py,DeepRead.status,296,src/inresearch/workflow/reader.py,81,self.status,statically observable name/attribute; receiver review in DELIVERY
src/inresearch/workflow/deep_read.py,DeepRead.status,296,src/inresearch/workflow/reader.py,523,self.status,statically observable name/attribute; receiver review in DELIVERY
src/inresearch/workflow/deep_read.py,DeepRead.status,296,tests/unit/test_commands.py,40,error.exception.status,statically observable name/attribute; receiver review in DELIVERY
src/inresearch/workflow/deep_read.py,DeepRead.status,296,tests/unit/test_commands.py,76,error.exception.status,statically observable name/attribute; receiver review in DELIVERY
src/inresearch/workflow/deep_read.py,DeepRead.status,296,tests/unit/test_continuous_reader.py,181,self.reader.status,statically observable name/attribute; receiver review in DELIVERY
src/inresearch/workflow/deep_read.py,DeepRead.status,296,tests/unit/test_continuous_reader.py,182,self.reader.status,statically observable name/attribute; receiver review in DELIVERY
src/inresearch/workflow/deep_read.py,DeepRead.status,296,tests/unit/test_continuous_reader.py,195,self.reader.status,statically observable name/attribute; receiver review in DELIVERY
src/inresearch/workflow/deep_read.py,DeepRead.status,296,tests/unit/test_continuous_reader.py,201,self.reader.status,statically observable name/attribute; receiver review in DELIVERY
src/inresearch/workflow/deep_read.py,DeepRead.status,296,tests/unit/test_continuous_reader.py,263,self.reader.status,statically observable name/attribute; receiver review in DELIVERY
src/inresearch/workflow/deep_read.py,DeepRead.status,296,tests/unit/test_continuous_reader.py,503,self.reader.status,statically observable name/attribute; receiver review in DELIVERY
src/inresearch/workflow/deep_read.py,DeepRead.status,296,tests/unit/test_continuous_reader.py,530,self.reader.status,statically observable name/attribute; receiver review in DELIVERY
src/inresearch/workflow/deep_read.py,DeepRead.status,296,tests/unit/test_continuous_reader.py,531,self.reader.status,statically observable name/attribute; receiver review in DELIVERY
src/inresearch/workflow/deep_read.py,DeepRead.status,296,tests/unit/test_continuous_reader.py,568,restored.status,statically observable name/attribute; receiver review in DELIVERY
src/inresearch/workflow/deep_read.py,DeepRead.status,296,tests/unit/test_continuous_reader.py,569,restored.status,statically observable name/attribute; receiver review in DELIVERY
src/inresearch/workflow/deep_read.py,DeepRead.status,296,tests/unit/test_deep_read_transactions.py,351,self.app.status,statically observable name/attribute; receiver review in DELIVERY
src/inresearch/workflow/deep_read.py,DeepRead.status,296,tests/unit/test_deep_read_transactions.py,352,self.app.status,statically observable name/attribute; receiver review in DELIVERY
src/inresearch/workflow/deep_read.py,DeepRead.status,296,tests/unit/test_http_workflow.py,45,response.status,statically observable name/attribute; receiver review in DELIVERY
src/inresearch/workflow/deep_read.py,DeepRead.status,296,tests/unit/test_interface_system.py,52,response.status,statically observable name/attribute; receiver review in DELIVERY
src/inresearch/workflow/deep_read.py,DeepRead.status,296,tests/unit/test_m4_triage_extract.py,337,self.status,statically observable name/attribute; receiver review in DELIVERY
src/inresearch/workflow/deep_read.py,DeepRead.status,296,tests/unit/test_m4_triage_extract.py,347,self.status,statically observable name/attribute; receiver review in DELIVERY
src/inresearch/workflow/deep_read.py,DeepRead.status,296,tests/unit/test_m4_triage_extract.py,354,self.status,statically observable name/attribute; receiver review in DELIVERY
src/inresearch/workflow/deep_read.py,DeepRead.status,296,tests/unit/test_reading_results.py,90,self.app.status,statically observable name/attribute; receiver review in DELIVERY
src/inresearch/workflow/deep_read.py,DeepRead.status,296,tests/unit/test_reading_results.py,91,self.app.status,statically observable name/attribute; receiver review in DELIVERY
src/inresearch/workflow/deep_read.py,DeepRead.status,296,tests/unit/test_reading_results.py,102,self.app.status,statically observable name/attribute; receiver review in DELIVERY
src/inresearch/workflow/deep_read.py,DeepRead.status,296,tests/unit/test_reading_results.py,111,self.app.status,statically observable name/attribute; receiver review in DELIVERY
src/inresearch/workflow/deep_read.py,DeepRead.status,296,tests/unit/test_reading_results.py,119,service.status,statically observable name/attribute; receiver review in DELIVERY
src/inresearch/workflow/deep_read.py,DeepRead.status,296,tests/unit/test_reading_results.py,144,self.results.status,statically observable name/attribute; receiver review in DELIVERY
src/inresearch/workflow/deep_read.py,DeepRead.status,296,tests/unit/test_research.py,362,response.status,statically observable name/attribute; receiver review in DELIVERY
src/inresearch/workflow/deep_read.py,DeepRead.twin_documents,80,src/inresearch/workflow/deep_read.py,300,self.twin_documents,statically observable name/attribute; receiver review in DELIVERY
src/inresearch/workflow/deep_read.py,now,28,src/inresearch/adapters/acquisition.py,53,datetime.now,statically observable name/attribute; receiver review in DELIVERY
src/inresearch/workflow/deep_read.py,now,28,src/inresearch/adapters/acquisition.py,73,now,statically observable name/attribute; receiver review in DELIVERY
src/inresearch/workflow/deep_read.py,now,28,src/inresearch/adapters/acquisition.py,92,now,statically observable name/attribute; receiver review in DELIVERY
src/inresearch/workflow/deep_read.py,now,28,src/inresearch/adapters/acquisition.py,93,now,statically observable name/attribute; receiver review in DELIVERY
src/inresearch/workflow/deep_read.py,now,28,src/inresearch/adapters/acquisition.py,96,now,statically observable name/attribute; receiver review in DELIVERY
src/inresearch/workflow/deep_read.py,now,28,src/inresearch/adapters/acquisition.py,101,now,statically observable name/attribute; receiver review in DELIVERY
src/inresearch/workflow/deep_read.py,now,28,src/inresearch/adapters/acquisition.py,103,now,statically observable name/attribute; receiver review in DELIVERY
src/inresearch/workflow/deep_read.py,now,28,src/inresearch/adapters/acquisition.py,127,now,statically observable name/attribute; receiver review in DELIVERY
src/inresearch/workflow/deep_read.py,now,28,src/inresearch/adapters/acquisition.py,215,now,statically observable name/attribute; receiver review in DELIVERY
src/inresearch/workflow/deep_read.py,now,28,src/inresearch/adapters/historical_brief.py,156,datetime.now,statically observable name/attribute; receiver review in DELIVERY
src/inresearch/workflow/deep_read.py,now,28,src/inresearch/adapters/news_sync.py,94,now,statically observable name/attribute; receiver review in DELIVERY
src/inresearch/workflow/deep_read.py,now,28,src/inresearch/interfaces/deep_read.py,57,now,statically observable name/attribute; receiver review in DELIVERY
src/inresearch/workflow/deep_read.py,now,28,src/inresearch/interfaces/http.py,59,datetime.now,statically observable name/attribute; receiver review in DELIVERY
src/inresearch/workflow/deep_read.py,now,28,src/inresearch/interfaces/http.py,279,datetime.now,statically observable name/attribute; receiver review in DELIVERY
src/inresearch/workflow/deep_read.py,now,28,src/inresearch/knowledge/registry.py,244,datetime.now,statically observable name/attribute; receiver review in DELIVERY
src/inresearch/workflow/deep_read.py,now,28,src/inresearch/knowledge/registry.py,275,datetime.now,statically observable name/attribute; receiver review in DELIVERY
src/inresearch/workflow/deep_read.py,now,28,src/inresearch/knowledge/registry.py,507,datetime.now,statically observable name/attribute; receiver review in DELIVERY
src/inresearch/workflow/deep_read.py,now,28,src/inresearch/materials/artifacts.py,10,datetime.now,statically observable name/attribute; receiver review in DELIVERY
src/inresearch/workflow/deep_read.py,now,28,src/inresearch/materials/mapping.py,77,now,statically observable name/attribute; receiver review in DELIVERY
src/inresearch/workflow/deep_read.py,now,28,src/inresearch/materials/mapping.py,196,now,statically observable name/attribute; receiver review in DELIVERY
src/inresearch/workflow/deep_read.py,now,28,src/inresearch/materials/organize.py,186,now,statically observable name/attribute; receiver review in DELIVERY
src/inresearch/workflow/deep_read.py,now,28,src/inresearch/materials/organize.py,240,now,statically observable name/attribute; receiver review in DELIVERY
src/inresearch/workflow/deep_read.py,now,28,src/inresearch/materials/preflight.py,78,datetime.now,statically observable name/attribute; receiver review in DELIVERY
src/inresearch/workflow/deep_read.py,now,28,src/inresearch/workflow/deep_read.py,90,now,statically observable name/attribute; receiver review in DELIVERY
src/inresearch/workflow/deep_read.py,now,28,src/inresearch/workflow/deep_read.py,208,now,statically observable name/attribute; receiver review in DELIVERY
src/inresearch/workflow/deep_read.py,now,28,src/inresearch/workflow/deep_read.py,237,now,statically observable name/attribute; receiver review in DELIVERY
src/inresearch/workflow/deep_read.py,now,28,src/inresearch/workflow/deep_read.py,254,now,statically observable name/attribute; receiver review in DELIVERY
src/inresearch/workflow/deep_read.py,now,28,src/inresearch/workflow/deep_read.py,263,now,statically observable name/attribute; receiver review in DELIVERY
src/inresearch/workflow/deep_read.py,now,28,src/inresearch/workflow/deep_read.py,292,now,statically observable name/attribute; receiver review in DELIVERY
src/inresearch/workflow/deep_read.py,now,28,src/inresearch/workflow/submissions.py,436,datetime.now,statically observable name/attribute; receiver review in DELIVERY
src/inresearch/workflow/deep_read.py,now,28,src/inresearch/workflow/terminal_batch.py,251,now,statically observable name/attribute; receiver review in DELIVERY
src/inresearch/workflow/deep_read.py,now,28,tests/unit/test_intake.py,88,clock.now,statically observable name/attribute; receiver review in DELIVERY
src/inresearch/workflow/deep_read.py,now,28,tests/unit/test_news_projection.py,45,acquisition.now,statically observable name/attribute; receiver review in DELIVERY
src/inresearch/workflow/deep_read.py,now,28,tests/unit/test_research.py,85,datetime.now,statically observable name/attribute; receiver review in DELIVERY
src/inresearch/workflow/deep_read.py,now,28,tests/unit/test_research.py,325,datetime.now,statically observable name/attribute; receiver review in DELIVERY
src/inresearch/workflow/reading_results.py,ReadingResults,13,src/inresearch/interfaces/reader.py,59,ReadingResults,statically observable name/attribute; receiver review in DELIVERY
src/inresearch/workflow/reading_results.py,ReadingResults,13,src/inresearch/workflow/deep_read.py,45,ReadingResults,statically observable name/attribute; receiver review in DELIVERY
src/inresearch/workflow/reading_results.py,ReadingResults,13,tests/unit/test_reading_results.py,100,ReadingResults,statically observable name/attribute; receiver review in DELIVERY
src/inresearch/workflow/reading_results.py,ReadingResults,13,tests/unit/test_reading_results.py,116,ReadingResults,statically observable name/attribute; receiver review in DELIVERY
src/inresearch/workflow/reading_results.py,ReadingResults,13,tests/unit/test_reading_results.py,124,ReadingResults,statically observable name/attribute; receiver review in DELIVERY
src/inresearch/workflow/reading_results.py,ReadingResults,13,tests/unit/test_reading_results.py,125,ReadingResults,statically observable name/attribute; receiver review in DELIVERY
src/inresearch/workflow/reading_results.py,ReadingResults.current,34,src/inresearch/interfaces/deep_read.py,177,app.current,statically observable name/attribute; receiver review in DELIVERY
src/inresearch/workflow/reading_results.py,ReadingResults.current,34,src/inresearch/interfaces/reader.py,59,ReadingResults(args.data_root).current,statically observable name/attribute; receiver review in DELIVERY
src/inresearch/workflow/reading_results.py,ReadingResults.current,34,src/inresearch/workflow/deep_read.py,99,self.readings.current,statically observable name/attribute; receiver review in DELIVERY
src/inresearch/workflow/reading_results.py,ReadingResults.current,34,src/inresearch/workflow/deep_read.py,125,self.readings.current,statically observable name/attribute; receiver review in DELIVERY
src/inresearch/workflow/reading_results.py,ReadingResults.current,34,src/inresearch/workflow/reading_gaps.py,17,self.current,statically observable name/attribute; receiver review in DELIVERY
src/inresearch/workflow/reading_results.py,ReadingResults.current,34,src/inresearch/workflow/reading_gaps.py,31,self.current,statically observable name/attribute; receiver review in DELIVERY
src/inresearch/workflow/reading_results.py,ReadingResults.current,34,src/inresearch/workflow/reading_gaps.py,48,self.current,statically observable name/attribute; receiver review in DELIVERY
src/inresearch/workflow/reading_results.py,ReadingResults.current,34,tests/unit/test_deep_read_transactions.py,168,self.app.gaps.current,statically observable name/attribute; receiver review in DELIVERY
src/inresearch/workflow/reading_results.py,ReadingResults.current,34,tests/unit/test_deep_read_transactions.py,203,self.app.gaps.current,statically observable name/attribute; receiver review in DELIVERY
src/inresearch/workflow/reading_results.py,ReadingResults.current,34,tests/unit/test_reading_results.py,106,self.app.current,statically observable name/attribute; receiver review in DELIVERY
src/inresearch/workflow/reading_results.py,ReadingResults.current,34,tests/unit/test_reading_results.py,118,service.current,statically observable name/attribute; receiver review in DELIVERY
src/inresearch/workflow/reading_results.py,ReadingResults.current,34,tests/unit/test_reading_results.py,124,ReadingResults().current,statically observable name/attribute; receiver review in DELIVERY
src/inresearch/workflow/reading_results.py,ReadingResults.current,34,tests/unit/test_reading_results.py,125,ReadingResults(self.f.base / 'different').current,statically observable name/attribute; receiver review in DELIVERY
src/inresearch/workflow/reading_results.py,ReadingResults.current,34,tests/unit/test_reading_results.py,126,self.results.current,statically observable name/attribute; receiver review in DELIVERY
src/inresearch/workflow/reading_results.py,ReadingResults.current,34,tests/unit/test_reading_results.py,128,self.results.current,statically observable name/attribute; receiver review in DELIVERY
src/inresearch/workflow/reading_results.py,ReadingResults.current,34,tests/unit/test_reading_results.py,132,self.results.current,statically observable name/attribute; receiver review in DELIVERY
src/inresearch/workflow/reading_results.py,ReadingResults.current,34,tests/unit/test_reading_results.py,142,self.results.current,statically observable name/attribute; receiver review in DELIVERY
src/inresearch/workflow/reading_results.py,ReadingResults.current,34,tests/unit/test_reading_results.py,153,self.results.current,statically observable name/attribute; receiver review in DELIVERY
src/inresearch/workflow/reading_results.py,ReadingResults.current,34,tests/unit/test_reading_results.py,181,self.results.current,statically observable name/attribute; receiver review in DELIVERY
src/inresearch/workflow/reading_results.py,ReadingResults.current,34,tests/unit/test_reading_results.py,183,self.results.current,statically observable name/attribute; receiver review in DELIVERY
src/inresearch/workflow/reading_results.py,ReadingResults.current,34,tests/unit/test_reading_results.py,189,self.results.current,statically observable name/attribute; receiver review in DELIVERY
src/inresearch/workflow/reading_results.py,ReadingResults.current,34,tests/unit/test_reading_results.py,204,self.results.current,statically observable name/attribute; receiver review in DELIVERY
src/inresearch/workflow/reading_results.py,ReadingResults.current,34,tests/unit/test_reading_results.py,207,self.app.current,statically observable name/attribute; receiver review in DELIVERY
src/inresearch/workflow/reading_results.py,ReadingResults.current,34,tests/unit/test_reading_results.py,209,self.app.current,statically observable name/attribute; receiver review in DELIVERY
src/inresearch/workflow/reading_results.py,ReadingResults.current,34,tests/unit/test_reading_results.py,229,self.app.current,statically observable name/attribute; receiver review in DELIVERY
src/inresearch/workflow/reading_results.py,ReadingResults.status,63,src/inresearch/adapters/news_sync.py,73,response.status,statically observable name/attribute; receiver review in DELIVERY
src/inresearch/workflow/reading_results.py,ReadingResults.status,63,src/inresearch/interfaces/deep_read.py,81,app.status,statically observable name/attribute; receiver review in DELIVERY
src/inresearch/workflow/reading_results.py,ReadingResults.status,63,src/inresearch/interfaces/http.py,371,e.status,statically observable name/attribute; receiver review in DELIVERY
src/inresearch/workflow/reading_results.py,ReadingResults.status,63,src/inresearch/interfaces/http.py,454,exc.status,statically observable name/attribute; receiver review in DELIVERY
src/inresearch/workflow/reading_results.py,ReadingResults.status,63,src/inresearch/interfaces/http.py,465,exc.status,statically observable name/attribute; receiver review in DELIVERY
src/inresearch/workflow/reading_results.py,ReadingResults.status,63,src/inresearch/workflow/commands.py,21,self.status,statically observable name/attribute; receiver review in DELIVERY
src/inresearch/workflow/reading_results.py,ReadingResults.status,63,src/inresearch/workflow/deep_read.py,299,self.readings.status,statically observable name/attribute; receiver review in DELIVERY
src/inresearch/workflow/reading_results.py,ReadingResults.status,63,src/inresearch/workflow/reader.py,77,self.status,statically observable name/attribute; receiver review in DELIVERY
src/inresearch/workflow/reading_results.py,ReadingResults.status,63,src/inresearch/workflow/reader.py,81,self.status,statically observable name/attribute; receiver review in DELIVERY
src/inresearch/workflow/reading_results.py,ReadingResults.status,63,src/inresearch/workflow/reader.py,523,self.status,statically observable name/attribute; receiver review in DELIVERY
src/inresearch/workflow/reading_results.py,ReadingResults.status,63,tests/unit/test_commands.py,40,error.exception.status,statically observable name/attribute; receiver review in DELIVERY
src/inresearch/workflow/reading_results.py,ReadingResults.status,63,tests/unit/test_commands.py,76,error.exception.status,statically observable name/attribute; receiver review in DELIVERY
src/inresearch/workflow/reading_results.py,ReadingResults.status,63,tests/unit/test_continuous_reader.py,181,self.reader.status,statically observable name/attribute; receiver review in DELIVERY
src/inresearch/workflow/reading_results.py,ReadingResults.status,63,tests/unit/test_continuous_reader.py,182,self.reader.status,statically observable name/attribute; receiver review in DELIVERY
src/inresearch/workflow/reading_results.py,ReadingResults.status,63,tests/unit/test_continuous_reader.py,195,self.reader.status,statically observable name/attribute; receiver review in DELIVERY
src/inresearch/workflow/reading_results.py,ReadingResults.status,63,tests/unit/test_continuous_reader.py,201,self.reader.status,statically observable name/attribute; receiver review in DELIVERY
src/inresearch/workflow/reading_results.py,ReadingResults.status,63,tests/unit/test_continuous_reader.py,263,self.reader.status,statically observable name/attribute; receiver review in DELIVERY
src/inresearch/workflow/reading_results.py,ReadingResults.status,63,tests/unit/test_continuous_reader.py,503,self.reader.status,statically observable name/attribute; receiver review in DELIVERY
src/inresearch/workflow/reading_results.py,ReadingResults.status,63,tests/unit/test_continuous_reader.py,530,self.reader.status,statically observable name/attribute; receiver review in DELIVERY
src/inresearch/workflow/reading_results.py,ReadingResults.status,63,tests/unit/test_continuous_reader.py,531,self.reader.status,statically observable name/attribute; receiver review in DELIVERY
src/inresearch/workflow/reading_results.py,ReadingResults.status,63,tests/unit/test_continuous_reader.py,568,restored.status,statically observable name/attribute; receiver review in DELIVERY
src/inresearch/workflow/reading_results.py,ReadingResults.status,63,tests/unit/test_continuous_reader.py,569,restored.status,statically observable name/attribute; receiver review in DELIVERY
src/inresearch/workflow/reading_results.py,ReadingResults.status,63,tests/unit/test_deep_read_transactions.py,351,self.app.status,statically observable name/attribute; receiver review in DELIVERY
src/inresearch/workflow/reading_results.py,ReadingResults.status,63,tests/unit/test_deep_read_transactions.py,352,self.app.status,statically observable name/attribute; receiver review in DELIVERY
src/inresearch/workflow/reading_results.py,ReadingResults.status,63,tests/unit/test_http_workflow.py,45,response.status,statically observable name/attribute; receiver review in DELIVERY
src/inresearch/workflow/reading_results.py,ReadingResults.status,63,tests/unit/test_interface_system.py,52,response.status,statically observable name/attribute; receiver review in DELIVERY
src/inresearch/workflow/reading_results.py,ReadingResults.status,63,tests/unit/test_m4_triage_extract.py,337,self.status,statically observable name/attribute; receiver review in DELIVERY
src/inresearch/workflow/reading_results.py,ReadingResults.status,63,tests/unit/test_m4_triage_extract.py,347,self.status,statically observable name/attribute; receiver review in DELIVERY
src/inresearch/workflow/reading_results.py,ReadingResults.status,63,tests/unit/test_m4_triage_extract.py,354,self.status,statically observable name/attribute; receiver review in DELIVERY
src/inresearch/workflow/reading_results.py,ReadingResults.status,63,tests/unit/test_reading_results.py,90,self.app.status,statically observable name/attribute; receiver review in DELIVERY
src/inresearch/workflow/reading_results.py,ReadingResults.status,63,tests/unit/test_reading_results.py,91,self.app.status,statically observable name/attribute; receiver review in DELIVERY
src/inresearch/workflow/reading_results.py,ReadingResults.status,63,tests/unit/test_reading_results.py,102,self.app.status,statically observable name/attribute; receiver review in DELIVERY
src/inresearch/workflow/reading_results.py,ReadingResults.status,63,tests/unit/test_reading_results.py,111,self.app.status,statically observable name/attribute; receiver review in DELIVERY
src/inresearch/workflow/reading_results.py,ReadingResults.status,63,tests/unit/test_reading_results.py,119,service.status,statically observable name/attribute; receiver review in DELIVERY
src/inresearch/workflow/reading_results.py,ReadingResults.status,63,tests/unit/test_reading_results.py,144,self.results.status,statically observable name/attribute; receiver review in DELIVERY
src/inresearch/workflow/reading_results.py,ReadingResults.status,63,tests/unit/test_research.py,362,response.status,statically observable name/attribute; receiver review in DELIVERY
src/inresearch/workflow/reading_stages.py,ReadingStages,10,src/inresearch/workflow/reader.py,59,ReadingStages,statically observable name/attribute; receiver review in DELIVERY
